Profile Name,Profile URL,Personal details,Details,Education,Work
Waqar Khan ,https://www.facebook.com/waqar.khan.798,"Lives in Faisalabad, From Faisalabad, Married to
Guria Khan
Since 11 February 2017",,,Facebook
Mian Faisal Shehzada ,https://www.facebook.com/mian.faisal.shehzada,"Lives in Lahore, Pakistan, From Faisalabad",,,
Azeem Anwar ,https://www.facebook.com/azeem.qadri.9250,"Lives in Faisalabad, 21 July 1982",,"Govt. M.C. High School, G.M Abad, Faisalabad",
Rao Shahid ,https://www.facebook.com/rao.shahid.893420,"7 January 1974, Male",,National Textile University,
خرم بلال ,https://www.facebook.com/khurram.balalolakh,Male,,,
Imran Alvi ,https://www.facebook.com/imran.alvi.736638,"Lives in Faisalabad, From Faisalabad, Family
3 family members",,,PML(N)
Chaudhary Faizan Bajwa ,https://www.facebook.com/profile.php?id=100089230897628,"Lives in Faisalabad, From Faisalabad",,,"International business
29 Nov 2023-present
 
 · 2 years, 9 months"
Hamza Tariq ,https://www.facebook.com/hamza.tariq.33,Male,,,"Garda, Veneto
19 Nov 2018 - Present
 
 · 7 years, 10 months"
Mian Sami ,https://www.facebook.com/mian.sami.37819,"Lives in Faislbach, Bayern, Germany",,,
Adv Zubair Ahmad Tung ,https://www.facebook.com/zubair.tung,"Lives in Faisalabad, From Faisalabad, 22 April",,,"no need of work
1st"
Meer Khan ,https://www.facebook.com/profile.php?id=61555430070538,"Lives in Mian Channun, From Mian Channun, It's complicated",,,"Customer Service Assistant
Manager
8 Jan 2024 - Present
 
 · 2 years, 8 months"
Waqas Jutt ,https://www.facebook.com/waqas.ali.797749,"Lives in Jeddah, Saudi Arabia, From Jubail, Saudi Arabia",,,
M Adrees Malik ,https://www.facebook.com/muhmmad.adrees.988,Male,,,
Hafiz Amjad Updates ,https://www.facebook.com/hafiz.amjad.56,"Lives in Faisalabad, From Faisalabad, Married
Since 6 February 2004",,"International Islamic University, Islamabad (IIUI)",
Haji Muhammad Bilal ,https://www.facebook.com/muhammad.bilal.454521,"Lives in Faisalabad, From Faisalabad, Male",,GC University Faisalabad,
Rana Zeeshan Rajpoot ,https://www.facebook.com/ranazeeshan.rajpoot.528,"Lives in Faisalabad, From Faisalabad, Single",,,Studying
Noman Yousaf ,https://www.facebook.com/noman.yousaf.18400,"Lives in Faisalabad, From Jhumra, Punjab, Pakistan",,,
Munna Bhai ,https://www.facebook.com/munna.bhai.219133,,,,
Amir Ali ,https://www.facebook.com/amir.ali.671880,,,,
Qamar Zaman ,https://www.facebook.com/Arynewsfsd,"Lives in Faisalabad, From Faisalabad, 3 February, Married, Male, Punjabi language, Persian language, English language and Urdu",,,"ARY News
Member ARY News Family
Apr 2011 - Present
 
 · 15 years, 4 months"
Mian Usman Majeed ,https://www.facebook.com/mian.usman.majeed.2025,"Lives in Faisalabad, From Faisalabad, Married",,,
Dr-Khurshid Azam ,https://www.facebook.com/khurshid.azam.92,"Lives in Faisalabad, From Faisalabad, Married",,,"Govt. College People Colony # 2 Satiana Road Faisalabad
Assistant Professor Mathematics
21 May 2020 - Present
 
 · 6 years, 4 months"
Asif Khan ,https://www.facebook.com/asif.khan.418340,"Lives in Faisalabad, From Faisalabad, Male",,,
Kazim Ali Mughal ,https://www.facebook.com/profile.php?id=100083897627380,"Lives in Jhang Sadar, Punjab, Pakistan, 1 January 1990",,,"Carpenter/Labor
22 Sep 2023-present
 
 · 3 years"
Hamza Warraich ,https://www.facebook.com/hamzawarraich20,"Lives in Faisalabad, From Faisalabad",,,"Dubai, United Arab Emirates"
Musa Jan ,https://www.facebook.com/profile.php?id=61554983122452,,,,
Umar Jutt Jutt ,https://www.facebook.com/umar.jutt.jutt.294629,"Lives in Faisalabad, Separated",,,"HVAC/R Service Technician (Heating, Ventilation, and Air Conditioning/Refrigeration Service Technician)
7 Jul 2023-present
 
 · 3 years, 2 months"
Muhmmad Qamar ,https://www.facebook.com/muhmmad.qamar.614310,"Lives in Lahore, Pakistan",,,"Gharana Orphanage
Volunteer
26 Feb 2024 - Present
 
 · 2 years, 7 months"
Afzaal Akram ,https://www.facebook.com/AfzaalAkram121,"Lives in Lahore, Pakistan, From Lahore, Pakistan, Male",,,
Kashif Butt ,https://www.facebook.com/kashif.butt.32975,,,,
Ali Malik Raza ,https://www.facebook.com/profile.php?id=100070945554414,"Lives in Islamabad, Pakistan, From Islamabad, Pakistan",,,
Zeeshan Mughal ,https://www.facebook.com/profile.php?id=61555058980662,,,,
Rana Umer ,https://www.facebook.com/umer.rana.121,"Lives in Faisalabad, From Faisalabad",,,"Faisalabad
8 Jun 2019 - Present
 
 · 7 years, 3 months"
Suleman School Furniture Fsd ,https://www.facebook.com/suleman.s.690599,"Lives in Faisalabad, Single",,,
Shan Khan ,https://www.facebook.com/shan.khan.765312,In a civil partnership,,,Karachi Kings
Sajid Bloch ,https://www.facebook.com/profile.php?id=61555473758556,"Lives in Lahore, Pakistan, From Chiniot, Married",,,"Lahore High Court Bar Association, Lahore
31 Jan 2024 - Present
 
 · 2 years, 7 months"
Yousuf Bhatti Bhatti ,https://www.facebook.com/yousuf.bhatti.bhatti.2025,Male,,,govt job
Naeem Jutt ,https://www.facebook.com/naeem.jutt.73523,,,,
Crunchi Dera ,https://www.facebook.com/crunchidera,Lives in Pindi Bhattian,,,
Fahim No Aftab ,https://www.facebook.com/fahim.aftab.5011,"Lives in Faisalabad, From Shah Faisalabad, Punjab, Pakistan",,,Embroidery designer
Hadi GB ,https://www.facebook.com/hadi.gb.2025,"Lives in Gilgit, Pakistan, From Gilgit, Pakistan, Married",,,"FACEBOOK VIP account⇨♡♥♡♥♡♥♡♥⇨▒▓▒▓▒▓▒▓▒▓▒▓▒▓▒ Loading→ 100% ☆☆☆☆☆☆→I.Love Music♪♩♬♬♬♬♪♪♪♪♪♪♩♪⇨WelCome Friends☆☆☆☆Love♡You♡Studied atM.S. University
26 Aug 2021-present
 
 · 5 years, 1 month"
Sarfraz Anasr ,https://www.facebook.com/profile.php?id=100091835562191,,,,
Lala Billu ,https://www.facebook.com/lala.billu.7,Male,,,
Majhid Ali ,https://www.facebook.com/majhid.ali.337375,,,,
Arslan Fsd ,https://www.facebook.com/arslanfsd.fsd,,,,
کامران نزیر ,https://www.facebook.com/profile.php?id=61554843570314,Lives in Faisalabad,,,
Rana Adeel Adeel ,https://www.facebook.com/rana.adeel.adeel.574728,,,,
Buta Joyia ,https://www.facebook.com/profile.php?id=61555218553834,"Lives in Lahore, Pakistan",,,"Apni Zameen
16 Jan 2024-present
 
 · 2 years, 8 months"
Asim Ali ,https://www.facebook.com/profile.php?id=61554804140172,,,,
Malik Sajjad ,https://www.facebook.com/profile.php?id=100041245842227,,,,
Syed Farhad ,https://www.facebook.com/HADER.3781995,"Lives in Lahore, Pakistan, From Lahore, Pakistan",,"GOVT.Degree college for boys Narang
School year 2026",
Asim Hussain ,https://www.facebook.com/profile.php?id=61554622484220,,,,
Muhammad Basharat ,https://www.facebook.com/muhammad.basharat.321982,,,,
DrMuhammad Ashfaq Ullah ,https://www.facebook.com/DrMuhammadashfaqullahhomoeo,,,,
Arifkhan Arifkhan ,https://www.facebook.com/arifkhan.arifkhan.857591,"Lives in Muzaffargarh, From Muzaffargarh, Male",,,
राजू सिरोता कश्यप ,https://www.facebook.com/sirotaa99,1998,,,
Farhan Rased ,https://www.facebook.com/farhan.rased.2025,"Lives in Panchagarh, Rājshāhi, Bangladesh, From Panchagarh, Rājshāhi, Bangladesh, 19 May 2000",,,"Dubai.United.Arab.Amirates
21 Jan 2023 - Present
 
 · 3 years, 8 months"
Jakeer Khan ,https://www.facebook.com/jakeer.khan.85598,,,,
Reyes Babab Khan ,https://www.facebook.com/reyes.khan.483028,"Lives in Kuala Lumpur, Malaysia, 1 June",,,
Abdul Subhan ,https://www.facebook.com/profile.php?id=61554842425285,,,,
Hassan Hassan ,https://www.facebook.com/profile.php?id=61555311826690,,,,
Md Munna ,https://www.facebook.com/md.munna.721546,Lives in Khulna,,"সরকারি বঙ্গবন্ধু কলেজ, গোপালগঞ্জ।",
R Krishna ,https://www.facebook.com/krishna.swami.5437923,"Lives in Alwar City, Rajasthan, India, From Tatarpur, Rajasthan, India, Male",,,"Alwar City, Rajasthan, India
29 Jan 2024 - Present
 
 · 2 years, 7 months"
Khalid Ch Khalid Ch ,https://www.facebook.com/khalidch.khalidch.33,"Lives in Lahore, Pakistan",,,
Basavaraj Gadda ,https://www.facebook.com/profile.php?id=100090364584784,,,,
Sher Ali ,https://www.facebook.com/sher.ali.33756,,,,
Mustafa Maan ,https://www.facebook.com/mustafa.maan.18,"Lives in Faisalabad, From Faisalabad",,,Self-employed
Sandeepmaurya Marisa G Maurya ,https://www.facebook.com/sandeepmauryamarisag.maurya,"Lives in Gorakhpur, From Gorakhpur, 26 January 1997",,,
Dileep Pal ,https://www.facebook.com/profile.php?id=61555810648732,,,,
Innocent P. Mafafo ,https://www.facebook.com/profile.php?id=100081062724557,,,,
Dorine Adhis ,https://www.facebook.com/profile.php?id=61551257362984,"Lives in Nairobi, Kenya, From Busia, Kenya",,Buhuyi mixed secondary school,
Malik Jaffar ,https://www.facebook.com/malik.jaffar.701922,2 May 1988,,,
Rana Basharat Ali ,https://www.facebook.com/profile.php?id=100080371293619,"Lives in Faisalabad, From Faisalabad, Married",,,"‎پرسنل سیکرٹری راجہ ریاض احمد ایم این اے این اے 110‎
پرسنل سیکرٹری ایم این اے راجہ ریاض احمد خان
8 Apr 2000 - Present
 
 · 26 years, 5 months"
Bilal Hadi ,https://www.facebook.com/bilal.hadi.3367,"Lives in Faisalabad, From Faisalabad, Married",,,
Jamshed Muhammad ,https://www.facebook.com/zain.jamshaid.359,"Lives in Faisalabad, From Faisalabad",,University of Agriculture Faisalabad - Official,
Islamudin Malik ,https://www.facebook.com/profile.php?id=61551863249820,,,,
Basharat Ali Bhatti ,https://www.facebook.com/basharat.ali.bhatti.249683,Male,,,
Mehar Asim Shoukat ,https://www.facebook.com/mehar.asim.39948,"Lives in Faisalabad, 6 January 2000, Male",,,
Ch Tayyab Oulkh ,https://www.facebook.com/profile.php?id=61585904305091,,,,
Zeeshan Mustafa ,https://www.facebook.com/zzeshani,"Lives in Faisalabad, From Islamabad",,,
Zahid Majeed ,https://www.facebook.com/zahid.majeed.685901,"Lives in Faisalabad, From Faisalabad, Married",,,Faisalabad Fan Club
Malik Adnan ,https://www.facebook.com/malik.adnan.576974,"Lives in Faisalabad, Married",,,"Political Worker Pmln
26 Nov 2022 - Present
 
 · 3 years, 10 months"
Kamran Amir ,https://www.facebook.com/kamran.amir.1029,"Lives in Faisalabad, 8 August 1996, Male",,MILAT ISLAMIA HIGH SCHOOL,
Rana Imtiaz ,https://www.facebook.com/rana.imtiaz.467652,,,,
Ch Zafar Sandhu  (Pmln),https://www.facebook.com/chzafar.sandhu.5,"Lives in Faisalabad, From Faisalabad",,,"Mehar Estate Developers
Real Estate Advisor and Investor and developers
2011 - Present
 
 · 15 years, 8 months"
Rai Aoud Hussain ,https://www.facebook.com/rai.aoud.hussain,"Lives in Faisalabad, From Faisalabad",,,"Student
10 Jul 2023-present
 
 · 3 years, 2 months"
Rana Zaheer B Bashir ,https://www.facebook.com/rana.zaheer.b.bashir,"Lives in Faisalabad, From Faisalabad",,,FESCO WAPDA
Mian Sajid Rehman ,https://www.facebook.com/miansajid.rehman.37,"Lives in Faisalabad, From Faisalabad",,,"Businessman
21 Oct 2017 - Present
 
 · 8 years, 11 months"
Zubair Iqbal Cheema ,https://www.facebook.com/zubari.iqbal.94,"Lives in Faisalabad, From Faisalabad, 18 March 1983",,Punjab Group Of Colleges,
Baqir Dogar ,https://www.facebook.com/shaukatdogar82,"Lives in Faisalabad, Single, Male",,,Self-employed
Arif Majeed ,https://www.facebook.com/arif.majeed.90813,"Lives in Faisalabad, From Faisalabad",,,"Faislabad
3 Apr 2021 - Present
 
 · 5 years, 5 months"
Tayyab Bilal ,https://www.facebook.com/profile.php?id=100089061315879,"Lives in Faisalabad, From Faisalabad, 3 August 2005",,,"‎Yarn Market FSD - سوتر منڈی‎
30 Jan 2025 - Present
 
 · 1 year, 7 months"
Usama Rajpoot ,https://www.facebook.com/usama.rajpoot.829874,Lives in Faisalabad,,,
Bali Jutt ,https://www.facebook.com/bali.jutt.403023,,,,
Arif Sohail ,https://www.facebook.com/arif.sohail.50,"Lives in Faisalabad, From Faisalabad, Male",,,P.A to ch Faqir Hussain Dogar MPA Pp-116 Faisalabad
Ahtisham Gujjar ,https://www.facebook.com/raees.zada.568,"Lives in Faisalabad, From Faisalabad, Male",,,Studying
Ali Raza ,https://www.facebook.com/dogaraliraza,"Lives in Faisalabad, From Faisalabad, Single, Male",,GC University Faisalabad,
Imran Sohail ,https://www.facebook.com/sahall.jan,"Lives in Faisalabad, From Faisalabad, 9 June 1987",,,"playwood factory
31 Oct 2010 - Present
 
 · 15 years, 10 months"
Mian Sultan ,https://www.facebook.com/profile.php?id=100067354956717,"Lives in Faisalabad, From Faisalabad, Married
Since 21 December 2003",,"Hahnemann Homoeopathic Medical College Faisalabad
School year 1999",
Rayyan Ansari  (rizwanansari),https://www.facebook.com/rayyan.sandhu.90,"Lives in Faisalabad, 23 August 2005, Single",,Allied Schools,
Mian Ghulam Murtaza ,https://www.facebook.com/profile.php?id=100092211900906,"Lives in London, United Kingdom, From Faisalabad, Married",,,
Rana Hussnain Shabbir Manj ,https://www.facebook.com/rana.hussnainmanj.52,"Lives in Shah Faisalabad, Punjab, Pakistan, From Shah Faisalabad, Punjab, Pakistan, 24 November",,,"Politician
24 Aug 2019 - Present
 
 · 7 years, 1 month"
Rana Abbas Shabbir Manj ,https://www.facebook.com/ranaabbas.manj.54,"Lives in Faisalabad, From Sidhupura, Punjab, Pakistan, 7 September 2000",,,"Attorney at Law
Advocate
12 Sep 2021 - Present
 
 · 5 years"
Asif Kamboh Adv ,https://www.facebook.com/asif.kamboh.18,"Lives in Shah Faisalabad, Punjab, Pakistan, From Faisalabad, 17 August, Male",,"Bahauddin Zakariya University Multan
On 16 August 2016",
Chaudhary Shahbaz Kamboh ,https://www.facebook.com/chaudhary.shahbaz.kamboh.2025,"Lives in Faisalabad, From Noorpur, Punjab",,Punjab Group Of Colleges,
Raza Ansari ,https://www.facebook.com/billo.butt.165,"1 May 1992, Male",,,
محمد اویس انصاری ,https://www.facebook.com/mhmd.awys.ansary.508053,"Lives in Faisalabad, From Faisalabad, 6 March 2001",,,"My Own Business Institute
9 Jun 2019 - Present
 
 · 7 years, 3 months"
Haji Hidayat Ali Ansari  (Chairman CC-Islamnagar),https://www.facebook.com/hidayat.alipmln,"Lives in Faisalabad, From Faisalabad, 14 June 1986",,,Ansari traders
Mian Mudassar ,https://www.facebook.com/mian.mudassar.648935,"Lives in Faisalabad, From Faisalabad, 20 December 1986",,,‎سوشل میڈیاء ممبر پاکستان مسلم لیگ ن فیصل آباد‎
گڈو بٹ ,https://www.facebook.com/tanveer.butt.54584,3 October 1998,,,
Ch Ali Ashan Sandhu  (Ch Ali Ashan Sandhu),https://www.facebook.com/ali.ashansandhu.12,"Lives in Faisalabad, From Faisalabad, 26 February 2000",,,"Sundar Properties
Owner and Founder"
Mansab Choudhary  (president),https://www.facebook.com/mansab.choudhary,"Lives in Faisalabad, From Faisalabad, Single",,,
Tariq Aziz ,https://www.facebook.com/profile.php?id=100011989965633,"Lives in Faisalabad, From Faisalabad, Married
Since 1999, Male",,,"Self-employed
Owner
1994 - Present
 
 · 32 years, 8 months"
Muhammad Sohaib ,https://www.facebook.com/muhammad.sohaib.9096,"Lives in Faisalabad, From Faisalabad, Male",,,
Imran Awan Journalist Fsd ,https://www.facebook.com/profile.php?id=100071267591108,,,,"Faisalabad
11 Aug 2023 - Present
 
 · 3 years, 1 month"
فخرفیصل آباد چوہدری پرویزکموکا ,https://www.facebook.com/profile.php?id=61550263575055,,,,
Muhammad Qasim ,https://www.facebook.com/muhammad.qasim.939111,"Lives in Jauharabad, From Faisalabad, 22 November 1973",,,"Jauharabad
Managing Director"
Abbas Malik ,https://www.facebook.com/abbas.malik.987604,"Lives in Faisalabad, Punjabi",,,
CH Waqas Brolla ,https://www.facebook.com/ayyan.khan.94402,"Lives in Faisalabad, From Faisalabad, Married
Since 12 January 2019",,,"Power of Positivity
Textile Owner"
Amir Ali ,https://www.facebook.com/amir.ali.704705,Male,,,
Hashim Khan ,https://www.facebook.com/hashimkhan29,"Lives in Faisalabad, From Faisalabad, Male",,,
Nawaz Awan ,https://www.facebook.com/profile.php?id=100091145906937,"Lives in Faisalabad, From Faisalabad",,,
More,https://www.facebook.com/m.usman.946781,,,,
Ghulam Murtaza ,https://www.facebook.com/MURTAZA.299,Male,,,"PMLN social media worker
11 Aug 2018-present
 
 · 8 years, 1 month"
Ejaz Akram ,https://www.facebook.com/ejaz.ahmad333,"Lives in Faisalabad, From Faisalabad, Married",,,
Rana Tahir ,https://www.facebook.com/rana.tahir.267044,"Lives in Faisalabad, From Faisalabad",,,
Malik Amjad Ali ,https://www.facebook.com/malik.amjadali.96930,"Lives in Faisalabad, From Faisalabad",,,
Farhan Sheikh Farhan Sheikh ,https://www.facebook.com/farhansheikh.farhansheikh.58,"From Faisalabad, 7 June 1984, In an open relationship",,,"Self-employed
Owner"
Mirza Ramzan ,https://www.facebook.com/mirza.ramzan.96,"Lives in Faisalabad, From Faisalabad, Married",,,"Genral Secertary PP111 Pakistan Muslim League N Youth Wing
Genral Secertary PP111
28 Sep 2020 - Present
 
 · 6 years"
Muhammad Ikram ,https://www.facebook.com/muhammad.ikram.596054,"Lives in Faisalabad, From Faisalabad",,,
Sarmad Ali ,https://www.facebook.com/sarmad.ali.116516,"Lives in Faisalabad, From Faisalabad, 1 March 2005",,,
Ch Awais Brolla ,https://www.facebook.com/ch.awais.brolla,"Lives in Faisalabad, From Faisalabad",,"GC University Faisalabad
On 4 September 2018",
Rana Nadeem Razvi ,https://www.facebook.com/nadeem.rizvi.908,"Lives in Faisalabad, From Faisalabad",,,
M Ijaz CH  (Jazi Ch),https://www.facebook.com/mjazich,"Lives in Faisalabad, From Shah Faisalabad, Punjab, Pakistan, Single",,,"Ahmad & Associates
General Contractor/Builder
1 May 2018 - Present
 
 · 8 years, 4 months"
Kamran Bhatti ,https://www.facebook.com/bkaamran51,"Lives in Faisalabad, 2 March 1995",,,PML(N)
Mian Ijaz ,https://www.facebook.com/mian.ijaz.9256028,,,,
Rasool Khan ,https://www.facebook.com/profile.php?id=100010778627684,"Lives in Faisalabad, From Faisalabad, Married",,,"Shah Nawaz Khan Suzuki Centre
9"
Saleem Pahlwan ,https://www.facebook.com/saleem.pahlwan.29330,,,,
Mian Zia Ur Rehman ,https://www.facebook.com/ziaurrehman.mian,"Lives in Faisalabad, From Faisalabad, Married",,,
Ghulam Bheek  (Awan ),https://www.facebook.com/ghulam.bheek.309142,"Lives in Faisalabad, Male",,DPS Faisalabad,
Asim Nadeem ,https://www.facebook.com/asim.nadeem.37,"Lives in Faisalabad, From Faisalabad, 20 November",,,
Malik M. Ashfaq ,https://www.facebook.com/malik.m.ashfaq.2025,"Lives in Faisalabad, From Shah Faisalabad, Punjab, Pakistan, Married",,,"Business
Owner forks n knives gujranwala
2018 - Present
 
 · 8 years, 8 months"
Mian Aftabalam ,https://www.facebook.com/mian.aftabalam.558749,"6 March 1968, Male",,,
Rana Ayub Aslam Manj  (Official),https://www.facebook.com/rana.manj.54,"Lives in Faisalabad, From Faisalabad, 30 June 1967",,,"Supreme Anjuman Tajran City Fsd
General Secretary"
Ishtiaq Ahmed Butt ,https://www.facebook.com/profile.php?id=100011271558664,Lives in Faisalabad,,,
Imran Ansari ,https://www.facebook.com/profile.php?id=100005658736910,"Single, Family
Rizwan Ansari and M Kamran Ansari, , , ",,,
Rana Iftikhar Ali  (cinta collection),https://www.facebook.com/ifyikhar,"Lives in Islamabad, Pakistan, From Faisalabad, Single",,,
Rana Imran Manj ,https://www.facebook.com/rana.ayub.aslam.manj,"Lives in Faisalabad, From Faisalabad, 12 December 1984",,,
Rana Aman Mujahid ,https://www.facebook.com/ranaaman.mujahid,"Lives in Sidhupur, Punjab, Pakistan, From Sidhupura, Punjab, Pakistan",,Division public school Faisalabad,
Rana Arslan Tariq ,https://www.facebook.com/rana.arslan.tariq.2025,"Lives in Faisalabad, From Faisalabad, 1 December 1995",,,PML(N)
CH Pervez Kamoka ,https://www.facebook.com/pervez.kamoka,Male,,"munciple degree college faisalabad
School year 1998",
Rana Abdullah  (Official),https://www.facebook.com/aakatto,From Faisalabad,,,
Mehar Muhammad Saleem ,https://www.facebook.com/mehar.saleem.758399,,,Govt Islamia College Faisalabad,
Sheikh Khalid ,https://www.facebook.com/sheikh.khalid.52206,"Lives in Faisalabad, From Faisalabad, Male",,,"Social Work at PML(N).
Social Work"
Sardar Muhammad Bilal Doagar ,https://www.facebook.com/sardarmuhammad.doagar,"Lives in London, United Kingdom, From Faisalabad, 2 July 1991",,,"Channel24 & C41 - City Group
TV Host / Reporter
May 2016 - Present
 
 · 10 years, 3 months"
Raja Imran Khan ,https://www.facebook.com/profile.php?id=61554544077370,,,,
Malik Asim ,https://www.facebook.com/malik.asim.16144,,,Divisional Public School and College Faisalabad,"Self-employed
Owner"
Jaki Ansari ,https://www.facebook.com/profile.php?id=100041285781920,"Lives in Faisalabad, From Faisalabad, Married",,,"Ansari Property Dealers
11 Jan 2015 - Present
 
 · 11 years, 8 months"
Abdul Hafeez Grewal ,https://www.facebook.com/abdul.hafeez.37669528,"Lives in Faisalabad, From Faisalabad, Married
Since 31 January 2015",,,"PAK PURE DAIRY FARM
Project Manager, Senior
15 Apr 2018 - 1 Apr 2021
 
 · 2 years, 11 months"
Mehar Abdullah ,https://www.facebook.com/mehar.abdullah.174294,,,,
شاہد محمود ,https://www.facebook.com/sha.d.mhmwd.924703,Lives in Faisalabad,,,
چوہدری عاطف عباس ڈھلوں  (Ch Atif Abbas Dhillon),https://www.facebook.com/chwdryatfbaslw,"Lives in Faisalabad, From Faisalabad, Married",,,Faisalabad
Rana Ahmad Sheheryar ,https://www.facebook.com/ahmad.sheheryar,"Lives in Faisalabad, From Faisalabad, Married, Family
Jarar Zanab Jannat, , , Male",,,
Farrukh Zeeshan ,https://www.facebook.com/libral.guy.1,"Male, Urdu, Punjabi language and English language",,,
Ali Raza Pmln ,https://www.facebook.com/ali.raza.pmln.2025,,,,
Iqbal Wazir Baryar ,https://www.facebook.com/iqbal.wazir.73,"Lives in Faisalabad, From Faisalabad, 12 December 1982",,"Laboratory High School, UAF, Faisalabad
School year 2000",
Bilal Ansari ,https://www.facebook.com/bilal.ansari.896561,,,,
Salman Sultan Mughal ,https://www.facebook.com/sulman.mughal.374,"Lives in Shah Faisalabad, Punjab, Pakistan, From Faisalabad, 14 February 1996",,,"Joint secretary PMLN
2 Sep 2022 - Present
 
 · 4 years"
Mian Usman ,https://www.facebook.com/mianxsman.xsmanmian,"Lives in Faisalabad, Single, Male",,,"Daliy city report
24 Jan 2019 - Present
 
 · 7 years, 8 months"
Munawar Sunny ,https://www.facebook.com/munawar.sunny.75,"From Faisalabad, 1 October 1969, Male",,,Sunny Trust - Addiction Treatment Center in Islamabad
Mian Usman ,https://www.facebook.com/profile.php?id=100010114418879,,,,
Akram Malik ,https://www.facebook.com/profile.php?id=100077028644762,,,,
Muhammad Riaz ,https://www.facebook.com/muhammad.riaz.832218,Male,,,"Facebook
03026704578"
Ali Zaheer ,https://www.facebook.com/ali.zaheer.3720,"Lives in Faisalabad, From Faisalabad, 11 June 1989, Married, Male, Urdu",,,"‎Yarn Market FSD - سوتر منڈی‎
18 Jul 2025-present
 
 · 1 year, 2 months"
Sohaib Ali  (Personal account),https://www.facebook.com/profile.php?id=100004768207693,"Lives in Faisalabad, From Faisalabad, Male",,,Facebook
Malik Munir Ahmad ,https://www.facebook.com/malik.munirahmad.35574,Lives in Faisalabad,,,
Rana Ali Abid Manj ,https://www.facebook.com/ranaali.abid,"Lives in Faisalabad, From Faisalabad, Male",,Account Help 2602,
Mian Daniyal Irfan ,https://www.facebook.com/mian.daniyal.irfan,"Lives in Faisalabad, From Faisalabad, Male",,"University of Engineering & Technology - UET Lahore
School year 2023",
Tauseef Nawaz Khan ,https://www.facebook.com/tauseefnawazkhan,"Lives in Faisalabad, From Faisalabad, Male",,,
Abu Hamza ,https://www.facebook.com/abu.hamza.323745,"Family
Arham Zaman, , ",,,
Babar Mirza ,https://www.facebook.com/babar.mirza.3557,Lives in Faisalabad,,,
Asif Vohra ,https://www.facebook.com/profile.php?id=100092395872753,"Lives in Faisalabad, Married",,Digree colage,
Inaam Ansari  (Lovers),https://www.facebook.com/inaam.raheem,"Lives in Faisalabad, Male",,G.T.C Gov't Teachnical Collage,
Haroon Shahid Ansari ,https://www.facebook.com/haroon.shahid.ansari,Lives in Faisalabad,,GC University Faisalabad,
Haseeb Saleem Kamboh ,https://www.facebook.com/haseeb.saleemkamboh,"Lives in Faisalabad, 24 July 1981, Married",,,"(Admore) M.saleem Akhter & Co.(petroleum services)
Chief executive
25 Sep 2011 - Present
 
 · 15 years"
Ch Shaukat Shahzad ,https://www.facebook.com/ch.shaukat.shahzad,"Lives in Faisalabad, Male",,,"Fabrichem Colours
CEO"
Ijaz Ahmed Awan  (Bhola Awan),https://www.facebook.com/ijaz.ahmed.533142,"Lives in Faisalabad, From Faisalabad",,,
Saud Ahmad Zafar ,https://www.facebook.com/saud.ahmad.zafar.2025,"Lives in Faisalabad, Male",,,"Zafar estate linker
10 Feb 2021 - Present
 
 · 5 years, 7 months"
Rizwan Ali Rizwan Ali ,https://www.facebook.com/profile.php?id=100009065510836,"Lives in Faisalabad, From Faisalabad, Male",,"Allama Iqbal Open University
On 22 April 2003",
Malik Shahid Ali ,https://www.facebook.com/malik.shahid.ali.722895,"Lives in Faisalabad, From Faisalabad, Male",,Account Help 2602,
Shera Butt ,https://www.facebook.com/gogi.butt.56,"Lives in Faisalabad, 10 August, Male",,,"Politician
28 Apr 2005 - Present
 
 · 21 years, 5 months"
Mian Asim Munir ,https://www.facebook.com/mianasim.munir.37,"Lives in Shah Faisalabad, Punjab, Pakistan, From Shah Faisalabad, Punjab, Pakistan",,,
Khawar Mahmood ,https://www.facebook.com/khawarmahmood81,"Lives in Faisalabad, From Faisalabad",,,
Sajeed Saleem ,https://www.facebook.com/sajeed.saleem.2025,,,,
Mehmood Ahmed ,https://www.facebook.com/mehmood.ahmed.102,"From Faisalabad, Male",,"Panjab University Lahore
School year 2009",
Akbar Ali ,https://www.facebook.com/akbar.ali.367038,"Lives in Faisalabad, From Faisalabad, 11 December 1975",,,"TIPS College Of Commerce Faisalabad
19 Jul 2026-present
 
 · 2 months"
Akmal Bajwa ,https://www.facebook.com/akmal.bajwa.5,"Lives in Faisalabad, From Faisalabad, Married
Since 23 March 2019, Male, Urdu and English language",,,
Usman Haider Dogar ,https://www.facebook.com/usman.haider.9619,Male,,,
Usama Bhatti Sab ,https://www.facebook.com/usama.bhatti.sab.2025,"Lives in Faisalabad, From Faisalabad",,,
Rana Usama Munj ,https://www.facebook.com/ranausama.munj,"Lives in Faisalabad, From Faisalabad, 11 August 1996",,,"propety
Oners"
Irfan Shoukat  (Jutt),https://www.facebook.com/irfan.shokat,"Married, Male",,,"Health Care Pharmacy
Owner"
کاشان انصاری ,https://www.facebook.com/kashan.ansary.2025,Lives in Faisalabad,,Aspire Group Of Colleges,
Adnan Jamil ,https://www.facebook.com/adnan.jamil.334,"Lives in Faisalabad, From Faisalabad, Married",,,"Diyare Madina
HAJJ & UMRA SERVISES"
Abid Palwan ,https://www.facebook.com/abid.palwan.9,,,,
Syed Ali Bilal Shah ,https://www.facebook.com/syedalib,"Lives in Faisalabad, From Rajoya, Punjab, Pakistan, Married, Family
3 family members, , , , , Male",,,"Agriculturists
Landlord"
Haris Khan ,https://www.facebook.com/khanhariskhan.pk,"Lives in Faisalabad, From Faisalabad, 10 December 1995",,Faisalabad Grammar School,
Iftikhar Ansari ,https://www.facebook.com/iftikhar.ansari.3194,,,,
Usman Babu ,https://www.facebook.com/usman.babu.92167,"Lives in Faisalabad, From Shah Faisalabad, Punjab, Pakistan",,,
Zeeshan Kakky Zai ,https://www.facebook.com/zeeshan.kakkyzai,"Lives in Faisalabad, From Faisalabad",,GC University Faisalabad,"Faisalabad
National Youth Parliament Pakistan
13 Jul 2026 - Present
 
 · 2 months"
Mirza Awais ,https://www.facebook.com/ahmad.awais.7927,"Lives in Faisalabad, From Faisalabad, 10 June 1984, Married to
Samman Awais
Since 2009, Male",,,
Mehar Waris Ali ,https://www.facebook.com/warisali.warisali.71697,"Lives in Dubai, United Arab Emirates, From Faisalabad, Single",,,"Studying
Topper
1 Jan 2018 - Present
 
 · 8 years, 8 months"
Rizwan Kakka ,https://www.facebook.com/rizwan.kakka.9,Male,,,
Mian Afaq Ali  (Inoxent Mian),https://www.facebook.com/mian.afaq.ali.2025,"Lives in Faisalabad, From Faisalabad, 3 June 1998",,,"Lyallpur Cuisine
Owner
20 May 2022 - Present
 
 · 4 years, 4 months"
Muhammad Ahmed ,https://www.facebook.com/joinahmed7861,"Lives in Faisalabad, From Faisalabad, Male",,,"Ahmed Group of Companies
Chief exective officer
16 Jan 2004 - Present
 
 · 22 years, 8 months"
Asad Ansari ,https://www.facebook.com/asad.ijaz.330467,Lives in Faisalabad,,,
Sh Ali Mukhi ,https://www.facebook.com/sh.ali.mukhi,"From Faisalabad, 10 July 1996",,,
Mian Usman ,https://www.facebook.com/mian.usman.79315,"Lives in Faisalabad, From Faisalabad",,Division public school Faisalabad Dps,
Farhan Farooq Jutt ,https://www.facebook.com/muahmmad.farhan,"Lives in Faisalabad, Male",,,
Faisal Ansari ,https://www.facebook.com/faisal.ansari.895271,"Lives in Faisalabad, From Faisalabad, Single",,,Faisala Trd
Latif Ansari ,https://www.facebook.com/latif.ansari.9678,,,,
Shahnawaz Chaudhary  (محمد شاہنواز),https://www.facebook.com/shahnawaz260,"Lives in Dubai, United Arab Emirates, From Faisalabad, Married
Since March 2016",,,"Govt of Punjab
Assistant Director / Sub Divisional Officer .SDO
4 Feb 2020 - Present
 
 · 6 years, 7 months"
Amir Abbas ,https://www.facebook.com/amir.abbas.798278,Male,,,
Adnan Nawaz ,https://www.facebook.com/Nazish22,"Lives in Faisalabad, From Faisalabad, Family
5 family members, , , , ",,,"Judiciary.
Lahore High Court"
Khalid Lada ,https://www.facebook.com/khalid.lada.31,"Lives in Faisalabad, From Faisalabad",,,"Faisalabad Textile Newz
12 May 2020 - Present
 
 · 6 years, 4 months"
Hidayat Billa Ansari Billa ,https://www.facebook.com/hidayat.billa.ansari.billa,,,,
Naeem Qussair ,https://www.facebook.com/rana.tepu.3,"Lives in Faisalabad, From Samundri, 18 August",,,"Samaa TV
9 Feb 2023 - Present
 
 · 3 years, 7 months"
Urdu,https://www.facebook.com/shahroz.ahmad.89073,"Lives in Faisalabad, From Faisalabad, Urdu and English",,"Riphah International University Faisalabad
School year 2025",
عمران سمی سمندری ,https://www.facebook.com/imransami45,"Lives in Faridabad, Punjab, Pakistan, From Samundri, 4 October 1998",,,"PML(N)
Political Worker"
Umair Shahzad ,https://www.facebook.com/umair.shahzad.rehmani9849,"Lives in Faisalabad, From Faisalabad, Male",,,ITHM [Institute of Tourism & Hotel Management]
Mani Panshop ,https://www.facebook.com/mani.panshop.2025,Lives in Faisalabad,,,
Zubair Ishaq ,https://www.facebook.com/zubair.ishaq.267815,,,,
Malik Arshad ,https://www.facebook.com/profile.php?id=100011498623167,"7 July 2006, Male",,,"Facebook
2"
Mehar Adil ,https://www.facebook.com/mehar.adil.773,"Lives in Faisalabad, From Faisalabad, In a relationship, Family
Naila Amin, , , Male",,,
Syed Naveed Gillani Gilani ,https://www.facebook.com/syednaveedgillani.gilani.5,,,,"Police Officer
28 Apr 2017-present
 
 · 9 years, 5 months"
Fahad Khokhar ,https://www.facebook.com/fahad.khokhar.371679,Lives in Faisalabad,,,
Ali Sultan Arain ,https://www.facebook.com/alibaba.Pti2,"Lives in Faisalabad, From Faisalabad, 23 March",,,Pakistan Tehreek-e-Insaf
Ali Zamin ,https://www.facebook.com/zamin.abid.7,Male,,,
Muhammad Arshad Khan  (Munna),https://www.facebook.com/muhammad.arshad.khan.809226,"Lives in Faisalabad, From Faisalabad",,,"Govt contractor
1 Mar 2019 - Present
 
 · 7 years, 6 months"
Hafiz Ahsan ,https://www.facebook.com/hafiz.ahsan.48660,Male,,,
Faizan Rasheed Mughal  (Pakistan Muslim League N),https://www.facebook.com/profile.php?id=100069531796942,"Lives in Faisalabad, From Samanabad, Punjab, Pakistan",,,"Political Worker Pmln
21 Sep 2023 - Present
 
 · 3 years"
Mian Yousuf ,https://www.facebook.com/mian.yousuf.5,"Lives in Faisalabad, From Faisalabad",,,"ATo z services Faisalabad
Owner"
Muhammad Usman ,https://www.facebook.com/muhammad.usman.855692,From Faisalabad,,,
Muhammad Hussain Malik ,https://www.facebook.com/muhammad.hussain.319247,"Lives in Faisalabad, From Faisalabad",,University of the Punjab,"DBA, Faisalabad.
Advocate"
Abbad Ali ,https://www.facebook.com/abbad.ali.56679,"Lives in Faisalabad, From Faisalabad, Married, Male",,,"Self-employed
Sole proprietorship
8 Mar 2011 - Present
 
 · 15 years, 6 months"
Milhan Ahmed ,https://www.facebook.com/milhanansari,"Lives in Abu Dhabi, United Arab Emirates, From Faisalabad",,"University of Agriculture Faisalabad - Official
School year 2023","ZH Clothes By Noman
Manager
17 Nov 2019 - Present
 
 · 6 years, 10 months"
Muhammad Salim Malik ,https://www.facebook.com/muhammad.salimmalik.94,"Lives in Faisalabad, From Faisalabad",,Punjab Group Of Colleges,H.B tex international and Unique Fabrics
Ch Ahsandogar ,https://www.facebook.com/ch.ahsandogar.3,,,,
Abdul Wahab Khan ,https://www.facebook.com/abdulwahab.khan.5454,"Lives in Faisalabad, From Faisalabad, Male",,,"Insaaf Steel, Masjid Minar
20 Oct 2011 - Present
 
 · 14 years, 11 months"
Qaisar Raza ,https://www.facebook.com/qaisar.raza.7359,"Lives in Faisalabad, From Faisalabad",,,
Tajummal Sandhu ,https://www.facebook.com/tajummal.sandhu,,,,
Sufyan Buttar ,https://www.facebook.com/sufyan.buttar.79,"Lives in Faisalabad, From Faisalabad, Male",,Govt. Degree College Jaranwala,
Akbar Ansari ,https://www.facebook.com/ali.akbar.fsd,Male,,,
Malik Afzal ,https://www.facebook.com/malik.afzal.875946,"Lives in Lahore, Pakistan, From Lahore, Pakistan, Female",,,Self-employed
چوہدری عامرشبیراٹال فریدی ,https://www.facebook.com/chauhdary.aamirjutt,"Lives in Faisalabad, From Faisalabad, Married
Since 2021",,govt new model high school G.M. Abad Faisalabad,
Rana Saeed ,https://www.facebook.com/rana.saeed.14418101,"Lives in Faisalabad, From Faisalabad",,,
Nadeem Sodhi Nadeem Sodhi ,https://www.facebook.com/nadeemsodhi.nadeemsodhi,Lives in Faisalabad,,Faisalabad College of LAW,
Rana Shoaib  (Thakar ),https://www.facebook.com/rana.shoaib.16718,"Lives in Faisalabad, From Faisalabad, Married",,,"Busssinessman
Owner"
Amjid Mehmood ,https://www.facebook.com/mahmood.amjid.5,Male,,,
Asad Raza ,https://www.facebook.com/profile.php?id=100084525623127,,,,
Abdullah Chaudhry ,https://www.facebook.com/abdullah.chaudhry.877481,Lives in Faisalabad,,Punjab Group Of Colleges,
Malik Farhansunny ,https://www.facebook.com/malik.farhansunny,,,,
Asif Pansota ,https://www.facebook.com/asif.pansota.16,"Lives in Lahore, Pakistan, From Faisalabad",,Punjab Group Of Colleges,
Rana Arslan Mithi ,https://www.facebook.com/rana.arslan.mithi,"Lives in Sidhupur, Punjab, Pakistan, From Faisalabad, Male",,,"Suthra Punjab Agency Faisalabad
Monitoring Officer
Mar 2025 - Present
 
 · 1 year, 5 months"
Saeed Sheikh ,https://www.facebook.com/saeed.sheikh.739,"Lives in Shah Faisalabad, Punjab, Pakistan, From Faisalabad, 28 July 1978",,,
Usman Javed  (مسلم لیگ ن),https://www.facebook.com/mian.ayan.1,"Lives in Faisalabad, From Faisalabad, Male",,GC University Faisalabad,
Khuram Zeeshan ,https://www.facebook.com/zeeshan.khuram.56,"Lives in Faisalabad, Male",,,DBA Fsd
Kamran Ch ,https://www.facebook.com/kamran.dar.547,"22 October 1990, Male",,,
Moon Chaudhary ,https://www.facebook.com/moon.chaudhary1,"Lives in Faisalabad, Family
Milhan Chaudhary, , , Male 
(they/them)",,,"Lyallpur Grain Market
Sales Department
24 Sep 2025 - Present
 
 · 1 year"
Gull Raja ,https://www.facebook.com/gull.raja.127826,Lives in Faisalabad,,,
Ashraf Conslar ,https://www.facebook.com/profile.php?id=100090784615046,Lives in Faisalabad,,,
Adv Shah Nawaz Khan ,https://www.facebook.com/shah.nawazkhan.92775838,"Lives in Faisalabad, From Faisalabad, Single",,,"Owner Shah Nawaz khan Suzuki
25 Sep 2020 - Present
 
 · 6 years"
Ashfaq Ahmad Nbp ,https://www.facebook.com/ashfaq.ahmadkiyani,"Lives in Faisalabad, From Jhang Sadar, Punjab, Pakistan",,,
Wajahat Shaheen ,https://www.facebook.com/wajahatshaheenofficial,"Lives in Faisalabad, From Faisalabad, Married
Since 14 August 2014",,,
SH Mehmood Yousaf ,https://www.facebook.com/mehmood.yousaf.56,"Lives in Faisalabad, 1 January, Family
Junaid Mehmood and Hafiz Adeel Yousaf Siddiqui, , , ",,,"Cloth Board
Chairman"
Rana Yasir ,https://www.facebook.com/rana.yasir.499240,"Lives in Faisalabad, From Faisalabad, 6 April 1984",,,"Upwork
Graphics and Web Desiger
12 Aug 2011 - Present
 
 · 15 years, 1 month"
Awais Khan Niazi  (Allah O Akber),https://www.facebook.com/geo.niazi.56,"Lives in Shah Faisalabad, Punjab, Pakistan, From Mianwali",,,
Rana Habib ,https://www.facebook.com/rana.habib.5201,"Lives in Faisalabad, From Faisalabad, Male",,,"Express News
Senior staff Reporter"
Sulman Javed Zafar ,https://www.facebook.com/sulman.zafar.39,"Lives in Faisalabad, From Faisalabad, Married, Male, English language and Urdu",,,"My own businesses
Managing Director Al Hamd Trader"
Asmat Ikram ,https://www.facebook.com/asmat.ikram.2025,"Lives in Faisalabad, From Faisalabad",,,"PML(N)
Vice President City"
Malik Atif ,https://www.facebook.com/malik.atif.58726,"Lives in Faisalabad, From Faisalabad, Family
Abdul Dayyan Malik and Usama Ramzan, , , , Male",,,"Gai Banaspati Ghee & Gai Cooking Oil
Sales Executive"
Mehar Shahzad ,https://www.facebook.com/mehar.shahzad.3572,"Lives in Faisalabad, Male",,,
Syed Ali Abbas ,https://www.facebook.com/syed.ali.abbas.44100,"Lives in Faisalabad, From Faisalabad, Single",,,"‎فوٹو جرنلسٹس ایسوسی ایشن ممبر فیصل آباد فوٹوگرافر پریس‎
Photographer"
Waqar Butt ,https://www.facebook.com/waqar.butt.9847,"Lives in Faisalabad, From Faisalabad, Married
Since 28 December 2012",,,BUTT State
Rai Javed ,https://www.facebook.com/rai.javed.779,"Lives in Faisalabad, From Faisalabad",,,
Binyameen Akram ,https://www.facebook.com/binyameen.akram.2025,11 March 1993,,,
Murshad Tariq Aslam ,https://www.facebook.com/tariq.aslam.5895834,,,,
Malik Faisal Shahzad ,https://www.facebook.com/malik.faisal.shahzad.256297,"Lives in Faisalabad, From Faisalabad, 15 October 1987",,,"Haleon
Sr EEP
10 Jan 2017 - Present
 
 · 9 years, 8 months"
Iqbal Awan ,https://www.facebook.com/iqbal.awan.9693,"Lives in Faisalabad, From Faisalabad",,,
Hamid Waince ,https://www.facebook.com/hamid.waince.73,"Lives in Faisalabad, From Faisalabad, 1 January 1991",,,University of Agriculture Faisalabad - Official
Lala Qasim Kamboh ,https://www.facebook.com/profile.php?id=61591898607016,,,,
Mian Ali Raza Mian ,https://www.facebook.com/mian.aliraza.186590,"Lives in Faisalabad, 20 November 1996, Male",,,"Weekly News plan
Deputy Editor"
Rana Usman ,https://www.facebook.com/rana.usman.946660,"Lives in Shah Faisalabad, Punjab, Pakistan, Male",,,"Advocate at District Bar Association, Faisalabad.
12 Jun 2020 - Present
 
 · 6 years, 3 months"
راج موسی راجپوت ,https://www.facebook.com/raj.musa.10,"Lives in Faisalabad, From Sidhupura, Punjab, Pakistan, Single, Male, English",,,"GC University Faisalabad
4 Aug 2019 - Present
 
 · 7 years, 1 month"
Naseer Kamboh ,https://www.facebook.com/naseer.kamboh.5,"Lives in Faisalabad, Male",,Govt comprehensive Model High School Samanabad Faisalabad,"Self-employed
Chief executive officer"
Mian Shahzaib Aftab ,https://www.facebook.com/mian.s.aftab,"Lives in Faisalabad, From Shah Faisalabad, Punjab, Pakistan, Married
Since 22 October 2022",,,"work at my own bussniss
Owner"
Rana Abrar ,https://www.facebook.com/ranaabrar.genelarcouncler,"Lives in Faisalabad, From Shah Faisalabad, Punjab, Pakistan, Male",,,"A-Run Company
12 Jan 2024-present
 
 · 2 years, 8 months"
Malik Abdul Razzaq ,https://www.facebook.com/profile.php?id=61554663788668,"Lives in Faisalabad, From Faisalabad",,,"self employed
8 Jul 2024 - Present
 
 · 2 years, 2 months"
Ahsaan Aftab ,https://www.facebook.com/ahsaan.aftab.2025,,,,
Muhammad Ahmed ,https://www.facebook.com/profile.php?id=100009770114017,Male,,,
Zain Shahzad ,https://www.facebook.com/profile.php?id=100068906289687,"Lives in Raiwind, From Raiwind",,,"Computers
12 May 2022 - Present
 
 · 4 years, 4 months"
Kalsoom Rafi ,https://www.facebook.com/profile.php?id=100010432296568,Lives in Faisalabad,,,
Hassan Khairkay ,https://www.facebook.com/hassan.khairkay.3,,,,
Demi Jutt  (Demi jutt),https://www.facebook.com/Ali.jutt2211,"Lives in Faisalabad, From Faisalabad, Single",,Account Help 2602,
Rananzaket Rananzaket ,https://www.facebook.com/rananzaket.rananzaket,,,,
Ilyas Khan Adv ,https://www.facebook.com/m.ilyasrasheed,"Lives in Faisalabad, From Faisalabad",,government comprehensive model high school faisalabad,"Attorney at Law
22 Mar 2023 - Present
 
 · 3 years, 6 months"
Nasir Minhas ,https://www.facebook.com/nasir.mihas.3,,,,
Ali Raza Aulakh ,https://www.facebook.com/aliraza.aulakh.313,"Lives in Faisalabad, From Faisalabad",,,Facebook
Ch Arshad Rafeeq Kambo ,https://www.facebook.com/charshadrafeeq.kambo,,,,
Zeeshan Javed Zafar ,https://www.facebook.com/zeeshan.zafar.5667,"Lives in Faisalabad, From Faisalabad, In an open relationship",,,"President Anjaman-e-Tajran karkhana bazar FSD
5 Feb 2019 - Present
 
 · 7 years, 7 months"
M Zafran Sarwar  (M Zafran Sarwar),https://www.facebook.com/raja.zafran.5,"Lives in Faisalabad, Male, English language, Urdu and Punjabi language",,,"Faisalabad Press Club
Vice President"
Mlk Abbas ,https://www.facebook.com/abbasmlk.abbasmlk,"Lives in Faisalabad, From London, United Kingdom",,,
Abid Ijaz ,https://www.facebook.com/abid.ijaz.461489,"Lives in Faisalabad, From Faisalabad, 1 February 1981",,,
Rana Rana Hany ,https://www.facebook.com/rana.ranahany,"Lives in Faisalabad, From Faisalabad",,Punjab Group Of Colleges,
Ali Ilyas ,https://www.facebook.com/ali.ilyas.931330,"Lives in Islamabad, Pakistan, From Faisalabad",,Comsats University Islamabad,
Heera Khan ,https://www.facebook.com/ziaulmustafa007,"Lives in Aylesbury, Buckinghamshire, Family
Sufyan Fayyaz, , , Male",,,"Ghausia silk
Owner and CEO
26 Jul 1990 - Present
 
 · 36 years, 2 months"
Rana Ajmal ,https://www.facebook.com/rana.ajmal.27452,Lives in Faisalabad,,,
Mian Ashfaq Hussain ,https://www.facebook.com/mianashfaq.hussain,"Lives in Faisalabad, From Faisalabad, Married",,"Govt College Smanabad Faisalabad
School year 1986",
Rana WajahatAli ,https://www.facebook.com/rana.wajahatali.744266,"Lives in Faisalabad, From Faisalabad, Male",,,"Pakistan Cricket Team
Technical support"
Haji Tariq ,https://www.facebook.com/haji.tariq.504306,"Lives in Faisalabad, From Faisalabad",,Divisional Public School Faisalabad,
Husnain Khattak ,https://www.facebook.com/k.khan.904,"Lives in Faisalabad, From Faisalabad, Single",,Punjab Group Of Colleges,
Rana Hamid ,https://www.facebook.com/rana.hamid.650357,"Lives in Faisalabad, From Faisalabad",,,
Faizan Khalid ,https://www.facebook.com/faizan.khalid.96199,"Lives in Faisalabad, From Faisalabad, 6 May 2002",,,"Journalism and Mass communication
30 Jun 2019 - Present
 
 · 7 years, 2 months"
Haji Sajid Ali Nazar ,https://www.facebook.com/haji.sajid.5070,Female,,,
Rao Abdullah Kashif ,https://www.facebook.com/rao.abdullah.463,"Lives in Lahore, Pakistan, From Samundari, Punjab, Pakistan, 30 December 2007",,,
Jahangir Bhatti ,https://www.facebook.com/jahangir.bhatti.359,"Lives in Faisalabad, From Hamad Town, Married",,,Political Sciences
Adv Khanzada AsfandYar Khan  (Adv),https://www.facebook.com/asfand.khan.965,"Lives in Faisalabad, From Shah Faisalabad, Punjab, Pakistan, Family
Shamim Khattak Adv, , ",,,"District Bar Association Faisalabad
24 Feb 2025 - Present
 
 · 1 year, 7 months"
Sheikh Haseeb ,https://www.facebook.com/haseeb.sheikh.167189,"Single, Male",,Punjab Group Of Colleges,
Nasir Ail ,https://www.facebook.com/nasir.ail.906,Lives in Faisalabad,,,
Malik Nadeem Sarwar ,https://www.facebook.com/nadeem.maliknadeemsarwar,"Lives in Faisalabad, Male",,Punjab Law College,
Abdullah Nazir Bajwa ,https://www.facebook.com/abdullah.bajwa.12,"Lives in Faisalabad, From Samundri, Married
Since 20 April 2019",,,Suthra Punjab Agency Faisalabad
Irfan Cheema ,https://www.facebook.com/irfan.cheema.998322,"Lives in Faisalabad, Male",,,
Rajpoot Ahsan ,https://www.facebook.com/rajpoot.ahsan.91646,,,,
CH Hamid Kisana Adv ,https://www.facebook.com/hussain.khizar.3,"Lives in Faisalabad, From Faisalabad, 8 October 1976",,,Buisness man
Shahid Shahzada Mughal Adv ,https://www.facebook.com/shahid.shahzada.mughal,"Lives in Faisalabad, From Faisalabad, Single",,,ALPHA LAW FIRM
Farhat Altaf ,https://www.facebook.com/farhat.altaf.54,"Lives in Lahore, Pakistan, Male",,Divisional Public School Faisalabad,
Sardar Kaleem Baber Khan  (Khokhar Rajputana),https://www.facebook.com/kaleem.rana.14,"Lives in Faisalabad, From Rajputana, Punjab, Pakistan, Married
Since 11 May 2005",,,"Self-employed
IGI life insurance financial advisor
1 Dec 2015 - Present
 
 · 10 years, 9 months"
Mian Bilal Sarwar ,https://www.facebook.com/mian.bilal.sarwar.2025,"Lives in Faisalabad, From Faisalabad, Single",,,"Lahore High Court
Consitutional lawyer
24 Jan 2021-present
 
 · 5 years, 8 months"
Asif Siddiqui ,https://www.facebook.com/asesiddiqui,"Lives in Faisalabad, From Shah Faisalabad, Punjab, Pakistan, 12 June",,,"Siemens Pakistan Engineering Co. Ltd.
Service Engineer
Sep 2009 - 2020
 
 · 10 years, 4 months"
Mian Ajmal Mian Ajmal ,https://www.facebook.com/mianajmal.mianajmal.1,Male,,,
Chudhary Munawar Manj ,https://www.facebook.com/chudhary.munawar,"Lives in Faisalabad, From Faisalabad",,"University Of Agriculture Faisalabad, Pakistan",
Mian Zulfiqar  (Mian Zulfiqar Ali),https://www.facebook.com/mian.zulfiqar.79677,"Lives in Faisalabad, From Faisalabad",,,
Maher Amjad ,https://www.facebook.com/maher.amjad.315,"Lives in Faisalabad, From Faisalabad, Male",,,Arshad Corporation Faisalabad
عقیل الرحمن انصاری  (Own Business Design Art),https://www.facebook.com/qylalrhmnansary,,,,
Hassan Ansari ,https://www.facebook.com/profile.php?id=100046518860357,"16 November, Single",,,
Akhtar Ansari ,https://www.facebook.com/akhtar.ansari.115783,"Lives in Faisalabad, From Faisalabad",,,
Hafiz Arfan ,https://www.facebook.com/hafiz.arfan.77,"Lives in Faisalabad, From Faisalabad, Family
Rashid Sultan, , , Male",,,"Business Owner
29 Nov 2022 - Present
 
 · 3 years, 9 months"
Shafiq Kashif ,https://www.facebook.com/shafiq.kashif.9,"From Shah Faisalabad, Punjab, Pakistan, Male",,,"Al Ehsaan TV
General Secretary"
"Naveed Jaan 
(Sheikh M Naveed Tariq)",https://www.facebook.com/naveed.jaan3,"From Faisalabad, Male, Urdu",,Samnabad College,
Masood Dewana ,https://www.facebook.com/masood.dewana,From Faisalabad,,,
Ramzan Jani  (Haji ramzan),https://www.facebook.com/rmz.jani,"Lives in Faisalabad, From Faisalabad, Male, Punjabi language",,,Jura
Rana Baber Shabaz ,https://www.facebook.com/ranababer.shabaz,,,,
Ali Raza ,https://www.facebook.com/profile.php?id=100007113150191,"Lives in Faisalabad, From Faisalabad, Family
Malik Adeel, , , Male",,,Girpher.com
Adeel Razzaq ,https://www.facebook.com/adeel.razzaq.98,"Lives in Faisalabad, From Faisalabad",,,"Buraq Estate Hub
C.E.O
2021 - Present
 
 · 5 years, 8 months"
Bilal Bilal  (چوہدری کاشف بلال اولکھ),https://www.facebook.com/profile.php?id=100027123422656,Male,,,"Faisalabad
2 Sep 2021 - Present
 
 · 5 years"
Bhai Nasir Ali ,https://www.facebook.com/bhai.nasirali,,,,
Shahbazada Mian Haseeb  (Seeßi),https://www.facebook.com/mianseebi,"Lives in Faisalabad, From Faisalabad, Married to
Fiza Yaseen",,,Municipal Corporation Faisalabad
Ali Raza ,https://www.facebook.com/ali.raza.300463,"Lives in Faisalabad, From Faisalabad",,,
طیب ملک ,https://www.facebook.com/tyb.mlk.974954,"Lives in Faisalabad, From Faisalabad, Male",,,Faisalabad
Ch Asif Ch Asif ,https://www.facebook.com/chasif.chasif.3538,"Lives in Faisalabad, From Faisalabad, 19 December, Male",,,
Usama Gujjar ,https://www.facebook.com/uxama.gujar,"From Faisalabad, 2001, Male",,,"Bahria Foundation School Faisalabad
Student"
Zulkifal Khokhar Zulkifal ,https://www.facebook.com/zulkifalkhokhar.zulkifal,Male,,,
Mohsin Saleem ,https://www.facebook.com/mohsin.saleem.10441861,Male,,,
Asadullah Gill ,https://www.facebook.com/asadullah.gill.526917,Lives in Faisalabad,,,
Ch Shahzad Ansari ,https://www.facebook.com/ch.shezad.16,Lives in Faisalabad,,,
Yasir Hayat Chattha Adv ,https://www.facebook.com/yasir.hayat.chattha.adv,"Lives in Faisalabad, From Hafizabad, 22 August 1983",,,"DBA, Faisalabad."
Zulfiqar Malik ,https://www.facebook.com/zulfiqar.malik.390702,,,,"Pakistan Peoples Party - PPP
Political Worker"
Arfan Haider Adv ,https://www.facebook.com/arfan.haider.1804,,,,
Ch Ather Nisar  (Official),https://www.facebook.com/ch.ather.nisar,"Lives in Faisalabad, From Faisalabad, Married",,,Facebook
Muhammad Asad Iqbal ,https://www.facebook.com/asad.iqbal.353,"Lives in Faisalabad, From Faisalabad, Married
Since 14 November 2020, Family
Asim Umar Chadhar Adv and Muhammad Iqbal Javed, , , , Male, English language, Urdu and Punjabi language",,,"ZTBL ISLAMABAD
Incharge CA Unit Faisalabad
9 Dec 2025 - Present
 
 · 9 months"
Zain Ali ,https://www.facebook.com/its.Zainjani,,,,"Riyadh, Saudi Arabia
11 Sep 2025 - Present
 
 · 1 year"
Muhammad Usman Ansari ,https://www.facebook.com/muhammadusman.ansari.545,"Lives in Faisalabad, From Faisalabad, 27 December 2000",,,‎Yarn Market FSD - سوتر منڈی‎
M M Riaz Shahid ,https://www.facebook.com/mraiz.mraiz.71,"Lives in Faisalabad, From Faisalabad, Married",,,
Ch Mudasir Walha Namberdar ,https://www.facebook.com/profile.php?id=100081488978058,,,,
Mohammad Najeeb ,https://www.facebook.com/mohammad.najeeb.58910,,,,
Hanzala Shafiq Bhutta ,https://www.facebook.com/hanzala.shafiq.bhutta,"Lives in Faisalabad, From Islamabad, Pakistan, Married to
Tehreem Dastgeer
Since 12 February 2022",,,"Students Online Department
CEO
15 Feb 2019 - Present
 
 · 7 years, 7 months"
Rana Waheed Manj ,https://www.facebook.com/profile.php?id=100084980791618,"Lives in Sidhupura, Punjab, Pakistan",,,
سردار قاسم ڈوگر ,https://www.facebook.com/qasim.dogar.129,,,,
Rao Khaliq ,https://www.facebook.com/rao.khaliq.127,,,,
Fahad Pervaiz ,https://www.facebook.com/fahad.pervaiz.507,"Lives in Faisalabad, From Faisalabad, Punjabi",,,"Sundar Property Advisor
Document management specialist
On 1 Jan 2016
 
 · 10 years, 8 months"
Chudhry Arslan Janbaz ,https://www.facebook.com/arslanch.arslanch.391420,"Lives in Faisalabad, From Faisalabad, Single",,anmol public high school,
Ali Raza AnsAri ,https://www.facebook.com/ali.raza.ansari.458344,Male,,,
چوہدری علی افضل ساہی ,https://www.facebook.com/profile.php?id=61554862148076,14 January 2006,,,
Akram Malikfsd ,https://www.facebook.com/akram.malikfsd,"Lives in Faisalabad, From Faisalabad, Male",,,"Private Secretary to Administrator, Commissnor Faisalabad"
Sandalbar Faisal Abad ,https://www.facebook.com/sandalbar.faisal.abad,"From Faisalabad, Female",,,"Sandalbar Educational society
Principal"
Muhammad Nadeem ,https://www.facebook.com/M.Nadeem122,"From Faisalabad, Married, Male",,,"Student
Studying"
Waqas Sheraz ,https://www.facebook.com/waqas.sheraz,"Lives in Faisalabad, Male",,,"Pakistan News Productions
Reprorter
19 Mar 2018 - Present
 
 · 8 years, 6 months"
Fahad Ramay ,https://www.facebook.com/fahad.ramay,Lives in Faisalabad,,,
طارق محمود رحمانی  (صدرانجمن تاجران جامع گلی),https://www.facebook.com/tarq.mhmwd.rhmany.2025,"Lives in Faisalabad, From Gulbarga, In an open relationship",,,"Faisalabad
27 Jan 2021 - Present
 
 · 5 years, 8 months"
Sohail Rana ,https://www.facebook.com/sohail.rana.7547,,,,
Azam Majeed Gujjar ,https://www.facebook.com/azammajeed.gujjar,Male,,,
DrMuhammad Saleem Raza ,https://www.facebook.com/profile.php?id=61553376367454,Lives in Faisalabad,,,
Ali Tahir ,https://www.facebook.com/alitahir.alitahir,"Lives in Faisalabad, From Faisalabad, Family
3 family members, , , , ",,,"Faisalabad
Sargodha road
2017 - Present
 
 · 9 years, 8 months"
Tajamal Hussain ,https://www.facebook.com/tajamal.hussain.5070276,"Lives in Faisalabad, From Faisalabad, Male",,,
Nadeem Ansari ,https://www.facebook.com/nadeem.ansari.322694,"Lives in Faisalabad, From Faisalabad",,Divisional Public School Faisalabad,
Muhammad Mukhtar ,https://www.facebook.com/mukhtargsm,"Lives in Faisalabad, From Faisalabad, Male",,,"Faisalabad Electric Supply Company (FESCO), WAPDA"
Shazaib Rajput  (Sardar khan),https://www.facebook.com/shazaib.Rajput55,"Lives in Sidhupur, Punjab, Pakistan, From Sidhupur, Punjab, Pakistan, Single",,,Owon Business
Zahid Rasheed Dhillon ,https://www.facebook.com/zahid.dhillon,"Lives in Faisalabad, From Faisalabad, 19 March 1974",,,
Mian Arfan Zulfiqar ,https://www.facebook.com/MianARFANzulfiqar,"Lives in Faisalabad, From Shah Faisalabad, Punjab, Pakistan, 22 September",,,"PML(N)
Businessman & politician"
Afzal Ghumman ,https://www.facebook.com/afzal.jutt.988373,Male,,,
Malik Roman Raees Romi ,https://www.facebook.com/rajaroman.romimalil,Male,,,
Ch Zahid Mahais Adv ,https://www.facebook.com/ch.z.adv.3,"Lives in Faisalabad, From Faisalabad, Married",,,"DBA, Faisalabad.
Youth Advocate
30 Jul 2024-present
 
 · 2 years, 1 month"
Ateeq Gujjar ,https://www.facebook.com/ateeq.gujjar.673712,"Lives in Faisalabad, From Dammam, Saudi Arabia",,,
Bilal B S Bilal ,https://www.facebook.com/bilalbs.bilal.3,"From Faisalabad, Male",,University of the Punjab,Facebook
M Ijaz Baig Baig ,https://www.facebook.com/profile.php?id=100087372862650,,,,
Malik Nadeem ,https://www.facebook.com/malik.nadeem.653767,"Lives in Faisalabad, From Faisalabad, Male",,Punjab Group Of Colleges,
Muhammad Karasan Khan ,https://www.facebook.com/muhammad.karasankhan,"Lives in Faisalabad, From Shah Faisalabad, Punjab, Pakistan, 17 November 1983",,,Advocate
Adv Abdul Wahid Gujjar ,https://www.facebook.com/profile.php?id=100071660266295,"Lives in Faisalabad, From Faisalabad, Single",,Department of Law - TUF,
Abbas Jaweed  (Sweety),https://www.facebook.com/abbas.jaweed,"Lives in Faisalabad, From Faisalabad, 15 April 1980, Married
Since 2018, Male, English language, Urdu and Punjabi language",,,"DBA, Faisalabad.
Legal Consultant"
Malik Salman ,https://www.facebook.com/profile.php?id=100042808722864,,,,
Arshad Mirza ,https://www.facebook.com/arshad.mirza.712714,From Faisalabad,,,
Shahzad Gill Mohil Gill ,https://www.facebook.com/shahzadgill.mohilgill,Male,,,
Aziz Ahmad Siddique ,https://www.facebook.com/aziz.ahmad.siddique.2025,"Lives in Faisalabad, From Shah Faisalabad, Punjab, Pakistan",,,"PML(N)
5 Oct 1997 - Present
 
 · 28 years, 11 months"
Ahmad Shahid ,https://www.facebook.com/ahmad.shahid.794,"Lives in Faisalabad, From Faisalabad, Male",,"University Of Agriculture Faisalabad, Pakistan",
Munshi Sandhu ,https://www.facebook.com/munshi.sandhu.5,"Lives in Faisalabad, From Faisalabad, Single",,GOVT M.C High School Faislaabad.,
Ali Raza Shah  (Dabal shah),https://www.facebook.com/ali.raza.shah.629834,From Faisalabad,,,
Shamas Khokhar ,https://www.facebook.com/shamas.khokhar.805899,Male,,,"PML(N)
7 Aug 2021 - Present
 
 · 5 years, 1 month"
Rana Amjad Khan ,https://www.facebook.com/rana.amjad.khan.2025,"Lives in Faisalabad, From Faisalabad, Male",,,My Own Business Institute
Haji Rana Ashraf ,https://www.facebook.com/alige.ashrafali,"Lives in Istanbul, Turkey, From Al Malaz",,,"Riyadh Sudia Arabia
18 Aug 2021-present
 
 · 5 years, 1 month"
Rowell Irfan ,https://www.facebook.com/rowellirfan96,"Lives in Manchester, United Kingdom, From Faisalabad, Family
Zulekha Irfan, , , Male, Punjabi language, Urdu and English language",,,"TLT Solicitors LLP
Contract Conveyancer
Sep 2025 - Dec 2025
 
 · 3 months"
Mehar Adeel Shahzad ,https://www.facebook.com/adeel.shahzad.796,"Lives in Faisalabad, From Faisalabad, 16 November",,,"Ideal Marble
Business Owner"
Kashmir Butt Pmln ,https://www.facebook.com/usmanbutt.pmln.2025,Lives in Faisalabad,,The Punjab School System - Official,
Hafiz Muhammad Tahir ,https://www.facebook.com/hafiz.muhammad.tahir.219039,"Lives in Faisalabad, From Faisalabad, 15 December 1991",,,"Hafiz Mobile Shop Faisalabad
Hafiz Mobile Shop Faisalabad
In 2022
 
 · 4 years, 8 months"
Waseem Shahid ,https://www.facebook.com/profile.php?id=100079901922661,,,,
Muhammad Taimoor Ashraf ,https://www.facebook.com/tamour.ashraf.1,"Lives in Faisalabad, From Faisalabad, Family
Ashi Kamboh and Honey Roze, , , ",,,"Troll days - The Timeliners
Studying
15 Sep 2013 - Present
 
 · 13 years"
Kashif Ameer Paracha ,https://www.facebook.com/profile.php?id=100077999005276,,,,
Sagheer Ahmad ,https://www.facebook.com/sagheer.ahmad.503645,"Family
Hader Ali, , , Male",,,Self-employed
Ashar Ahmad Awan ,https://www.facebook.com/ashar.awan.330,"Lives in Faisalabad, From Faisalabad, 10 September",,The Legacy School,
Shahid Iqbal ,https://www.facebook.com/profile.php?id=100089363023042,"Lives in Faisalabad, From Faisalabad",,,
Nafees Ahmad ,https://www.facebook.com/nafees.ahmad.651841,"Lives in Faisalabad, From Faisalabad",,"GC University Faisalabad
On 5 April 2018","Assistant Dentist
Dental Assistant (DA)
25 Oct 2019-present
 
 · 6 years, 11 months"
Siraj Ahmad ,https://www.facebook.com/siraj.ahmed.98434997,"Lives in Faisalabad, From Faisalabad",,,
Haji Afzal ,https://www.facebook.com/haji.afzal.1675,"Lives in Faisalabad, From Faisalabad",,,
Muhammad Awais ,https://www.facebook.com/muhammad.awais.959760,"Lives in Islamabad, Pakistan, From Islamabad, Pakistan, 28 June 1990",,,
Kashif Awan ,https://www.facebook.com/kashif.awan.587606,"Lives in Faisalabad, From Faisalabad, Male",,Govt Islamia College Faisalabad,
Saif Khan ,https://www.facebook.com/profile.php?id=100011778012280,Lives in Faisalabad,,,"Managing director
12 Jan 1990 - Present
 
 · 36 years, 8 months"
Ammar Akram Munj Adv ,https://www.facebook.com/munj.ammar,"Lives in Faisalabad, From Faisalabad",,,"Practicing as an Advocate at District Bar Association, Faisialabad
27 Dec 2019 - Present
 
 · 6 years, 9 months"
Ladla Malik Pmln ,https://www.facebook.com/ladal.malik.71,"Lives in Faisalabad, Married, Male",,,"PML(N)
12 Oct 2021-present
 
 · 4 years, 11 months"
Intizar Ansari ,https://www.facebook.com/intizar.ansari.906,,,,
Haji Latif Ghumman ,https://www.facebook.com/chlatif.ghumman,"Lives in Faisalabad, From Faisalabad",,,
Rana Ammar Haider Manj ,https://www.facebook.com/rana.billu,"Lives in Sidhupura, Punjab, Pakistan, From Faisalabad, Single",,,"Account Help 2602
Studying"
Abdulrazzaq Ghumman ,https://www.facebook.com/abdulrazzaq.abdulrazzaq.7374,Male,,,
Raja Daniyal Ahmed ,https://www.facebook.com/rajadaniyal.ahmed.7,Lives in Faisalabad,,,"DBA, Faisalabad.
On 26 May 2019
 
 · 7 years, 4 months"
Ajaz Ansari ,https://www.facebook.com/ajazansari390,,,,
Aasim Kaka ,https://www.facebook.com/aasim.kaka,Male,,,
Pyari Behna Shazia ,https://www.facebook.com/pyari.behna.shazia,,,,
Sher Afghan Cheema ,https://www.facebook.com/sher.afghancheema.3,"Lives in Faisalabad, From Jhumra, Punjab, Pakistan, 7 October",,,"Cheema Brothers transport co.
C.E.O.
Jan 1995 - Present
 
 · 31 years, 8 months"
Usman Ansari ,https://www.facebook.com/usman.ansari.150661,"Lives in Faisalabad, Male",,,
Hassan Rasheed Khan ,https://www.facebook.com/hrk49,,,Divisional Public School Faisalabad,
Azad Khan ,https://www.facebook.com/azad.khan.361002,,,,
Sohail Ahmed Choudhary ,https://www.facebook.com/sohail.ahmed.choudhary.2025,"Lives in Faisalabad, From Faisalabad, Male",,,"Daily Jado Jehad
Cheif Editor"
Afzaal Ahmad Kharal ,https://www.facebook.com/afzaalahmad.kharal,"Lives in Faisalabad, From Chak Jhumra, Male",,,"Assistant Sub Inspector of Police Faisalabad
Punjab Police (Pakistan)
Jan 2015 - Present
 
 · 11 years, 7 months"
Basharat.Ali Basharat.Ali ,https://www.facebook.com/basharat.ali.basharat.ali.904750,,,,
Rana Waheed ,https://www.facebook.com/rana.waheed.446553,,,,
Mian Fahad ,https://www.facebook.com/mian.fahad.38570,,,,
Malik Irshad Anjum ,https://www.facebook.com/malik.irshad.anjum.2025,8 August 1983,,,
Amir Siddiqui ,https://www.facebook.com/amir.siddiqui.7798,"Lives in Faisalabad, From Samanabad, Punjab, Pakistan, Male",,,"My Own Business Institute
Aamir used cloth dealer
1 Aug 2012 - Present
 
 · 14 years, 1 month"
CH Ameer Hussain ,https://www.facebook.com/ahmad.ameer.1848816,"Lives in Faisalabad, From Faisalabad, Male",,,
Awais Ahmad Tabassum ,https://www.facebook.com/awaisahmad.tabassum,"Lives in Faisalabad, From Faisalabad, In a relationship with
Saira Awais
Since 14 March 2015, Family
4 family members, , , , , Male",,University of the Punjab,
Adeel Nawab ,https://www.facebook.com/adeel.nawab.716869,"Lives in Shah Faisalabad, Punjab, Pakistan, From Faisalabad, Male",,Punjab Group Of Colleges,
Asim Jalani ,https://www.facebook.com/asim.jalani,"Lives in Faisalabad, From Faisalabad, Single, Male",,Islamia College,
Adnan Tabsum ,https://www.facebook.com/adnan.tabsum,"Lives in Riyadh, Saudi Arabia, Male",,,
Shakoor Ahmad ,https://www.facebook.com/profile.php?id=100092261168446,,,,
Mian Shafiq Ahmad ,https://www.facebook.com/mianshafiq.ahmad.900,"Lives in Faisalabad, From Faisalabad, Married",,,"Shafiq Book Depot & Stationaries
Owner
1985 - Present
 
 · 41 years, 8 months"
Haji Zulfiqar Ansari Pmln  (Pmln Jeddah),https://www.facebook.com/haji.zulfiqar.ansari.pmln,"Lives in Jeddah, Saudi Arabia, From Faisalabad, Married, Male",,,PML(N)
Muhammad Shahid Pannu ,https://www.facebook.com/shahid.pannu,"Lives in Faisalabad, From Gojra, Married to
Sana Shahid
Since 2 February 2019",,,"University of Agriculture Faisalabad - Official
Agronomist
28 Jun 2008 - Present
 
 · 18 years, 3 months"
Faizan Butt ,https://www.facebook.com/cutefaizi,"Lives in Faisalabad, From Faisalabad, Male",,indpendent college faisalabad,
Mian Sohail Raza ,https://www.facebook.com/sohail.sb.94801,"Lives in Faisalabad, From Shah Faisalabad, Punjab, Pakistan, Married",,,"Faisalabad
Job Boss
On 10 Nov 2017
 
 · 8 years, 10 months"
Mian Nadeem ,https://www.facebook.com/nadeemmian43,"Lives in Shah Faisalabad, Punjab, Pakistan, From Faisalabad, Family
1 family member, Male",,,"Hamza Medicose
25 Feb 2000 - Present
 
 · 26 years, 7 months"
Pomi Bahii ,https://www.facebook.com/pomi.bahii,Male,,,
Nayab Chishti  (چشتی بھائی),https://www.facebook.com/nayab.chishti1,"Lives in Lahore, Pakistan, From Faisalabad, 5 September",,,"Municipal Corporation faisalabad
Youth President"
Ashfaq Jatt ,https://www.facebook.com/ashfaq.jaat.50,Lives in Faisalabad,,,
Nadeem Virk  (Nadeem jutt),https://www.facebook.com/nadeem.virk.664300,Male,,,
Tanveer Ahmad ,https://www.facebook.com/tanveer.ahmad.52567,Lives in Faisalabad,,,
Shafiq Arain Shair ,https://www.facebook.com/profile.php?id=100094613589401,"Lives in Sadiqabad, From Sadiqabad, Single",,Marmara University,
Rana Inam Ullah Khan  (رانا انعام اللہ ایڈووکیٹ),https://www.facebook.com/its.inam,"Lives in Faisalabad, From Faisalabad, 3 March",,,
Adnan Bajwa ,https://www.facebook.com/adnan.bajwa.77964,"Lives in Lahore, Pakistan, From Lahore, Pakistan, Male",,,Facebook
Sheikh Imran Mani ,https://www.facebook.com/sheikhimran.mani.794,"Lives in Faisalabad, From Faisalabad, 13 December 1972",,Punjab Group Of Colleges,
Waheed Ansari Waheed Ansari ,https://www.facebook.com/waheedansari.waheedansari.798,"Lives in Faisalabad, From Faisalabad",,"Punjab, Pakistan",
Kashif Hanif ,https://www.facebook.com/kashif.hanif.100,"Lives in Faisalabad, From Faisalabad, Married
Since 30 November 2017, Male",,,"Self-business
Owner"
Mian Sarfraz Ahmad ,https://www.facebook.com/mian.sarfraz.ahmad.2025,"Lives in Faisalabad, From Faisalabad",,,"AZAD ESTATE DEVELOPER'S
27 May 1997 - Present
 
 · 29 years, 4 months"
شیر جمال مان ,https://www.facebook.com/jimim.jamal,,,,
Muhammad Zàhéèr ,https://www.facebook.com/zaheer.nawaz.564,"Lives in Dera Ghazi Khan, From Sakhi Sarwar",,,"My Own Business Institute
16 May 2021-present
 
 · 5 years, 4 months"
Azeem Jani ,https://www.facebook.com/azeem.jani.58323,,,,
Nawab Saeed ,https://www.facebook.com/nawab.saeed.279191,"Lives in Faisalabad, From Faisalabad, Married
Since 23 December 2009",,,Lions Clubs International
Ch Ajiz Kalyar ,https://www.facebook.com/ajiz.klyar,"Lives in Faisalabad, From Faisalabad, Married",,,
Rana Naseer ,https://www.facebook.com/rana.naseer.3386,"6 June 1966, Male",,,
Mian Mian ,https://www.facebook.com/profile.php?id=100011448690017,,,,
Choudary Talha Arif Chaad ,https://www.facebook.com/talha.gujjaar.9,"Lives in Faisalabad, From Faisalabad, Male",,,Facebook
Abrar Malik ,https://www.facebook.com/abrar.malik.52687,"Lives in Faisalabad, From Faisalabad, Married",,,
Rana Umar Farooq Adv ,https://www.facebook.com/ranaumarfarooq.adv.3,16 June 1990,,,
Tariq Bashir Sandhu ,https://www.facebook.com/profile.php?id=100011482200697,"Lives in Faisalabad, From Faisalabad, Male, Urdu",,,"mY oWn bUsInEsS
Owner"
Hassan Wattoo ,https://www.facebook.com/hassan.wattoo.9,,,,
Sheikh Abid Shahzad ,https://www.facebook.com/sheikh.abidshahzad.92,Male,,,
Sajjad Sajjad ,https://www.facebook.com/profile.php?id=100021380853023,"Lives in Faisalabad, From Saiyid Sajjad Husain Shah, Sindh, Pakistan, Male",,,"Faisalabad
23 Dec 2020-present
 
 · 5 years, 9 months"
Ghazanfar Ali Bloch ,https://www.facebook.com/gazanfar.baloch.2025,,,,
Doulat Khan  (Tarokhail),https://www.facebook.com/doulat.khan.246508,"Lives in Faisalabad, Male",,,DKB Construction company
Chaudhry Usman ,https://www.facebook.com/chaudhry.usman.5030,"Lives in Faisalabad, From Faisalabad, Male, English language, Urdu and Punjabi language",,,Facebook
Waheed Ahmad ,https://www.facebook.com/waheed.ahmad.100046,"Lives in Faisalabad, From Faisalabad, Male",,,ARS Comex Iquique Chile
Muhammad Ahsan Rohani ,https://www.facebook.com/profile.php?id=100008812960761,"Lives in Faisalabad, From Faisalabad, Male",,,PML(N)
Aftab Akbar CH Mpa ,https://www.facebook.com/aftabakbarchmpa,,,,
Adv Ali Raza ,https://www.facebook.com/adv.ali.raza.241747,"Lives in Faisalabad, Male",,,"DBA, Faisalabad.
Advocate"
Zahid Janda ,https://www.facebook.com/zahid.janda.3,,,,
Zulifqar Sandhu ,https://www.facebook.com/zulifqarsandhu.zulifqarsandhu.9,"Lives in Sangla Hill, Male",,,"journalist
2 Dec 2023-present
 
 · 2 years, 9 months"
Ghulam Hussain Awan ,https://www.facebook.com/ghulamhussain.awan.7568,"Lives in Faisalabad, From Faisalabad, 16 August 1965",,,
Bilal Khayal ,https://www.facebook.com/bilal.king.3304673,Lives in Faisalabad,,,
Muhammad Asif ,https://www.facebook.com/asif.bhatti.50596,Lives in Faisalabad,,,
Ga Tanveer ,https://www.facebook.com/GA.Tanveer,"Lives in Faisalabad, From Faisalabad, Male",,,"Koh E Noor News Chanel
Anchor person
15 Oct 2020 - Present
 
 · 5 years, 11 months"
Abid Hussain ,https://www.facebook.com/abid.hussain.864474,"Lives in Faisalabad, From Faisalabad",,,
Ch Shahzad Kamboh ,https://www.facebook.com/ch.shahzadkamboh.9,,,,
Kamran Jutt ,https://www.facebook.com/profile.php?id=100057474138563,,,,
Hafiz Hafiz ,https://www.facebook.com/hafiz.hafiz.21429,Lives in Faisalabad,,,
Daily Waqif Dailywaqif ,https://www.facebook.com/Dailywaqif,"Lives in Faisalabad, From Faisalabad, Male",,,
Rehman Ellai Illahi ,https://www.facebook.com/rehmanellai.illahi,"Lives in Faisalabad, From Lahore, Pakistan, Single",,,
Shafiq Butt ,https://www.facebook.com/jangi.butt.7,"Lives in Faisalabad, Male",,,
Ali Malik ,https://www.facebook.com/a.alimalik.m,"From Shah Faisalabad, Punjab, Pakistan, Married
Since 7 February 2014, Male",,,"Mera Qalam
Editor
12 years, 4 months"
Asim Khan Asim Khan ,https://www.facebook.com/asim.khan.asim.khan.958361,Male,,,
Rai Ahsan ,https://www.facebook.com/rai.ahsan.366404,"Lives in Faisalabad, From Faisalabad",,,"Yarn Market FSD.
20 May 2022 - Present
 
 · 4 years, 4 months"
Farooq Ahmad ,https://www.facebook.com/farooq.ahmad.370177,"Lives in Faisalabad, From Lahore, Pakistan",,,"PTI Punjab
Faisalabad
Mar 2008 - Present
 
 · 18 years, 5 months"
Shaikh Naveed ,https://www.facebook.com/zaeem.naveed.14,"Lives in Faisalabad, From Faisalabad, Male",,,
Muhammad Mohsin Bajwa ,https://www.facebook.com/muhammadmohsin.bajwa,"Lives in Faisalabad, From Faisalabad",,,
Riaz Gujjar ,https://www.facebook.com/riaz.gujjar.451141,,,,
Ɓarrister Rana Taimur Manj ,https://www.facebook.com/barristertaimurmanj,"Lives in Manchester, United Kingdom, From Faisalabad, 1 January",,,"Manj Rice Mill / Manj Impex
CEO
30 Sep 2010-present
 
 · 15 years, 11 months"
Ranashahbaz Ranashahbaz ,https://www.facebook.com/ranashahbaz.ranashahbaz.1865,"Lives in Oman, From Oman, Male",,,Facebook
Syed Abid Hussain Gilani ,https://www.facebook.com/profile.php?id=100044082019129,Lives in Faisalabad,,,Sitara Chemicals Industries Limited Pakistan
Imran Mani ,https://www.facebook.com/profile.php?id=61552830053616,"Lives in Faisalabad, 12 January 1989",,,
Ch Waleed Nasir Brolla ,https://www.facebook.com/waleed.jutt.779,"Lives in Faisalabad, From Faisalabad, Male",,,Business Man
Saleem Sagar Khokhar ,https://www.facebook.com/saleem.sagar.965928,"Lives in Faisalabad, From Faisalabad, 15 August 1983",,,"Suthra Punjab Agency Faisalabad
5 Aug 2020 - Present
 
 · 6 years, 1 month"
Ak Yousaf ,https://www.facebook.com/yusuf.ak.56211,,,,
Rana Arshad Ali ,https://www.facebook.com/rana.arshad.ali.344828,"Lives in Faisalabad, Single",,"Govt. M.C. High School, G.M Abad, Faisalabad","Faisalabad
8 Aug 2021-present
 
 · 5 years, 1 month"
Adv Muhammad Hassan ,https://www.facebook.com/hassan.tariq.547389,"Lives in Faisalabad, From Faisalabad",,,
Raja Asim ,https://www.facebook.com/raja.asim.9619,"Lives in Faisalabad, From Faisalabad, Married, Male",,,"Honda Chenab
Director
2008 - Present
 
 · 18 years, 8 months"
Muhammad Zubair ,https://www.facebook.com/muhammad.zubair.202726,"Lives in Faisalabad, 28 April 1996, Male",,Superior college of technology Faisalabad,
Tanveer Gee Ansari ,https://www.facebook.com/tanveergee.ansari,,,Punjab Group Of Colleges,
M Irfan Pml N ,https://www.facebook.com/profile.php?id=100081680836218,"Lives in Jhang City, Punjab, Pakistan, From Jhang Sadar, Punjab, Pakistan, Single",,,
Usman Javed Zafar ,https://www.facebook.com/usman.zafar.1447,"Lives in Faisalabad, From Faisalabad, Male",,,"My Own Business Institute
Business"
Rizwan Mughal ,https://www.facebook.com/rizwan.mugal.1048,Lives in Faisalabad,,"Govt High School 200 R.B
On 11 November 2018","Dyes & Chemicals Marketing
G M Sales
11 Nov 2018 - Present
 
 · 7 years, 10 months"
Mian Imran Ali ,https://www.facebook.com/mianimran.ali.90,"Lives in Riyadh, Saudi Arabia, From Faisalabad, 8 July 1986",,,PML(N)
Hassam Ali ,https://www.facebook.com/hassam.ali.7146557,Male,,,
Waseem Jutt ,https://www.facebook.com/waseem.jutt.727732,"Lives in Faisalabad, From Faisalabad",,,"Faisalabad
Catal feeds
8 Feb 2020 - Present
 
 · 6 years, 7 months"
شفقت علی سلوترا ,https://www.facebook.com/shfqt.ly.slwtra.2025,,,,
Hakeem Razzaq ,https://www.facebook.com/hakeem.razzaq.50,"Lives in Faisalabad, From Shah Faisalabad, Punjab, Pakistan",,GC University Faisalabad,
Aamir Mushtaq Clare  (Aamir Mushtaq Clare),https://www.facebook.com/aamir.clare,"Lives in Crawley, Single, Family
4 family members, , , , ",,,"Lahore Institute of Science & Technology
Registrar
20 May 2015-present
 
 · 11 years, 4 months"
Sunny Shah ,https://www.facebook.com/profile.php?id=100081767357059,"Lives in Faisalabad, From Islamabad, Pakistan",,,
Adv Tahirjawad Rana ,https://www.facebook.com/tahirjawad.rana.5,"Lives in Faisalabad, From Faisalabad, Male",,,
Waqar Dogar ,https://www.facebook.com/profile.php?id=100009048186109,"Lives in Faisalabad, From Malikpur Mananwala, Punjab, Pakistan",,,
Imran Hameed ,https://www.facebook.com/imran.hameed.274437,"Lives in Jeddah, Saudi Arabia, From Faisalabad",,,
Rana Aziz Manj  (Abdullah),https://www.facebook.com/aziz.rana.56,"From Faisalabad, Single, Male",,,
صدام ریاض بٹ  (گجرات آلہ),https://www.facebook.com/abraymkshmyryb,"Lives in Gujrat, From Gujrat, Single",,,"‎مسلم لیگ ن سے محبت‎
Apr 2022 - Present
 
 · 4 years, 5 months"
Shah Fasil ,https://www.facebook.com/shah.fasil.792197,,,,
Zahid Manj ,https://www.facebook.com/zahid.manj.3154,Lives in Faisalabad,,,
Zaheer Attari ,https://www.facebook.com/zaheer.jutt2,"Lives in Faisalabad, From Faisalabad",,,
Naveed Ali ,https://www.facebook.com/naveed.ali.991055,,,,
Saleem Rajput ,https://www.facebook.com/saleem.rajput.54379,"Lives in Faisalabad, From Faisalabad",,,"City41
Camraman
1 Apr 2024 - Present
 
 · 2 years, 5 months"
Sajjad Ali ,https://www.facebook.com/sajjad.ali.854611,"Lives in Lahore, Pakistan, From Shah Faisalabad, Punjab, Pakistan, Male",,University of the Punjab,
Usman Gujjar Unman Gujjar ,https://www.facebook.com/usmangujjar.unmangujjar,"Lives in Faisalabad, Single",,,
Awais Mughal ,https://www.facebook.com/awais.mirza.332,"Lives in Faisalabad, Male",,mc high school kotwali road faisalabad,
Mazhar Gill ,https://www.facebook.com/mazhar.gill.514002,,,,
Ali Shah ,https://www.facebook.com/profile.php?id=100055371324042,"Lives in Faisalabad, From Faisalabad, Single",,,"Zamzama Avenue
Director"
Mehran Ali Qadri ,https://www.facebook.com/mehranaliqadri123,"Lives in Faisalabad, From Shah Faisalabad, Punjab, Pakistan, Male",,,
Afzaal Sultani ,https://www.facebook.com/afzaal.sultani.52,,,,
Malik Kaleem Ashraf ,https://www.facebook.com/kaleem.1122,"Lives in Shah Faisalabad, Punjab, Pakistan, From Faisalabad",,,"property consultant
5 Jul 2022 - Present
 
 · 4 years, 2 months"
Rana Mazhar ,https://www.facebook.com/rana.muzhar.9,"Lives in Faisalabad, From Faisalabad, Male",,,"Property Developer
Al basit developer
26 Nov 2007-present
 
 · 18 years, 10 months"
Nader Maan ,https://www.facebook.com/nader.maan.5,"Lives in Shah Faisalabad, Punjab, Pakistan, From Faisalabad, Male",,,"Dawn News TV
Cameraman"
Mian Faseeh ,https://www.facebook.com/chaudary.faseeh.7,"Lives in Stirling, From Faisalabad",,University of Stirling,
Mohsin Ansari ,https://www.facebook.com/mohsin.ansari.753099,,,,
Mian Ahsan ,https://www.facebook.com/ahsan.ahsan.50159,"10 December 1995, Male",,,
Adnan Ansari ,https://www.facebook.com/adnan.ansari.237692,,,,
MNawaz Nawaz ,https://www.facebook.com/mnawaz.nawaz.418893,1 November 1968,,,
Rustam Masih ,https://www.facebook.com/rustam.masih.35,Male,,,
Alven Yaqoob ,https://www.facebook.com/alven.yaqoob,"Lives in Shah Faisalabad, Punjab, Pakistan, From Shah Faisalabad, Punjab, Pakistan",,,
Mohammad Munir Ansari ,https://www.facebook.com/mohammad.munir.ansari.311519,"Lives in Faisalabad, From Faisalabad",,Govt New Model High School - FSD,"Faisalabad
Internet Service
16 Jul 2024 - Present
 
 · 2 years, 2 months"
Mukhtar Ahmad Naz ,https://www.facebook.com/mukhtar.naz.5,"Lives in Faisalabad, From Faisalabad, Male",,,Buisness
Zohaib Amanat ,https://www.facebook.com/profile.php?id=61583659898167,Lives in Faisalabad,,,
Tanveer Kambho ,https://www.facebook.com/tanveergee.ranveergee,,,,
Tijammal Hussain ,https://www.facebook.com/tijammal.hussain.1,"Lives in Faisalabad, From Faisalabad, Male",,Govt Islamia Science & Arts/Commerce College Sukkur,
Babar Ali ,https://www.facebook.com/ANSARI.664,"Lives in Shah Faisalabad, Punjab, Pakistan, From Faisalabad, Male",,,"Factory area Hajvery center
Grey cloth Business"
Rana Sohail ,https://www.facebook.com/profile.php?id=100071720896710,Lives in Faisalabad,,GC University Faisalabad,"Bussiness
21 Aug 2021 - Present
 
 · 5 years, 1 month"
Abdul Jabbar ,https://www.facebook.com/abdul.jabbar.113945,"Lives in Faisalabad, From Faisalabad",,,
Farooq Umar ,https://www.facebook.com/farooq.umar.552652,,,,
Nasir Chan ,https://www.facebook.com/nasir.chan.108,Male,,,
شیرا جی ,https://www.facebook.com/shyra.jy.2025,Male,,,"Mecca, Saudi Arabia
30 Nov 2022 - Present
 
 · 3 years, 9 months"
Sh Tariq Mehmood ,https://www.facebook.com/sh.tariq.mehmood.2025,Male,,,
Amjad Ali ,https://www.facebook.com/amjad.ali.992988,,,,
Faisal Jani Faisal Jani  (Malik faisal),https://www.facebook.com/faisal.jani.faisal.jani.719539,"Lives in Jhelum, Punjab, From Jhelum, Punjab, Married
Since 11 October 2015",,,
Waheed Khan ,https://www.facebook.com/profile.php?id=61553320387090,,,,
Faisal Ali Rehmani ,https://www.facebook.com/faisal.ali.rehmani.2025,"Lives in Dubai, United Arab Emirates, From Shah Faisalabad, Punjab, Pakistan",,,
Malik Majid ,https://www.facebook.com/malik.majid.920019,"Lives in Faisalabad, From Faisalabad, Married, Male",,,Facebook
Rana Iqbal Hassan  (Journalist),https://www.facebook.com/rana.iqbalhassan.1,"Lives in Shah Faisalabad, Punjab, Pakistan, From Shah Faisalabad, Punjab, Pakistan, Married
Since 17 February 2015",,,"Journalist/Columnist
28 Aug 2019 - Present
 
 · 7 years, 1 month"
Naveed Shahzad ,https://www.facebook.com/naveed.shahzad.336333,From Faisalabad,,,
Butt G ,https://www.facebook.com/butt.g.1475,Male,,,
Rai Ghulam Mustafa ,https://www.facebook.com/rai.mustafa.3192,"Lives in Shah Faisalabad, Punjab, Pakistan, From Faisalabad, Married
Since 2009, Male",,,Facebook
Amir Ansari ,https://www.facebook.com/amir.ansari.191234,"Lives in Faisalabad, From Faisalabad, Married",,,"Faisalabad Textile Newz
Self"
Naik Muhammad Manj ,https://www.facebook.com/naikmuhammad.manj,"Lives in Faisalabad, From Faisalabad, Male",,,"Business
Textile Dyes & Chemicals
2004 - Present
 
 · 22 years, 8 months"
Arif Butt ,https://www.facebook.com/arif.mehmood.138662,Lives in Gujrat,,,
Muhammad Tayyab ,https://www.facebook.com/muhammad.tayyab.851845,,,,
Abid Hussain  (ڈاکٹرعابدحسین),https://www.facebook.com/abid.hussain.479117,"Lives in Multan, From Multan, Married
Since June 2023",,,"Multan
Doctor"
Mashood-ul Husnain ,https://www.facebook.com/mashoodul.husnain,"Lives in Faisalabad, From Faisalabad",,,
Akash Mehra ,https://www.facebook.com/mehra9275,"Lives in Faisalabad, From Faisalabad",,,"Meezan Bank Ltd
Senior Officer
19 Jan 2019 - Present
 
 · 7 years, 8 months"
Aqeel Aqeel ,https://www.facebook.com/aqeel.aqeel.71367,,,,
Mian Umar Javed ,https://www.facebook.com/mianumarjaved6464,"Lives in Faisalabad, From Faisalabad, Single",,,Faisalabad
M Mudassar ,https://www.facebook.com/muhammad.mudassar.5492,"Lives in Faisalabad, From Faisalabad, 1981",,,
Gm Sheikh ,https://www.facebook.com/gm.sheikh.37,Male,,,
Ashfaq Hashmi ,https://www.facebook.com/ashfaq.hashmi.792,"Lives in Faisalabad, From Faisalabad",,,"Daily Jang & Geo News
Reporter"
Haji Sh Saif Jalandari ,https://www.facebook.com/saif.sheikh.908,"Lives in Faisalabad, From Faisalabad, 1985",,,"Rehman Industries
Owner and CEO
15 Dec 1995 - Present
 
 · 30 years, 9 months"
Sardar Amin Jatoi ,https://www.facebook.com/sardar.aminjatoi,"Lives in Faisalabad, From Faisalabad",,,
CH Sajjad Gujjar ,https://www.facebook.com/ch.sajjad.gujjar.503646,,,,
Mian Tanveer ,https://www.facebook.com/mian.tanveer.146,"Lives in Islamabad, Pakistan, 2 April 1985, Male",,,"Mezan Builders
Chief Executive Officer (CEO) & Founder
24 Jun 2023 - Present
 
 · 3 years, 3 months"
Malik Shahbaz ,https://www.facebook.com/maliki.shahbaz,"Lives in Faisalabad, From Faisalabad, Male",,,Sui Northern Gas Pipelines Limited
CH Arslan Arshad Pansota  (Arslan),https://www.facebook.com/arslan.pansota.5,"Lives in Faisalabad, From Bhaiwala, Punjab, Pakistan, Family
Ayza Shabbir Pansota, , , Male",,GC university fsd,
Mehar Sajid ,https://www.facebook.com/mehar.sajid.188,"Lives in Faisalabad, Male",,,Facebook
Malik Asghar ,https://www.facebook.com/malik.asghar.92505956,"Lives in Lahore, Pakistan, From Lahore, Pakistan",,,
Haroon Khan ,https://www.facebook.com/haroon.khan.96782,,,,Jaffer Group
Shano Ali ,https://www.facebook.com/shano.ali.5661,,,,
Imran Mughal ,https://www.facebook.com/profile.php?id=100052501062475,"Lives in Faisalabad, From Faisalabad",,,
Amjad Malikali ,https://www.facebook.com/amjad.malikali.2025,,,,
Tahseen Bhatti ,https://www.facebook.com/tahseen.bhatti.731833,,,,
Abid Hussain ,https://www.facebook.com/abid.hussain.689323,"Lives in Faisalabad, From Sidhupur, Punjab, Pakistan, Male",,,N/A
Sadaqat Ali Sipra ,https://www.facebook.com/ali.sipraadvocate,"Lives in Manchester, United Kingdom, From Faisalabad, Male",,,
Khalid Mehmood ,https://www.facebook.com/profile.php?id=100033659053496,"Lives in Faisalabad, From Faisalabad, Male",,,Punjab Police
Naveedansari Naveedansari ,https://www.facebook.com/naveedansari.naveedansari.218036,"Lives in Dallas, Texas, From Dallas, Texas, Married",,,
Adnan Raza Ansari ,https://www.facebook.com/adnanrazaansaripti,"Lives in Faisalabad, From Faisalabad",,University of Agriculture Faisalabad - Official,
Muhammad Awais ,https://www.facebook.com/sham.awais,"Lives in Faisalabad, From Faisalabad, Family
Maher Shamraiz Awais, , ",,,"Self-employed
Owner"
Ch Bilal Wallahra ,https://www.facebook.com/profile.php?id=100010772138577,"Lives in Faisalabad, 14 August 1991, Male",,,"Facebook
Labour dipartment faisalabad"
Malik Imran ,https://www.facebook.com/malik.imran.725757,"Lives in Faisalabad, From Faisalabad",,,
Mangat Sb ,https://www.facebook.com/mangat.sb.2025,,,,
Aashair Sumriz ,https://www.facebook.com/aashair.sumriz,Male,,,
Muhammad Shahid ,https://www.facebook.com/Mr.MuhammadShahid,"Lives in Faisalabad, From Faisalabad, 7 July",,,Riaz Ahmad & Co. (RACO)
Salman Pansota ,https://www.facebook.com/salman.pansota,"Lives in Faisalabad, From Faisalabad",,,
Rana Ali Rasheed ,https://www.facebook.com/profile.php?id=100086342286935,"Lives in Faisalabad, From Faisalabad, Married",,,
Shahbaz Hussain ,https://www.facebook.com/shahbaz.hussain.979113,Male,,,
GulZar Malik ,https://www.facebook.com/gulzar.malik.3597,,,,
Ch Sarfraz Aolukh  (چوہدری سرفراز اولکھ),https://www.facebook.com/sarfraz.aolukh,"Lives in Islamabad, Pakistan, From Faisalabad, 16 May",,,Police officer in Punjab Police
Ustad Shakir Maan ,https://www.facebook.com/shakir.ali.566,"Lives in Mons, Belgium",,Government College University,
Faisal Randhawa ,https://www.facebook.com/faisal.randhawa.461649,"20 May 1992, Male",,,
Mian Javeed ,https://www.facebook.com/mian.javeed.2025,Lives in Faisalabad,,Govt Islamia College Faisalabad,"Owner J Mart and J Farme.
26 Nov 2020-present
 
 · 5 years, 10 months"
Noman Aslam Adv ,https://www.facebook.com/noman.aslam.adv,,,"Punjab University, Lahore
School year 2019","Practicing Lawyer High Court Lahore & Faisalabad
15 Jan 2017 - Present
 
 · 9 years, 8 months"
Malik Asif ,https://www.facebook.com/malik.asif.642569,"Lives in Faisalabad, Male",,,
Imad Abbas ,https://www.facebook.com/profile.php?id=100080185304536,,,,
Aftab Ahmad ,https://www.facebook.com/aftab.ahmad.617897,"Lives in Shah Faisalabad, Punjab, Pakistan, From Faisalabad",,Lahore Grammar School,"Faisalabad Fan Club
2 Aug 2019 - Present
 
 · 7 years, 1 month"
Irfan Jutt ,https://www.facebook.com/profile.php?id=100024408931308,"Lives in Faisalabad, From Faisalabad, Male",,,Self-employed
CH Anees Ahmad ,https://www.facebook.com/chanees.ahmad.52,"Lives in Islamabad, Pakistan, From Rawalpindi, Pakistan",,,Self Employed (Business)
Farooq Bhatti ,https://www.facebook.com/profile.php?id=100032286649226,Lives in Faisalabad,,VTI College Faisalabad,"Refrigeration And Air Conditioning repair
31 Jul 2018 - Present
 
 · 8 years, 1 month"
Shani Ansari ,https://www.facebook.com/shani.billa.336,"Lives in Faisalabad, From Faisalabad, Married",,,PML(N)
Ahmad Sahi ,https://www.facebook.com/ahmad.sahi.166277,,,,
Zain Aulakh ,https://www.facebook.com/zain.aulakh.5,"Lives in Faisalabad, From Faisalabad",,Punjab Group Of Colleges,
Khalid Waheed ,https://www.facebook.com/khalid.waheed.79,"Lives in Dubai, United Arab Emirates, Married, Male",,,"TAJ DUBAI
Housing Executive
10 Oct 2021 - Present
 
 · 4 years, 11 months"
Asif Baig ,https://www.facebook.com/profile.php?id=100012443714348,"Lives in Faisalabad, From Faisalabad",,Punjab Group Of Colleges,Takiplik Paylaşımlar
Faheem Raza ,https://www.facebook.com/profile.php?id=100036835458026,,,,
Mian Khuram ,https://www.facebook.com/mian.khuram.33886,"Lives in Faisalabad, From Faisalabad, Male",,"GC University Faislabad
School year 2022",
Adv Sadaf Manzoor Sial ,https://www.facebook.com/adv.sadaf.manzoor.sial,"Lives in Faisalabad, From Faisalabad, 29 September 1992, Single, Male, Urdu, Punjabi language and English language",,,"Advocate DBA Faisalabad
Advocate
Oct 2019 - Present
 
 · 6 years, 10 months"
Ibrar Ahmed Awan ,https://www.facebook.com/ibrarahmed.awan.92,"Lives in Faisalabad, From Faisalabad",,Government Science College,
Rashid Gold ,https://www.facebook.com/rashid.gold.50,Male,,,
Tanvir Riaz Sandhu ,https://www.facebook.com/tanvir.riaz.142,"Lives in Faisalabad, From Faisalabad, 14 September 1978",,Punjab Group Of Colleges,
Rana Arshad ,https://www.facebook.com/rana.arshad.840964,"Lives in Faisalabad, From Faisalabad",,,
Shabbir Hussain Shami ,https://www.facebook.com/profile.php?id=100089214745080,"Lives in Lahore, Pakistan, Divorced",,,
Qaisar Iqbal Jutt ,https://www.facebook.com/qaisar.jutt.336,"Lives in Faisalabad, From Pakistan Employees Cooperative Housing Society, Sindh, Pakistan, Male",,Account Help 2602,
Ajmal Rahmani ,https://www.facebook.com/ajmal.rahmani.165,"Lives in Kot Addu, From Kot Addu, Single",,,Facebook
Ali Akbar Dhillon ,https://www.facebook.com/profile.php?id=100009100336815,"Lives in Faisalabad, From Faisalabad, Married
Since 21 October 2011, Male",,,Business
Ahmad Jutt ,https://www.facebook.com/ahmad.jutt.968023,,,,
Humair Shahid ,https://www.facebook.com/humair.shahid.58,"Lives in Faisalabad, 6 February 1994",,,
Mpa Rukhsana Kausar Smt ,https://www.facebook.com/profile.php?id=100080218134509,,,,
Shoukat Jutt ,https://www.facebook.com/profile.php?id=100073640334365,,,,
Miansarwar Miansarwar ,https://www.facebook.com/miansarwar.miansarwar.2025,,,,
Aamir Ansari ,https://www.facebook.com/aamir.umar.927,"Lives in Faisalabad, From Faisalabad, Married
Since 28 December 2015, Male",,,
Sheraz Pmln ,https://www.facebook.com/sheraz.pmln.2025,,,,
Adnan Mirza ,https://www.facebook.com/adnan.mirza47,"Lives in Faisalabad, From Shah Faisalabad, Punjab, Pakistan, Male",,,"Jeddah, Saudi Arabia"
Sultan Butt ,https://www.facebook.com/profile.php?id=61553710955276,8 June 1973,,,
Shafqat Shah ,https://www.facebook.com/shafqat.shah.75470,,,,
Shahbaz Malik ,https://www.facebook.com/shahbazmalikk,Male,,Punjab University,
میاں سلمان طارق  (Mian happy),https://www.facebook.com/mya.slman.tarq,"Lives in Faisalabad, From Faisalabad",,M. C. C. Higher Secondary School,"Self-employed
General Manager
Jul 2007 - Present
 
 · 19 years, 1 month"
Naeem Ahmad ,https://www.facebook.com/naeem.ahmad.124670,Male,,,
Adnan Bhutta ,https://www.facebook.com/adnan.bhutta.655604,"Lives in Faisalabad, From Faisalabad",,,"Faisalabad
23 Sep 2021 - Present
 
 · 5 years"
Muhammad Aslam ,https://www.facebook.com/tasleem.aslam.73307,,,,
Sheikh Nafees ,https://www.facebook.com/sheikh.nafees.167,"Lives in Dubai, United Arab Emirates, From Faisalabad, Single, Male",,,"Mobile Shop
Sales man
Aug 2018 - Present
 
 · 8 years"
Jaranwala Ka Sher ,https://www.facebook.com/profile.php?id=100091666993077,,,,
Hafiz Saqib Ali Warriach ,https://www.facebook.com/hafiz.saqib.ali.warriach.2025,"Lives in Faisalabad, From Faisalabad, 3 January 1991, Single, Male, English language and Urdu",,,"Almadina & co . salt
5 Jan 2018 - Present
 
 · 8 years, 8 months"
Kashif Manj ,https://www.facebook.com/profile.php?id=100091543667279,"Lives in Faisalabad, From Faisalabad",,,
Faisal Joyia Faisal ,https://www.facebook.com/faisaljoyia.faisal.9,Male,,,
Qayyum Butt Qayyum Butt ,https://www.facebook.com/qayyum.butt.qayyum.butt.2025,,,,
Shahid Ali ,https://www.facebook.com/patwarry197,"Lives in Faisalabad, From Faisalabad, Married
Since 11 February 2010",,,
Allahrakha Rehmani ,https://www.facebook.com/profile.php?id=100077472027082,"Lives in Samana, Punjab, Pakistan, 4 February 2003",,,
Mudassar Ansari ,https://www.facebook.com/mudsar.ansari.52,"Lives in Faisalabad, From Faisalabad, 11 May 1980",,,PML(N)
Sadi Jutt ,https://www.facebook.com/sadi.jutt.9256,,,,
Ali Shah ,https://www.facebook.com/ali.shah.318430,"Lives in Gojra, Male",,,
Asim Awan ,https://www.facebook.com/asim.shazad.56884,,,,
Hafiz Babar Hussain ,https://www.facebook.com/hafizbabar.hussain.71,Lives in Faisalabad,,,
Ali Rizwan Bhangu ,https://www.facebook.com/ali.rizwan.10004,"Lives in Faisalabad, From Faisalabad, 1 August 2003",,,"aramko
Machine operator"
Bilal Rajpoot ,https://www.facebook.com/bilal.rajpoot.398885,"From Sialkot, Punjab",,Government Arabic high school,"Al-Riyadh KSA
21 Mar 2021 - Present
 
 · 5 years, 6 months"
Mehar Shoukat ,https://www.facebook.com/mehar.shoukat.77,"Lives in Faisalabad, From Faisalabad, Male",,,
Zaem Malick ,https://www.facebook.com/profile.php?id=100006898427870,,,,
Shami Pmln  (Social media Kohat),https://www.facebook.com/shami.307291,,,,
Haider Jafri ,https://www.facebook.com/haider.jafri.864304,,,,
Asif Mubarak ,https://www.facebook.com/asif.mubarak.7,"Lives in Faisalabad, From Faisalabad, 10 September 1985, Male",,,"Business
Owner"
Ali Hassan ,https://www.facebook.com/ali.hassan.637620,"Lives in Faisalabad, From Faisalabad, In a relationship
Since 2023",,,"Student
18 Jun 2023 - Present
 
 · 3 years, 3 months"
Abdul Mannan ,https://www.facebook.com/abdul.mannan.128703,"Lives in Gojra, Single",,,"Darapur, Punjab, Pakistan
31 Dec 2010-present
 
 · 15 years, 8 months"
Ahmed Sageer Raja ,https://www.facebook.com/profile.php?id=61554556394768,"Lives in Kahuta, From Rawalpindi, Pakistan",,,
Rana Zahid ,https://www.facebook.com/rana.zahid.574006,,,,
Ch Muhammad Iqbal  (Daily Clock Tower News),https://www.facebook.com/profile.php?id=61571443169625,30 July 1970,,,
Raja Zubair Raja Zubair ,https://www.facebook.com/profile.php?id=100080109622340,"Lives in Rawalpindi, Pakistan, From Usman Khattar, Punjab, Pakistan",,,"Business Standard
12 Apr 2022 - Present
 
 · 4 years, 5 months"
Rana Sarfraz Iqbal Sarfraz ,https://www.facebook.com/profile.php?id=100079517145547,Lives in Faisalabad,,,
Mian Fayyaz ,https://www.facebook.com/profile.php?id=100081196054512,,,,
Iqbal Iqbal ,https://www.facebook.com/iqbal.iqbal.745886,,,,
Aftab Ahmad ,https://www.facebook.com/aftab.ahmad.7863,"Lives in Attock, From Attock",,,
Waqas Gujjar ,https://www.facebook.com/waqas.gujjar.474797,Lives in Faisalabad,,,
Hamza Mehar ,https://www.facebook.com/hamza.mehr.125,"Lives in Faisalabad, Married, Male",,,Not Yet Working
Javed Iqbal ,https://www.facebook.com/profile.php?id=61552581970688,,,,
Muno Malik ,https://www.facebook.com/muno.malik.2025,"Lives in Faisalabad, From Faisalabad",,,
"Hassan Nazir 
(Dr Hassan Ch)",https://www.facebook.com/drhassannazir,"Lives in Khurianwala, Punjab, Pakistan, From Faisalabad, 20 November 1999",,,"Shifa International Hospitals Ltd.
Medical Officer
On 16 Mar 2026
 
 · 6 months"
Mirza Arbaz  (عثمان بیگ),https://www.facebook.com/mirza.arbaz.3950,Lives in Faisalabad,,,
Paloossagar Paloos ,https://www.facebook.com/paloossagar.paloos.3,"Lives in Faisalabad, From Faisalabad, Male",,,Business
Mian Naeem ,https://www.facebook.com/profile.php?id=100089083448491,,,,
Wali Ikram Khan Mamund ,https://www.facebook.com/wali.ikram.khankhan,"Lives in Medina, Saudi Arabia, From Multan",,,
Mian Gee ,https://www.facebook.com/faisa1991,"Lives in Faisalabad, From Faisalabad, 9 April 1991, Single, Male, English language, Urdu and Punjabi language",,,Punjab Medical College
G G Ansari Ansari ,https://www.facebook.com/ggansari.ansari,"Lives in Faisalabad, From Faisalabad, Male",,,Facebook
Jamshed Rana Ahad ,https://www.facebook.com/kamran.jamshed.33,Male,,,
Atif Kamboh ,https://www.facebook.com/atif.kamboh.5817,"17 September 1986, Male",,,
محمد رسان ,https://www.facebook.com/mhmd.rsan.203,"Lives in Peshawar, Pakistan",,,
Shahbaz Ahmad ,https://www.facebook.com/shahbaz.ahmad.3994885,"Lives in Lahore, Pakistan, From Lahore, Pakistan",,,
محمد مرصد شوکت  (راجپوت),https://www.facebook.com/muhammad.marsadshoukat.5,"Lives in Multan, From Marot, Punjab, Pakistan, Single",,,"President - Student Council
Nov 2021 - 1 Apr 2022
 
 · 5 months"
Muhammad Ishfaq ,https://www.facebook.com/profile.php?id=61554785086898,,,,
Amjad Gujjar Amjad ,https://www.facebook.com/amjad.gujjar.amjad.373836,,,,
Ch Zeeshan Ul Haq ,https://www.facebook.com/chzeeshan.ulhaq,Male,,,
Atiq Ur Rehman ,https://www.facebook.com/atiq.ur.rehman.639595,,,,
Adrees Ali ,https://www.facebook.com/adreesail.adrees.5,,,,
Hassan Ali ,https://www.facebook.com/profile.php?id=100090669070090,,,,
Usman Sami ,https://www.facebook.com/usman.sami.716866,,,,
Palaykhan Tarokhel  (Haji Saab),https://www.facebook.com/palaykhan.tarokhel,"Lives in Faisalabad, From Faisalabad",,NowThis Weed,"~♥♥NøT yÊt WøRkInG √√•• I'm StILl sTûDyÎnG ••√√ HeHe StILl a RøCkInG sTûDéNT~♥♥
23 Aug 2022-present
 
 · 4 years, 1 month"
Waseem Abbas Awan ,https://www.facebook.com/Sunny1512,"Lives in Stockholm, Sweden, From Faisalabad, 23 November",,,"Self-employed
Businessman"
Saith Saeed Maqbool Kamboh ,https://www.facebook.com/saith.saeed.maqbool.kamboh,"From Pakpattan, Married
Since 27 November 2021, Male",,,
Tajammal Hussain ,https://www.facebook.com/tajammal.hussain.641820,Male,,,
Adnan Shah ,https://www.facebook.com/adnan.shah.71152,"Lives in Rawalpindi, Pakistan, From Rawalpindi West Ridge, Punjab, Pakistan, 15 September 1985, Male",,Allama Iqbal Open University,
Naveed AwAn  (Malik),https://www.facebook.com/naveed.awan.418970,"Lives in Muzaffarabad, From Patti Awanan, Azad Kashmir, Pakistan, 4 September 1997",,,"pmln social media
29 Mar 2023 - Present
 
 · 3 years, 5 months"
Rana Sarfraz  (official),https://www.facebook.com/profile.php?id=100073607601576,,,,
Abdul Waheed ,https://www.facebook.com/abdul.waheed.974068,"From Faisalabad, Male",,Degree College,Facebook
Tabeer Kiani  (pak lover),https://www.facebook.com/fiaz.kiani.399256,"Lives in Islamabad, Pakistan, From Lahore, Pakistan, Male",,,"Facebook
Internship"
Bobby Bobby Rehmani Rehmani ,https://www.facebook.com/profile.php?id=61552681568975,"Lives in Sahiwal, Punjab, Pakistan, From Kassowal, 6 May 1978",,,
Shoiab Bashir ,https://www.facebook.com/profile.php?id=100008695455153,Male,,,
Faisal Gujjar ,https://www.facebook.com/fasil.bahi.35,,,,
محمد عبداللہ رحمانی ,https://www.facebook.com/profile.php?id=100092612547840,"Lives in Faisalabad, From Samana, Punjab, Pakistan",,,
Allaha Dita  (Siyal),https://www.facebook.com/allaha.dita.586304,"Lives in Khanewal Kohna, Punjab, Pakistan, From Khanewal Kohna, Punjab, Pakistan",,,"‎ضلعی جواہنٹ سیکٹری مسلم لیگ ن خانیوال‎
18 Jul 2025 - Present
 
 · 1 year, 2 months"
Ch Shakeel Ottal ,https://www.facebook.com/shakeel.jutt.549,"Lives in Faisalabad, From Faisalabad, Family
Adeel Attal, , , Male",,,my own business
Ali Hasnain Bhatti  (Nainu),https://www.facebook.com/AHBHTI1,"Lives in Lahore, Pakistan",,,PML(N)
Adnan Gujjar ,https://www.facebook.com/adnan.gujjar.827918,,,,
Maqbool Ahmed Tiwana ,https://www.facebook.com/maqbool.ahmed.7921,"Lives in Gujranwala, Pakistan, From Gujranwala, Pakistan, Married",,Govt Islamia college Gujranwala,
Rana Rashid Mehmood ,https://www.facebook.com/profile.php?id=100070827235315,,,,
Nadeem Abbas ,https://www.facebook.com/Nadeem.Abbas87989,Male,,Govt.High School Ahmad Pur Sial,
ملک صاحب  (马利克),https://www.facebook.com/malik.wajid.1122,"Lives in Lahore, Pakistan, From Lahore, Pakistan, Single",,,PML(N)
Rana Waris Hussain ,https://www.facebook.com/ranawaris.hussain,"Lives in Islamabad, Pakistan, From Mecca, Saudi Arabia, 14 August 1976",,,"All Rajput Organization
14 Mar 1996 - Present
 
 · 28 years, 11 months"
Allama Mudassar ,https://www.facebook.com/ranamudassarmpa,"From Lahore, Pakistan, Male",,,
Saleem Jutt Saleem Jutt ,https://www.facebook.com/saleemjutt.saleemjutt.1297,"Lives in Faisalabad, From Faisalabad",,,"shoukat Catal Feed & Dairy Farm
24 Jan 2019 - Present
 
 · 7 years, 8 months"
Yaseen Malik ,https://www.facebook.com/yaseen.malik.38105,,,,
Shahzad Tanoli ,https://www.facebook.com/shahzad.tanoli.1291421,,,,
Muqeem Ahmad ,https://www.facebook.com/muqeem.ahmad.248569,"Lives in Faisalabad, From Faisalabad, Male",,,"Coca-Cola
PSO
2016 - Present
 
 · 10 years, 8 months"
Mian Saeed ,https://www.facebook.com/mian.saeed.798,"Lives in Faisalabad, From Faisalabad",,"Govt.Crescent Model High School Faisalabad
On 3 May 2010",
Saad Abbasi ,https://www.facebook.com/saad.abbasi.480383,Engaged,,,"Kuwait Boder Road,hafar Al Batin, Saudi Arabia
21 Jul 2022-present
 
 · 4 years, 2 months"
Ameen Khan ,https://www.facebook.com/profile.php?id=100071087051099,"Lives in Delhi, India",,,
Ahmed Ferozi ,https://www.facebook.com/ahmed.ferozi.2025,"Lives in Sargodha, From Hyderabad, Sindh, Single",,,"PMLN Lahore
25 Jan 2022-present
 
 · 4 years, 8 months"
Malik Arif Awan ,https://www.facebook.com/malik.arif.awan.567861,"Lives in Lahore, Pakistan, From Lahore, Pakistan, Male",,,PML(N)
Mian Mujahid Mian Mujahid ,https://www.facebook.com/mujahid.hanif.520,,,,
Abdul Jalil Gujjar ,https://www.facebook.com/abdul.jalil.gujjar.2025,Male,,,
Mian Aftab Ahmad ,https://www.facebook.com/mian.aftab.73,"Lives in Faisalabad, 30 October 1996, Single",,,PML(N)
Malik Waheed Wakeel Awan ,https://www.facebook.com/malik.waheed.wakeel.awan,,,,
Awais Ansari ,https://www.facebook.com/profile.php?id=100016592477781,,,,
Chada Khokhar ,https://www.facebook.com/profile.php?id=61555579551838,"Lives in Faisalabad, From Faisalabad",,MFTC Movers and Packers,
Tanveer Minhas ,https://www.facebook.com/tanveer.minhas.74765,"Lives in Sialkot, Punjab",,,
Mian Abid Husain ,https://www.facebook.com/mian.abid.husain.935563,,,,
Mirza Ana Prince ,https://www.facebook.com/profile.php?id=100069593484337,,,,
Shoukat Javed Vickey ,https://www.facebook.com/shoukat.javed.vickey,"Lives in Faisalabad, From Faisalabad, Male",,,
شاھین اے اقبال  (اقبال کا شاھین),https://www.facebook.com/sha.yn.a.aqbal,"Lives in Islamabad, Pakistan, From Islamabad, Pakistan",,,
Nomi Baba ,https://www.facebook.com/nomi.baba.3781,"Lives in Lahore, Pakistan, From Texas City, Texas, 8 August 1989",,Govt. MAO Collage Lahore,
Amir Jarral ,https://www.facebook.com/moon.jarral.3,"Lives in Islamabad, Pakistan, From Mirpur, Azad Kashmir, Married
Since 14 February 2022",,,bussiness man
Saeed Ur Rahman ,https://www.facebook.com/saeed.ur.rahman.274972,,,,"PML(N)
21 Sep 2021-present
 
 · 5 years"
علی بٹ ,https://www.facebook.com/profile.php?id=100010939231831,Male,,,
Faridullah Khan Khattak ,https://www.facebook.com/faridullah.khankhattak.3,"Lives in Faisalabad, From Faisalabad",,,
Sabir Ali ,https://www.facebook.com/profile.php?id=100023070011249,Male,,,
Shahbaz Ahmad ,https://www.facebook.com/shahbaz.ahmad.564900,"Lives in Karachi, Pakistan, From Hyderabad, Sindh, Male, English language, Urdu and Punjabi language",,,"Vikor health care pvt ltd
Production officer
6 Jun 2020 - Present
 
 · 6 years, 3 months"
Arshad Malik ,https://www.facebook.com/arshad.malik.528569,Lives in Abbottabad,,,
Ameer Zada Khan ,https://www.facebook.com/ameerzadakhan.khan,"Married
Since 1996, Male",,,"Lawyer
31 Jan 2010 - Present
 
 · 16 years, 7 months"
Abdulhafeez Sarkar ,https://www.facebook.com/abdulhafeez.sarkar,Lives in Faisalabad,,,
Abdul Hadi Mughal ,https://www.facebook.com/zafar.mughal.1694059,"Married, Male",,GOVT Degree College Shahkot Pakistan,Facebook
چیئرمین میڈیا سیل ,https://www.facebook.com/raja.shabir.54922,"Lives in Muzaffarabad, From Muzaffarabad",,"True patriot kashmir
School year 2023",
Malik Ashfaq ,https://www.facebook.com/malik.ashfaq.635059,"Lives in Islamabad, Pakistan",,,"Business Insider
6 Apr 2022 - Present
 
 · 4 years, 5 months"
اسامہ حنیف ,https://www.facebook.com/profile.php?id=100072240708277,"Lives in Abdul Hakim, Punjab, Pakistan, From Abdul Hakim, Punjab, Pakistan, Single",,,
Baba Ashan Baba Ashan ,https://www.facebook.com/baba.ashan.baba.ashan,,,,
TopfanNawazsharif Manisheikhpmln ,https://www.facebook.com/topfannawazsharif.manisheikhpmln,"Lives in Faisalabad, From Faisalabad",,,
Farhan Saeed ,https://www.facebook.com/profile.php?id=100081180608300,,,,
Rana Ali Hassan  (Rana Ali Hassan Manj),https://www.facebook.com/profile.php?id=100089614614373,"Lives in Faisalabad, 31 January 2001",,,
Khalid Mehmood ,https://www.facebook.com/khalid.mehmood.574136,,,,
Abdulsattaransari Hajiabdulsattaransari  (Chairman Abdul Sattar Ansari),https://www.facebook.com/profile.php?id=100088325361736,"Lives in Faisalabad, From Faisalabad",,,
Mian Hassam ,https://www.facebook.com/mian.hassam.79,Male,,"Jinnah Poly Technic Institute F.S.d
School year 2019",
چوہدری وقار یونس جاٹ ,https://www.facebook.com/waqarjutt.vickey,"Lives in Pakpattan, From Malka Hans, Punjab, Pakistan, Male",,,"PML(N)
ورکر
6 May 2020 - Present
 
 · 6 years, 4 months"
Bashir Khan ,https://www.facebook.com/bashir.khan.513867,"Lives in Manama, Bahrain",,,
Rana Zaheer Basher ,https://www.facebook.com/ranazaheer.ranazaheer.54943,"From Najaf, Iraq",,Divisional Public School Faisalabad,Faisalabad
رانا سرفراز اقبال  (Rana Sarfraz iqbal),https://www.facebook.com/sarfraz.iqbal.351,"Lives in Faisalabad, From Faisalabad, Male",,,"Al-Aziz Apparels supply
Product manager
15 years, 10 months"
Faiz Rasool ,https://www.facebook.com/faiz.rasool.582018,,,,
رانا محمد علی ,https://www.facebook.com/profile.php?id=61553210832069,,,,
Afzaal Karim󱢏 ,https://www.facebook.com/profile.php?id=100095320533219,"Lives in Lahore, Pakistan, From Okara, Pakistan",,Punjab College Okara,
Rana Waqas  (رانا وقاص خاں),https://www.facebook.com/rana.waqas.394763,"Lives in Faisalabad, From Faisalabad, 10 September 1993, Male",,Jinnah University,
Azhar Dogar ,https://www.facebook.com/azhar.dogar.691808,"Lives in Faisalabad, From Faisalabad",,,
Abdul Azeem ,https://www.facebook.com/abdul.azeem.148024,"Lives in Karachi, Pakistan, From Swat, Pakistan",,,
Pml-n Tharparkar ,https://www.facebook.com/profile.php?id=100080364490067,"Lives in Mithi, From Islamkot, Sindh, Pakistan, Married",,,Trader
عوام بنام سرکار ,https://www.facebook.com/profile.php?id=100092728343464,"Lives in Dubai, United Arab Emirates, From Lahore, Pakistan, 19 February 1998",,,
Imran Fahad ,https://www.facebook.com/imran.fahid.54,,,,
Asadullah Ansari ,https://www.facebook.com/asadullah.ansari.148553,"Lives in Mexico City, Mexico",,,
Faqir Ullah Pml N ,https://www.facebook.com/faqir.ullah.313,Male,,,
Muhammad Sharif Malik ,https://www.facebook.com/muhammad.sharifmalik.35,"Lives in Faisalabad, From Faisalabad, Male",,,"PML(N)
Political leader"
Shani Bhi ,https://www.facebook.com/shani.bhi.906,"Lives in Lahore, Pakistan, From Faisalabad",,,
Muhammad Abid Nawaz ,https://www.facebook.com/profile.php?id=100056645097468,,,,
Ali Hassan Randhawa ,https://www.facebook.com/profile.php?id=100080228979607,"Lives in Faisalabad, 2 May 1986",,,
Zakria Butt ,https://www.facebook.com/zakria.butt.37856,"Lives in Lahore, Pakistan, From Lahore, Pakistan",,,
Safdar Ansari ,https://www.facebook.com/safdar.ansari.92754,"Lives in Faisalabad, From Faisalabad",,,
Asim Nadeem Ansari ,https://www.facebook.com/asim.nadeem.ansari,"Lives in Faisalabad, From Faisalabad, Male",,,alharam enterprises
Syed Zahir Agha ,https://www.facebook.com/syed.zahir.agha.2025,,,,
Rana Asif ,https://www.facebook.com/profile.php?id=100094179686836,,,,
Faqir Muhammad Ansari ,https://www.facebook.com/faqir.muhammad.3576,"Lives in Faisalabad, From Faisalabad, Married",,,"PML(N)
Chairman CC-12
10 Nov 2010 - Present
 
 · 15 years, 10 months"
Muhammad Ahsan Ahsan ,https://www.facebook.com/muhammadahsan.ahsan.7587,,,,
Waqar Khan ,https://www.facebook.com/profile.php?id=100009302911561,"Lives in Faisalabad, From Bhaiwala, Punjab, Pakistan, 6 July 1991",,,PIA
Atif Gee ,https://www.facebook.com/atif.gee.352020,Lives in Faisalabad,,Govt M.C Higher Secondary School Allama Iqbal Road FSD,"District Courts, Faisalabad.
31 Dec 2021 - Present
 
 · 4 years, 8 months"
Anas Zafar ,https://www.facebook.com/anas.zafar.3956,,,,
Zabi Arshad ,https://www.facebook.com/profile.php?id=100092763792502,,,,
Uamarsajjad Uamarsajjad ,https://www.facebook.com/uamarsajjad.uamarsajjad,,,,
Rana Shahbaz ,https://www.facebook.com/rana.shahbaz.9889261,"Lives in Faisalabad, From Faisalabad, Male",,,"Textiles
Sampling manager"
Muhammad Tahseen ,https://www.facebook.com/muhammad.tahseen.248288,"Lives in Jeddah, Saudi Arabia",,,
شیخ محمد اصغر نجمی ,https://www.facebook.com/asghar.najmi.73,Male,,,
Ch Hamza ,https://www.facebook.com/profile.php?id=100071027792940,"Lives in Mian Channun, From Mian Channun",,,"PML(N)
Social Media Analytist"
Nasir Sandhu ,https://www.facebook.com/nasir.sandhu2,"Lives in Faisalabad, From Faisalabad, Single",,,"sunder Property Advisor
2014 - Present
 
 · 12 years, 8 months"
Naseer Ahmad ,https://www.facebook.com/naseer.ahmad.484126,"Lives in Chiniot, From Chiniot, Male",,,Furniture.com
Bilal Ansari Bilal Ansari ,https://www.facebook.com/profile.php?id=100088400326741,,,,
Aƴʌŋ Jʌŋɩ ,https://www.facebook.com/profile.php?id=100073084874265,"Lives in Milan, Italy, From Florence, Italy",,,"00:00●━━━━━━━━━━━━ 04:02 ⇆
5 Feb 2023 - Present
 
 · 3 years, 7 months"
Arif Ansari ,https://www.facebook.com/profile.php?id=100011877153572,,,,
Mian Sajjad Ahmad ,https://www.facebook.com/amjadnaseembaloch,"Lives in Faisalabad, 12 December, Male",,,
Abdul Salam ,https://www.facebook.com/profile.php?id=100019549209898,Male,,,
Malik Salam Ud Din ,https://www.facebook.com/profile.php?id=61553795452182,,,,
Rehana Shahid ,https://www.facebook.com/rehana.shahidpmln,Lives in Faisalabad,,,
Malik Umar ,https://www.facebook.com/malik.umar.867785,"Lives in Faisalabad, Single",,,
Muhammad Imran ,https://www.facebook.com/muhammad.imran.973361,Male,,,
Zeeshan Akram ,https://www.facebook.com/profile.php?id=100094319829817,,,,
Abdul Razzaq ,https://www.facebook.com/abdul.razzaq.682867,,,,
Muhammad Saqlain ,https://www.facebook.com/profile.php?id=100025311521101,Lives in Faisalabad,,,
Aliraza Aliraza ,https://www.facebook.com/profile.php?id=100078334445433,,,,
Rana Javed Khan ,https://www.facebook.com/rana.javed.khan.794993,,,,
Abdul Rauf Rauf ,https://www.facebook.com/abdul.rauf.rauf.77134,"Lives in Dunyapur, Punjab, Pakistan, Male",,Islamia University,
Adeel Nasir Malik  (Nazir Nasir),https://www.facebook.com/AdeelNasirMalik,"Lives in Faisalabad, From Faisalabad, 7 May 1983",,,
Mian Hammad ,https://www.facebook.com/main.hammad.92,Lives in Faisalabad,,,
زوالفقار علی ,https://www.facebook.com/profile.php?id=100092167026075,1 January 1980,,,
Sheikh Afnan ,https://www.facebook.com/sheikh.afnan.712453,,,,
میاں انس شہزاد ,https://www.facebook.com/gulnaz.pari.773,Male,,,
نظامی کارپوریشن ,https://www.facebook.com/nzamy.karpwryshn,"Lives in Shah Faisalabad, Punjab, Pakistan",,,
Abu Bakar Jutt ,https://www.facebook.com/profile.php?id=100050997520194,,,,
Mian Aziz Khokhar ,https://www.facebook.com/profile.php?id=61553965748331,Lives in Faisalabad,,,
Khalid Mughal ,https://www.facebook.com/khalid.mughal.712402,From Faisalabad,,,
Mian Tariq Taj Mian ,https://www.facebook.com/mian.tariq.taj.mian.2025,,,,"Jeddah, Saudi Arabia
21 Mar 2024-present
 
 · 2 years, 6 months"
Azhar Hussain Kahout ,https://www.facebook.com/azhar.hussain.kahout,,,,
Azam Rafique ,https://www.facebook.com/profile.php?id=61554433793252,Lives in Faisalabad,,,
Rana Iftikhar ,https://www.facebook.com/rana.iftikhar.384799,Male,,,
Husnain Ali ,https://www.facebook.com/husnain.ali.55755,Lives in Faisalabad,,,
Abid A Bid ,https://www.facebook.com/profile.php?id=100073650847641,,,,
Ch Tahir Iqbal Assi ,https://www.facebook.com/tahir.aasi.31,Male,,,
Haider Ali ,https://www.facebook.com/profile.php?id=100085105312533,"Lives in Karachi, Pakistan, From Karachi, Pakistan, In a relationship",,,Alkaram Friends Pakistan
Salamat Ali Ali ,https://www.facebook.com/profile.php?id=100074878567930,,,,
Javediqbal Ansari ,https://www.facebook.com/javediqbal.ansari.414572,,,,
شفقت علی صابر ,https://www.facebook.com/profile.php?id=61550829116662,,,,
Adv M Moin Haider  (Jutt Sayan),https://www.facebook.com/moin.haider.572981,"Lives in Faisalabad, From Faisalabad",,Faisalabad College of LAW,
Rehmat Ali Gill ,https://www.facebook.com/rehmatali.gill.98,Lives in Faisalabad,,,Spinghar Vegetable Oil
Fayyaz Ashraf ,https://www.facebook.com/profile.php?id=100095051412591,,,,
M Bilal Javed ,https://www.facebook.com/m.bilal.javed.234939,"Lives in Dubai, United Arab Emirates, From Faisalabad, It's complicated",,,Embroidery Design
Abrar Rahamni Abrar Rahamni ,https://www.facebook.com/abrarrahamni.abrarrahamni.9,,,,
Jahan Zeeb Azad ,https://www.facebook.com/jahan.zeeb.azad,,,,
Tahir Fruit Chaat ,https://www.facebook.com/tahir.fruit.chaat.2025,"Lives in Faisalabad, From Faisalabad",,,
چوہدری حاجی عمران گھمن ,https://www.facebook.com/hajiimranghumman,,,,
Abbas Jutt Abbas Jutt ,https://www.facebook.com/abbasjutt.abbasjutt.90038,"Lives in Faisalabad, From Faisalabad",,Punjab Group Of Colleges,Facebook
Hassan Zahoor Sheikh ,https://www.facebook.com/hassanzahoorsheikh,"Lives in Faisalabad, From Faisalabad",,,"Rabia label & Printers
25 Feb 2020 - Present
 
 · 6 years, 7 months"
Rana Muhammad Tanveer ,https://www.facebook.com/profile.php?id=100063571435830,,,,
Mian Tariq Taj ,https://www.facebook.com/miantariq.taj,Lives in Faisalabad,,Govt. Muslim High School Tariqabad Faisalabad,"Self-employed
Business Owner
4 Nov 2018 - Present
 
 · 7 years, 10 months"
Abdul Kareem ,https://www.facebook.com/abdul.kareem.21845,,,,
Amir Ali ,https://www.facebook.com/profile.php?id=100091887691862,"Lives in Raiwind, From Lahore, Pakistan, 2000",,,"PMLN Lahore Official
Member Youth Wing
27 Jan 2024-present
 
 · 2 years, 8 months"
Babul Raisani ,https://www.facebook.com/babul.raisani.92,"Lives in Quetta, Pakistan, From Quetta, Pakistan, Single",,,"Quetta, Pakistan
Student"
Allahdittah Bhuttoo ,https://www.facebook.com/allahdittah.bhuttoo,"Lives in Lahore, Pakistan, From Islamabad, Pakistan",,,
Malik Jahanzaib ,https://www.facebook.com/malik.jahanzaib.9250595,"Lives in Multan, From Multan, Family
Muhammad Hanzala, , ",,,Self-employed
Hafiz Abubakar Mohsin  (hafiz mohsin),https://www.facebook.com/ranaabubakar.mohsin,"Lives in Faisalabad, From Faisalabad, 21 April 1985",,,G.C University Fsd
Subhan Subhan Qasim ,https://www.facebook.com/subhan.pasim,"Lives in Faisalabad, 5 April 2004",,,
Hamad Shehzad Hamad Shehzad ,https://www.facebook.com/hamadshehzad.hamadshehzad,,,,
Mian Rameez Sahil  (Mian Rameez Sahil),https://www.facebook.com/mianrameez.sahil,"Family
1 family member, Male",,,"President pml(N) youth wing
President
6 May 2016 - Present
 
 · 10 years, 4 months"
Shahid Mahmood ,https://www.facebook.com/shahid.mahmood.404115,,,,
Ahmad Qasmi ,https://www.facebook.com/hafiz.ahmad.923724,Lives in Faisalabad,,,"Business man
H.A Collection
7 Sep 2018-present
 
 · 8 years"
Wasim Sahu ,https://www.facebook.com/wasim.sahu.2025,"Lives in Jaranwala, From Jaranwala, Married",,,Punjab Police (Pakistan)
Shoaib Shabby  (Malik),https://www.facebook.com/shoaib.shabby.90,"Lives in Faisalabad, From Faisalabad, Single",,Government College University Faisalabad,
Rana Numan ,https://www.facebook.com/rana.numan.886129,"Lives in Faisalabad, From Faisalabad, 27 July 1992",,Allama Iqbal Open University,
Sher Wali Manzar Wazir ,https://www.facebook.com/sher.wali.manzar.wazir,"Lives in Lahore, Pakistan, From Lahore, Pakistan",,,
Rahat Manzoor ,https://www.facebook.com/rahat.manzoor.927,,,,
Khawaja Hamd Islam ,https://www.facebook.com/khawaja.hamd,"From Faisalabad, 16 February 1993, Male",,,"Divisional Model College FSD.
Member, Board of Governors
2012 - Present
 
 · 14 years, 8 months"
Moaz Jutt ,https://www.facebook.com/moaz.jutt.1656,"In a relationship with
Ayesha Shafique
Since 26 April 2023, Family
Qurat Ul Ain Yasir, , , Male",,,"Voice Fm 99
31 May 2019 - Present
 
 · 7 years, 3 months"
Amin Taj Dahri ,https://www.facebook.com/amin.taj.dahri,,,,
Aghaijaz Ahmad ,https://www.facebook.com/aghaijaz.ahmad,"Lives in Faisalabad, From Faisalabad, Male",,,"Self-employed
Owner"
Rana Asif Rana Ramzan ,https://www.facebook.com/ranaasif.ranaramzan,Lives in Faisalabad,,,
Zahid Rashid ,https://www.facebook.com/zahid.rashid.5264382,"Lives in Faisalabad, From Faisalabad, Married",,,Facebook
Ali Hassan ,https://www.facebook.com/ali.hassan.984118,"Lives in Faisalabad, From Faisalabad",,,
Rana Ijaz Manj ,https://www.facebook.com/rana.ijaz.manj.470190,"Lives in Faisalabad, From Faisalabad, Male",,,"Self-employed
Owner"
Mian Kamran Ali ,https://www.facebook.com/meharkamranali007,"Lives in Faisalabad, From Dubai, United Arab Emirates, Single",,,PML(N)
Abdullah Rajpoot ,https://www.facebook.com/abdullah.rajpoot.422741,"Lives in Faisalabad, From Faisalabad",,,"RaziaJamal institute of medical science
8 May 2025-present
 
 · 1 year, 4 months"
Abdulrehman Butt ,https://www.facebook.com/abdulrehman.butt.850559,"Lives in Faisalabad, From Faisalabad",,,
Sajid Ali ,https://www.facebook.com/profile.php?id=100011144319119,Lives in Faisalabad,,,
Raja Khalid ,https://www.facebook.com/profile.php?id=61553017949502,,,,
Ali Bahi Ali Bahi ,https://www.facebook.com/ali.bahi.ali.bahi.615311,,,,
Sheikh Danish Ali ,https://www.facebook.com/sheikhdanishali56,,,,
Wajid Aly ,https://www.facebook.com/profile.php?id=61552519662744,"Lives in Islamabad, Pakistan, From Manawala, Punjab, Pakistan",,,"PMLN Central Secretariat
Deputy Organiser Team Instagram
10 Sep 2023-present
 
 · 3 years"
Mian Sohail  (naam to suna hoga),https://www.facebook.com/profile.php?id=100012275971411,"Lives in Dubai, United Arab Emirates, From Faisalabad, 25 September 1993",,,Facebook
Imran Imran ,https://www.facebook.com/imran.imran.988191,,,,
Ali GujjAr ,https://www.facebook.com/safigujjar.gujjar.96,,,,
Mian Saqib ,https://www.facebook.com/mian.saqib.1612147,"Lives in Faisalabad, From Faisalabad",,,
Malik Joiya ,https://www.facebook.com/profile.php?id=61555285416870,"Lives in Mian Channun, From Mian Channun",,,
Abdur Rehman ,https://www.facebook.com/abdu.rehman.1840070,Male,,,
Rana Ali  (Manj),https://www.facebook.com/rana.ali.367062,,,,
M Mujahid ,https://www.facebook.com/profile.php?id=100082273464811,15 January 1984,,,
Adv Ch Alam Baryar ,https://www.facebook.com/adv.ch.alam.baryar,"Lives in Faisalabad, From Lahore, Pakistan, 31 January",,"Faisalabad College of LAW
1 November 2023-present",
Rai Zahid Iqbal ,https://www.facebook.com/rai.zahid.iqbal.140273,,,,
Abid Ali Abbi ,https://www.facebook.com/abidali.abbi,"Lives in Faisalabad, From Faisalabad, 5 March 1979",,,Self-employed
Shahraiz Zia Malik ,https://www.facebook.com/profile.php?id=100084378940034,,,,
Muhammad Adeel Gill ,https://www.facebook.com/muhammad.adeel.gill.576078,"29 December, Male",,,
Rizwan Ahmed ,https://www.facebook.com/profile.php?id=100006248027280,"Lives in Faisalabad, From Faisalabad",,,
Itafaq Abbasi ,https://www.facebook.com/itafaq.abbasi,"Lives in Islamabad, Pakistan, Married, Male",,,
Siddhu Pura ,https://www.facebook.com/siddhu.pura,Male,,,
Sheikh Qadeer Zaheer ,https://www.facebook.com/profile.php?id=100088747001020,"Lives in Faisalabad, From Faisalabad",,,Political and Social Worker
M Hamza Arslan ,https://www.facebook.com/m.hamza.arslan.2025,Lives in Faisalabad,,,
Faisalabad Daily  (Local update),https://www.facebook.com/profile.php?id=100080618010220,,,,
Ali Ahmad Rajpoot  (Chãudhary),https://www.facebook.com/ali.ahmad.rajpoot.198536,"Lives in Faisalabad, From Faisalabad, 20 April",,,Studying
Waqas Wahla ,https://www.facebook.com/waqas.wqas.106,"Lives in Faisalabad, From Faisalabad, 17 March 2004, Single",,Hassan Bin Sabit Cadet High School,
Arslan Arif Malik ,https://www.facebook.com/arslan.arif.malik,"Lives in Faisalabad, From Faisalabad, 25 January 1983",,,"Moon Corporation
Owner and CEO
30 Nov 2017-present
 
 · 8 years, 9 months"
Ateeq Ur Rehman Ch ,https://www.facebook.com/ateeq.rehman.1044,"Lives in Dubai, United Arab Emirates, From Shah Faisalabad, Punjab, Pakistan, 29 August",,,"Doing Business in Dubai
11 Feb 2020 - Present
 
 · 6 years, 7 months"
Rana Mugheeb Abbas Khan ,https://www.facebook.com/rana.mugheeb.abbas.khan.2025,"Lives in Faisalabad, From Faisalabad, Married",,,"BBC World Pakistan
Editor in Chief
1 Jun 2023-present
 
 · 3 years, 3 months"
Zohaib Khan ,https://www.facebook.com/profile.php?id=100056743514223,"Lives in Faisalabad, From Faisalabad",,,
Rana Ranaimran ,https://www.facebook.com/profile.php?id=100085149949326,Lives in Faisalabad,,,"Ghazi Brothers Official
4 Sep 2022 - Present
 
 · 4 years"
Malik Abdul Rasheed  (Vice Chairman),https://www.facebook.com/malik.rasheed.31508,"Lives in Faisalabad, From Faisalabad, Male",,,
Mian Mohsin M ,https://www.facebook.com/mian.mohsin.395891,"9 November 2000, Male",,,
Shakeel Anwar ,https://www.facebook.com/shakeel.anwar.486418,"Lives in Faisalabad, From Faisalabad, Married",,,Punjab Group Of Colleges
Bukhtiar Ali Statue Maker ,https://www.facebook.com/bukhtiarali.statuemaker,"Lives in Faisalabad, From Faisalabad",,,
Shoaib Zahid ,https://www.facebook.com/shoaib.zahid.6161,"Married, Male",,,
Shakoor Gujjar ,https://www.facebook.com/shakoor.gujjar.963,Male,,,
M Shahbaz Gohar ,https://www.facebook.com/mshahbaz.mshahbaz.395669,"Lives in Faisalabad, From Faisalabad",,,
Iqrar Rana ,https://www.facebook.com/iqrarulhassan.manj,"From Shah Faisalabad, Punjab, Pakistan",,Shaheed Zulfiqar Ali Bhutto University of Law,
Rana Aamir Riaz ,https://www.facebook.com/rana.amir.riaz.29619,"Lives in Faisalabad, From Faisalabad, 21 October 1982",,,Facebook
Sharafat Khattak ,https://www.facebook.com/sharafat.khattak.90,"Lives in Faisalabad, From Faisalabad, Male",,Goverment College Faisalabad,
Numan Kazmi ,https://www.facebook.com/numan.kazmi.16,,,,
Faizan Javed Faisalabad  (Faizan Ansari),https://www.facebook.com/faizanjaved.faisalabad,"Lives in Faisalabad, 6 March 2002",,,
Adi Malik Adi Malik ,https://www.facebook.com/adi.malik.adi.malik.2025,,,,
Engr Moaz Azeem Randhawa ,https://www.facebook.com/moazazeem.randhawa,"Lives in Faisalabad, From Faisalabad, 12 December 1992",,,"Al Muslim Goods Transport Company Faisalabad
Owner and CEO
11 Sep 2014 - Present
 
 · 12 years"
Azhar Jutt ,https://www.facebook.com/azhar.jutt.56027,,,,
Muhammad Akhlas ,https://www.facebook.com/muhammadakhlas4,"Lives in Faisalabad, From Faisalabad, Male",,,Municipal Corporation Faisalabad
Mian AnAs  (Army Officer),https://www.facebook.com/mian.anas.611180,"Lives in Lahore, Pakistan, From Faisalabad, Single",,,"A.A Packages& Enterprises
25 Sep 2019 - Present
 
 · 7 years"
چوھدری اسلم واہلہ ,https://www.facebook.com/chaslam.vala,"Lives in Faisalabad, From Faisalabad",,,Facebook
Taimour Gill ,https://www.facebook.com/taimour.gill.9,"27 June 1998, Male",,,"Gill farming
Owner and Founder
26 Oct 2019 - Present
 
 · 6 years, 11 months"
Usman Akhtar Ansari  (Shaani bai),https://www.facebook.com/usman490,"Lives in Faisalabad, From Faisalabad, 28 February 1988",,,Yarn business
Mirza Mehboob Alam ,https://www.facebook.com/profile.php?id=100010813158834,"Lives in Faisalabad, From Faisalabad",,,
چوہدری اسامہ معظم رندھاوا  (جٹ),https://www.facebook.com/silicon.smile4,"Lives in Faisalabad, From Faisalabad, Single",,,
Asim Khokhar Don ,https://www.facebook.com/asim.khokhar.don,"Lives in Fsat, From Asansol",,,
Arfan Yousaf ,https://www.facebook.com/arfan.yousaf.326510,"Lives in London, United Kingdom, From Greenwich, Newham, United Kingdom, Male",,"Monteque Grammer School
School year 2006",
Arfan Olakh ,https://www.facebook.com/arfan.olakh,"Lives in Faisalabad, From Faisalabad, 18 July 1991",,,Student
Husnain Padhyar ,https://www.facebook.com/husnain.padhyar.2025,Lives in Faisalabad,,,"District Bar Association Faisalabad
17 Jul 2023 - Present
 
 · 3 years, 2 months"
Siddiqui Mobiles ,https://www.facebook.com/SiddiquiMobile,"Lives in Faisalabad, From Faisalabad, Married
Since 17 April 2009",,,"Siddiqui Mobile Unlock
Software Technion"
چوہدری اویس جٹ ,https://www.facebook.com/chw.dry.awys.j.2025,"Lives in Faisalabad, From Faisalabad, Male",,Imperial College of Law,
Hafiz Talha Cheema ,https://www.facebook.com/hafiz.t.cheema,"Lives in Faisalabad, 16 August 2001, Male",,University of Central Punjab Lahore UCP,
Aqeel Shair ,https://www.facebook.com/aqeel.shair.7,,,,
Amir Raja ,https://www.facebook.com/profile.php?id=100080153203342,"Lives in Lahore, Pakistan, From Lahore, Pakistan, Married",,,"Lahore Qalandars
6 Apr 2022 - Present
 
 · 4 years, 5 months"
Zaheer Hashmi ,https://www.facebook.com/zaheer.hashmi.712,Male,,,
Shahbaz Gulzar Mughal ,https://www.facebook.com/profile.php?id=100005373378624,"Lives in Faisalabad, From Faisalabad, 2005, Male",,,"Arham Dyes Stuff Industries
Cheif Executive Officer"
Iqbal Ansari ,https://www.facebook.com/iqbal.ansari.927,"Lives in Faisalabad, From Faisalabad, Male",,,"University of Agriculture
Fee Assistant
Oct 2008 - Present
 
 · 17 years, 10 months"
Rajazaid Al Sadaat ,https://www.facebook.com/rajazaid.alsadaat.5,"Lives in Faisalabad, From Shah Faisalabad, Punjab, Pakistan",,,"Faisalabad
31 Jan 2000-present
 
 · 26 years, 7 months"
Ashfaq Munj ,https://www.facebook.com/ashfaqmunj,"Lives in Faisalabad, From Faisalabad, Married",,,"Alkhidmat Foundation Pakistan
Incharge AOCP
Mar 2020 - Present
 
 · 6 years, 5 months"
Ali Hassan ,https://www.facebook.com/profile.php?id=61555151999253,,,,
Asif Pakwan ,https://www.facebook.com/asif.pakwan.872719,16 July 1991,,,
شاھد پٹھان ,https://www.facebook.com/shahidkhan0311,"Lives in Faisalabad, From Shah Faisalabad, Punjab, Pakistan, 30 December 1999, Male",,,"PPP
Social Work
On 30 Dec 1999
 
 · 26 years, 8 months"
Talish Abbas ,https://www.facebook.com/talish.abbas,"From Faisalabad, Male",,,
Mian Ajmal Asif ,https://www.facebook.com/profile.php?id=100074215811239,"Lives in Sadhar, From Faisalabad, 25 March 1976",,,"Faisalabad
25 Oct 2021-present
 
 · 4 years, 11 months"
Jawad Awan ,https://www.facebook.com/jawad.awan.75098364,"Lives in Islamabad, Pakistan",,,
Malik Ghulam Rasool Attari ,https://www.facebook.com/grmalik.malik.7,"Lives in Faisalabad, From Faisalabad, Male",,,power loom factory
Rana Imran Ahmad Khan ,https://www.facebook.com/imrannaru01,"Lives in Faisalabad, From Faisalabad, Family
3 family members, , , , ",,Lasalle High School Fsd,
Abid Shoukat ,https://www.facebook.com/hafiz.abid.5,Male,,,
M Lukma ,https://www.facebook.com/m.lukma.2025,"Lives in Lahore, Pakistan, From Lahore, Pakistan",,Al Atiya Online Quran Academy,
Abdul Raheem Chang ,https://www.facebook.com/profile.php?id=100060757359407,"Lives in Fazilpur, Punjab, Pakistan, From Fazilpur, Punjab, Pakistan, Married",,,Self Employed (Business)
Abdul Khaliq ,https://www.facebook.com/abdul.khaliq.215351,Male,,,
Malik Mustafa Nazir ,https://www.facebook.com/malik.mustafa.nazir,"Lives in Faisalabad, From Faisalabad, Male",,,
Hassan Mehar ,https://www.facebook.com/Hassanmehar.786786,"Lives in Darro, Andalucia, Spain, From Faisalabad, 1 January 1995",,,Businessman
Haroon Ijaz Manj Adv ,https://www.facebook.com/HaroonManjAdv,"Lives in Lahore, Pakistan, From Faisalabad, 20 August",,,"Manj Rice Mills Jaranwala
Director
Sep 2018 - Present
 
 · 7 years, 11 months"
Adv Arslan Ali Basra ,https://www.facebook.com/arslan.ali.14418,"Lives in Faisalabad, From Karachi, Pakistan, 10 June 1993",,,"Anti-Narcotics Force
Police officer
2015 - Present
 
 · 11 years, 8 months"
Rana Usama ,https://www.facebook.com/rana.usama.328727,,,,
Rana Hassan ,https://www.facebook.com/hassanrana.niaz,"Lives in Faisalabad, From Faisalabad",,Beaconhouse College Programme Faisalabad Campus,
Shahid Nawaz ,https://www.facebook.com/shahid.nawaz.558148,,,,
Farukh Jutt ,https://www.facebook.com/farukh.jutt.947412,"Lives in Shah Faisalabad, Punjab, Pakistan, From Faisalabad, 4 February 1996, Family
Zahid Jutt, , , Male",,,"GC University, Faisalabad, Pakistan
在籍者"
Haider Ali ,https://www.facebook.com/haider.ali.672474,"Lives in Faisalabad, From Faisalabad, 2 February 1996, Male",,University of Agriculture Faisalabad - Official,
Mir Noor Jaan Buledi ,https://www.facebook.com/mir.buledi,Male,,,"Advocate High Court Balochistan
Advocate & Legal Consultant"
Tahir Khaliq ,https://www.facebook.com/paighamdigitaltv,"Lives in Faisalabad, From Faisalabad, Male",,,Faisalabad
Arham CH ,https://www.facebook.com/arham.ch.941677,"Lives in Faisalabad, From Faisalabad",,Punjab Group Of Colleges,
Imran Sheikh ,https://www.facebook.com/profile.php?id=100088114800518,Lives in Faisalabad,,,
Mian Mian ,https://www.facebook.com/profile.php?id=100088825005277,,,,
Umair Niazi ,https://www.facebook.com/umairniazi.360,"Lives in Shah Faisalabad, Punjab, Pakistan, From Faisalabad",,,
Adv Bilal Ahmad Kamoka ,https://www.facebook.com/jadi.kamoka,"Lives in Faisalabad, From Faisalabad, Married",,,"Faisalabad District Bar Association Pakistan
15 Aug 2019-present
 
 · 7 years, 1 month"
Mian Ameeq Waqas ,https://www.facebook.com/mian.ameeq.waqas,"Lives in Faisalabad, From Faisalabad, Single",,,
Ladala Ahmad ,https://www.facebook.com/profile.php?id=100066169759592,"Lives in Faisalabad, From Faisalabad",,,"WASA Faisalabad
Oct 2007 - Present
 
 · 18 years, 10 months"
Malik Rizwan  (Daba Malik),https://www.facebook.com/malik.rizwan.340733,"Lives in Faisalabad, From Faisalabad, Married",,,"Hira Tahir Printers
Technical Machine Operator
26 Dec 2023-present
 
 · 2 years, 9 months"
Mitthoo Gujjar ,https://www.facebook.com/aliriaz879,"Lives in Faisalabad, From Faisalabad, Male",,,"PKPA
Coordinator"
Abid Ali ,https://www.facebook.com/profile.php?id=100012195871569,"Lives in Faisalabad, From Faisalabad, Male",,,"LPGIA - LPG Industry Association
15 Jul 2001-present
 
 · 25 years, 2 months"
Mudasir Maheis ,https://www.facebook.com/profile.php?id=100084983815494,,,,
Rizwan Akhter ,https://www.facebook.com/rizwan.akhter.104,,,,
Mazhar Baoo ,https://www.facebook.com/mazhar.baoo.2025,Male,,,
شیخ افتخار احمد ,https://www.facebook.com/iftikhar.ahmed.5851127,"Lives in Faisalabad, From Faisalabad, Single",,,
Khalil Ahmad ,https://www.facebook.com/khalil.ahmad.781110,,,,
Raheel Ali Khurram  (Advocate High Court),https://www.facebook.com/profile.php?id=100086337859736,Lives in Faisalabad,,govt new model high school G.M. Abad Faisalabad,
Waqas Ansari ,https://www.facebook.com/waqas.ansari.79656921,,,,
Malik Sajawal ,https://www.facebook.com/malik.sajawal.1829,"From Faisalabad, 1 February 1999, Male",,,
Muhammad Saeed ,https://www.facebook.com/muhammad.saeed.254284,"Lives in Faisalabad, From Faisalabad, Male",,GC University Faisalabad,
Malik Sajid ,https://www.facebook.com/profile.php?id=100032543832518,Male,,,
Tanveer Ahmad ,https://www.facebook.com/tanveer.ahmad.945464,,,,
Tahir Jutt ,https://www.facebook.com/tahir.jutt.97790,"Lives in Faisalabad, From Faisalabad, Married",,,"Landlord
30 Jun 2020 - Present
 
 · 6 years, 2 months"
M Afzal Mughal ,https://www.facebook.com/mafzal.mughal.35,"Lives in Faisalabad, From Faisalabad",,,
Malik Saeed ,https://www.facebook.com/malik.saeed.447406,Lives in Faisalabad,,,
Noor Ul Islam Tanoli ,https://www.facebook.com/profile.php?id=100080978375358,"Lives in Jeddah, Saudi Arabia, From Mansehra, Married",,,
Zain Sahi ,https://www.facebook.com/zain.sahi.605695,"From Faisalabad, Male",,jinah polly technique and comrece college faisalabad,
Sheikh Ameer Hassan  (Pmln Pakistan),https://www.facebook.com/profile.php?id=61553266802314,"Lives in Dubai, United Arab Emirates, From Allu Multan, Punjab, Pakistan, In a relationship
Since 2020",,,
Umar Shareef ,https://www.facebook.com/umar.shareef.7773,"Lives in Shah Faisalabad, Punjab, Pakistan, From Faisalabad, Male",,"G.C University
School year 2000",
محمد بلال گجر ,https://www.facebook.com/muhammadbilal.sultan.16,"Lives in Faisalabad, From Faisalabad, 2 October 2000",,,"Chenab College of Advance Studies Fsd-NCBA & E
Owner and Founder"
Mirza Imran ,https://www.facebook.com/mirza.mughal.7792,Male,,,
Malik Arslan ,https://www.facebook.com/malik.arslan.5492216,"Lives in Faisalabad, From Malikpur Mananwala, Punjab, Pakistan, Single, Male",,Govt College Samanabad Faisalabad,
Rana Talha ,https://www.facebook.com/rana.talha.734595,,,,
Inocant Mriza  (Mirzanadeem),https://www.facebook.com/inocant.mriza,"Lives in Faisalabad, Male",,,
Naeem Tahir ,https://www.facebook.com/naeem.tahir.39794,"Lives in Faisalabad, From Faisalabad",,,"Crust & Crumb
Founder, Director, CEO
1 Sep 2023 - Present
 
 · 3 years"
Arfan Ali ,https://www.facebook.com/profile.php?id=100038351297250,Lives in Faisalabad,,,"Facebook
18 Aug 2020 - Present
 
 · 6 years, 1 month"
Waseem Faraz Khan ,https://www.facebook.com/waseem.farazkhan.1,"Lives in Islamabad, 1 December 1994",,,
Qadri Attari ,https://www.facebook.com/qadri.attari.336,"Lives in Faisalabad, From Green Town",,,
Mian Sanaullah Hameed ,https://www.facebook.com/mian.sanaullah.3348,"Lives in Faisalabad, From Faisalabad, 7 April 1976",,govt new model high school G.M. Abad Faisalabad,
Rana Muhammad Iqrar Ramzan ,https://www.facebook.com/rana.iqrar.3150,"Lives in Faisalabad, From Faisalabad, Single, Male",,,"Studying
L.L.B
13 Apr 2020 - Present
 
 · 6 years, 5 months"
Rana Shabbir ,https://www.facebook.com/rana.shabbir.469952,,,,
Ahmad Hussain Hundal  (Advocate),https://www.facebook.com/Shiny.hundal,"Lives in Faisalabad, From Faisalabad",,"College of LAW GCUF
In 2019",
Adv Mian Shafique ,https://www.facebook.com/mian.shafique.9210,"1 January, Male",,,
Imtiaz Ali ,https://www.facebook.com/profile.php?id=100069294201925,,,,
Ali Jaan ,https://www.facebook.com/ali.jaan.397988,"Lives in Faisalabad, From Karachi, Pakistan",,,
Nawaz Malik Malik ,https://www.facebook.com/rehman.malik.269104,Lives in Faisalabad,,,"Faisal Abad
30 Aug 2023 - Present
 
 · 3 years"
Ali Ijaz Jutt ,https://www.facebook.com/profile.php?id=100072280345463,,,,
Faiz Niaz ,https://www.facebook.com/faizniaz,"Lives in Faisalabad, 24 September 1986, Family
Samiya Samiya, , ",,,Crescent Textile Mills Limited
Asadullah Rajpoot ,https://www.facebook.com/asadullah.rajpoot.589098,,,,
Rana Ahad Munir ,https://www.facebook.com/profile.php?id=100094371046938,,,,
Shanali Shanali ,https://www.facebook.com/profile.php?id=100021730656331,"Lives in Lahore, Pakistan, From Lahore, Pakistan, 22 August 1999, Single, Male",,Superior University faislabad,
Ch Bilal Waince ,https://www.facebook.com/profile.php?id=100008322189255,"Lives in Birmingham, United Kingdom, From Faisalabad, Male",,,"JD Sports
28 Apr 2023 - Present
 
 · 3 years, 5 months"
Adnan Zia ,https://www.facebook.com/adnan.zia.446111,,,,
Malik Irshad Ali ,https://www.facebook.com/irshadali.malik.9,"Lives in Faisalabad, From Satina, Labe, Guinea, Male",,,"Advocate
Lawyer
2 Nov 2012 - Present
 
 · 13 years, 10 months"
Umair Sharif ,https://www.facebook.com/umair.marri.52,"Lives in Faisalabad, From Faisalabad, Married
Since 20 May 2022",,,"University of Agriculture
2019 - Present
 
 · 7 years, 8 months"
Ch Ch ,https://www.facebook.com/profile.php?id=61554983036032,"Lives in Jeddah, Saudi Arabia",,,"PML(N)
22 Jan 2024 - Present
 
 · 2 years, 8 months"
Ch Jibran Hanif Maan  (jutt),https://www.facebook.com/profile.php?id=100004950158667,"Lives in Faisalabad, From Faisalabad, Single, Male",,,Facebook
Naeem Akhtar ,https://www.facebook.com/naeem.akhtar.372944,"Lives in Faisalabad, From Faisalabad",,,
Rana Naveed Adv ,https://www.facebook.com/naveedrana08,"18 January, Male, Urdu",,,Law
Imran Karamat ,https://www.facebook.com/imran.karamat.9,"Lives in Lahore, Pakistan, From Faisalabad",,,
Abdul Ghaffar ,https://www.facebook.com/profile.php?id=100086505574961,Lives in Faisalabad,,,
Mirza Hassan ,https://www.facebook.com/profile.php?id=100083013042780,,,,
Rana Nadeem ,https://www.facebook.com/rana.nadeem.400095,"Lives in Faisalabad, From Faisalabad",,,
Ch Asif Sandhu ,https://www.facebook.com/ch.asif.sandhu.828785,Female,,,
محمد افضل جج ,https://www.facebook.com/mhmd.afdl.jj,Lives in Faisalabad,,,"‎مہر رجب علی جج زرعی فارم چکنمبر 111 گ ب‎
22 Nov 2023 - Present
 
 · 2 years, 10 months"
Ahsan Ali ,https://www.facebook.com/ahsan.ali.344609,15 May 1989,,,
Rana Araiz Ahmed ,https://www.facebook.com/profile.php?id=100072150344345,"From Faisalabad, 20 January",,Divisional Public School Faisalabad,
Muhammad Kashif Muhammad Kashif ,https://www.facebook.com/profile.php?id=100069410919980,,,,
Adnan Shabbir Abassi ,https://www.facebook.com/adnan.abassi.585,"Lives in Islamabad, From Murree, Married",,,PML(N)
Shahzad Tarar ,https://www.facebook.com/shahzad.tarar.921677,1 January 1990,,,
Tayyab Mukhtar Tayyab Mukhtar  (News Reporter),https://www.facebook.com/tayyabmukhtar.tayyabmukhtar,"Lives in Faisalabad, From Faisalabad, 26 January 1999",,,"Newspaper reporter
On 11 Aug 2020
 
 · 6 years, 1 month"
Mirza Irfan Rashid Mirza ,https://www.facebook.com/mirzairfanrashid.mirza,Lives in Faisalabad,,,"Own Businessman
6 Feb 2023-present
 
 · 3 years, 7 months"
Malik Zeeshan Ali Chishti ,https://www.facebook.com/malik.zeeshan.ali.chishti,"Lives in Faisalabad, From Faisalabad, Male",,,"PML(N)
Vice President"
Tahir Photojournalist ,https://www.facebook.com/tahir.photojournalist,"Lives in Faisalabad, From Faisalabad",,,"Inp News Agency Islamabad ( Pakistan )
Photo Journalist
19 Jan 2021-present
 
 · 5 years, 8 months"
Rana Muhammad Dilshad Ilyas ,https://www.facebook.com/Dilshadran,"Lives in Faisalabad, From Faisalabad, 31 August 1998",,,Ministry of Petroleum & Natural Gas
میاں انس شہزاد ,https://www.facebook.com/shahzad183,"Lives in Muscat, Oman, Male",,,"ISLAM ""Peace""
FORMEn
2 Jul 2011 - Present
 
 · 15 years, 2 months"
Sami Ullah ,https://www.facebook.com/sami.ullah.927479,"Lives in Faisalabad, From Chiniot",,"Radical High School
1 April 2004 - 2009",
Hamza Malik ,https://www.facebook.com/profile.php?id=100044839104909,"Lives in Faisalabad, From Chak Jhumra, Single",,,Not Yet Working
Muhammad Usman Dogar ,https://www.facebook.com/muhammad.usman.dogar.7497,"Lives in Faisalabad, From Model Town, Punjab, Pakistan",,Punjab Group Of Colleges,
Fida Muhammad ,https://www.facebook.com/fida.jutt.3,"Lives in Faisalabad, From Faisalabad, Married to
Yamina Qureshi",,,"Interloop Ltd
Senior Officer QC- Active Wear
9 Dec 2024 - Present
 
 · 1 year, 9 months"
M Saeed Khan Kakyezai ,https://www.facebook.com/profile.php?id=100093697119642,"Lives in Islamabad, Pakistan, Urdu, English, Pashto and Punjabi",,,
Majid Dhillon Majid Dhillon ,https://www.facebook.com/majid.dhillon.majid.dhillon.2025,,,,
Parveiz Kashkhari ,https://www.facebook.com/parveiz.kashkhari,"Lives in Faisalabad, From Faisalabad",,,
Adv Sohaib Manzoor ,https://www.facebook.com/sohaib.manzoor.35,Lives in Faisalabad,,,"Sohaib Petroleum
Director of Operations
31 Jan 2012 - Present
 
 · 14 years, 7 months"
Naveed Aslam Naveed Randhawa ,https://www.facebook.com/naveedaslam.naveedrandhawa,Male,,,
Sheikh Imran Rasheed ,https://www.facebook.com/sheikh.imran.rasheed.2025,"Lives in Faisalabad, From Mustafabad, Punjab, Male",,,"Businessman Kharkhana bazar
Grey Cloth
27 Dec 2019 - Present
 
 · 6 years, 9 months"
Sami Khan ,https://www.facebook.com/sami.khan.823024,Lives in Faisalabad,,,
Rashid Khan ,https://www.facebook.com/rashid.khan.361064,,,,
Amir Afzal ,https://www.facebook.com/amir.afzal.454553,"Lives in Faisalabad, From Faisalabad",,,"Allah Khair Motors
CEO"
Javeed Anwar ,https://www.facebook.com/javeed.anwar.2025,"Lives in Faisalabad, Male",,Government Science College,
Rana Saqib ,https://www.facebook.com/rana.saqib.253373,"Lives in Faisalabad, From Lahore, Pakistan",,,
Abdul Wahid ,https://www.facebook.com/profile.php?id=61553077637359,,,,
Imtiaz Insare ,https://www.facebook.com/imtiaz.insare,"Lives in Faisalabad, From Faisalabad",,,
Adv Sahib ,https://www.facebook.com/sahibgee.sahibgee.71,"From Faisalabad, Male",,,
Sheikh Rizwan ,https://www.facebook.com/iamdon2050,"Lives in Faisalabad, Married
Since 7 July 2022, Family
Kamran Najeeb, , , Male, Urdu",,,"HBL bank
Branch manager
On 5 Jun 2026
 
 · 3 months"
Naveed Ali Sandhu ,https://www.facebook.com/profile.php?id=100008238759979,"Lives in Faisalabad, From Faisalabad, Male",,,"ZB textile
Prefect
21 Oct 2014 - Present
 
 · 11 years, 11 months"
Zaid Khan ,https://www.facebook.com/profile.php?id=100077329084217,"Lives in Lahore, Pakistan, From Marseille, France",,,"Soudi Arabia- Riyadh
28 Mar 2024-present
 
 · 2 years, 6 months"
Waqas Rauf ,https://www.facebook.com/waqas.rauf.329546,,,,
Mian Akmal ,https://www.facebook.com/mian.akmal.184081,"Lives in Faisalabad, From Faisalabad, Married
Since 2010, Male",,,"Paint contrator faisal abad
6 Feb 2018 - Present
 
 · 8 years, 7 months"
Muhammad Rafique ,https://www.facebook.com/profile.php?id=100070027937373,,,,
Pmln Nawaz ,https://www.facebook.com/adnanbaig941,Male,,,
Mian Tahir Ayub ,https://www.facebook.com/mian.ayub.98,"Married, Male",,,"Business, Executive Director Fairchem
Executive director
2000 - Present
 
 · 26 years, 8 months"
احمد چوہان ,https://www.facebook.com/umar.lovelyrana,Male,,,
Naeem Akbar ,https://www.facebook.com/naeem.akbar.10690,"Lives in Faisalabad, From Faisalabad, 20 April 1984",,,
Sattar Awan  (Tariq),https://www.facebook.com/sattarawan.sattarawan.507,"Lives in Faisalabad, From Faisalabad",,,"Car and Driver
15 Jun 2014 - Present
 
 · 12 years, 3 months"
Pml N Gujrat ,https://www.facebook.com/profile.php?id=61554718702300,,,University Of Lahore,
Waseem Pansota ,https://www.facebook.com/waseem.pansota,Male,,,Student
Umair Waheed ,https://www.facebook.com/umair.waheed.3114,,,,
Ali Raza ,https://www.facebook.com/profile.php?id=100090894925129,31 December 1999,,,
Shahid Rasool Khilji ,https://www.facebook.com/profile.php?id=100008627598424,,,,
عقیل جٹ ,https://www.facebook.com/profile.php?id=100079901063512,"Lives in Faisalabad, Single",,,"Student
15 Nov 2024 - Present
 
 · 1 year, 10 months"
Mian Muhammad Zeeshan ,https://www.facebook.com/mianmuhammad.zeeshan.716,"Lives in Faisalabad, From Faisalabad, Single",,,"The Nation
Station Head Faisalabad
Dec 2025 - Present
 
 · 8 months"
Usama Sajid  (Nawaß Zä Då),https://www.facebook.com/innocent.shiekh.7,"Lives in Faisalabad, From Faisalabad",,,
Akmal Butt ,https://www.facebook.com/akmal.butt.75839,"Lives in Faisalabad, From Muslim Town, Punjab, Pakistan, Married
Since 14 February 2021",,,"Attorney at Law
4 Apr 2020 - Present
 
 · 6 years, 5 months"
Nawaz Malik ,https://www.facebook.com/malik.nawaz.5070276,"23 August 1986, Male",,,
Babar Babar ,https://www.facebook.com/babar.babar.578094,"Lives in Faisalabad, From Faisalabad, Male",,,"Self-employed
Boss"
Jamshaid AnXari ,https://www.facebook.com/profile.php?id=100083873645742,,,,
Ch Asim Sohail ,https://www.facebook.com/ch.asim.sohail.2025,,,,
Nughman Jillani  (Muna Jillani),https://www.facebook.com/mirzamuhammadnughman.jillani,"Lives in Shah Faisalabad, Punjab, Pakistan, From Shah Faisalabad, Punjab, Pakistan",,,"StormFiber
Cable Technician
6 Jul 2020 - Present
 
 · 6 years, 2 months"
Rehman Zahid  (رانا عبدالرحمن),https://www.facebook.com/rehman.zahid.5070,,,"Allama iqbal open unversity - students
School year 2020",
Suleman Arshad Virk Adv ,https://www.facebook.com/somi.Advocate,"Lives in Faisalabad, From Faisalabad, Single",,,"Decent Law Firm
Solicitor advocate
23 Feb 2023 - Present
 
 · 3 years, 7 months"
Shahbaz Malik ,https://www.facebook.com/profile.php?id=100053721061090,"Lives in Faisalabad, From Faisalabad",,,"Meezan Bank Limited
17 Jul 2020 - Present
 
 · 6 years, 2 months"
Malikenterprises Fsd ,https://www.facebook.com/malikenterprises.fsd.7,"Lives in Faisalabad, From Faisalabad, Male",,,
Ch Wasim Maith ,https://www.facebook.com/ch.wasimulhassan,"Lives in Faisalabad, From Faisalabad",,,"Real State
29 Apr 2023 - Present
 
 · 3 years, 4 months"
Muneeb AwAn ,https://www.facebook.com/muneeb.awan.980122,"Lives in Shah Faisalabad, Punjab, Pakistan, From Chakwal, Pakistan",,GCUF,
Gohar Anwaar ,https://www.facebook.com/gohar.anwaar.9,"Lives in Faisalabad, From Chiniot",,,"Gohar Anwaar Traders
Apr 2021 - Present
 
 · 5 years, 5 months"
Hassan Butt ,https://www.facebook.com/hassan.butt.397394,,,,
Ansari Jee ,https://www.facebook.com/ansari.jee.921,"Lives in Faisalabad, Single, Male",,,"Govt Islamia College Faisalabad
8 Jun 2023 - Present
 
 · 3 years, 3 months"
Aziz Akhtar Kainth  (Advocate),https://www.facebook.com/AzizAkhtarKainth,"Lives in Faisalabad, From Faisalabad, 22 November",,,"DBA, Faisalabad.
Advocate
Dec 2019 - Present
 
 · 6 years, 8 months"
Choudry Azeem Jutt ,https://www.facebook.com/azeem.jutt.98478,,,,
Mian Sabir ,https://www.facebook.com/mian.sabir.7564,"Lives in Faisalabad, From Faisalabad, 8 January 1996, Male",,,"PTCL
8 Jan 2023 - Present
 
 · 3 years, 8 months"
Malik Naeem ,https://www.facebook.com/HBjewelley,"Lives in Faisalabad, Male",,KAY Beyond,
Muhammad Nadeem ,https://www.facebook.com/muhammad.nadeem.153293,Lives in Faisalabad,,,
Malik Faraz Rasool ,https://www.facebook.com/malik.faraz.rasool,"Lives in Faisalabad, From Faisalabad, Single",,,"Follower At 1year S S P investigation Police Officer House Faisalabad
Jun 2020 - Present
 
 · 6 years, 2 months"
Umer Farooq ,https://www.facebook.com/profile.php?id=100068594144667,"Lives in Faisalabad, From Faisalabad, 18 June 1987",,,Facebook
Rana Shabbir Shahzad Khan ,https://www.facebook.com/shahzad077,"Lives in Faisalabad, From Faisalabad",,Account Help 2602,
Malik Mansoor ,https://www.facebook.com/malik.mansoor.749279,"Lives in Faisalabad, From Faisalabad, Male",,,
Rana Azeem ,https://www.facebook.com/profile.php?id=100088429637804,10 December 1977,,,
Malik Gulzar ,https://www.facebook.com/gulzar.hussain.903859,"Lives in Faisalabad, Family
Esha Gulzar, , ",,,
Ilyas Mughal ,https://www.facebook.com/malikhadi.malik.902,"Lives in Faisalabad, From Faisalabad, Married",,,"District Courts, Faisalabad.
9 Apr 2021-present
 
 · 5 years, 5 months"
Muhammad Azam Shahzad ,https://www.facebook.com/muhammadazam.shahzad.7,"Lives in Faisalabad, From Faisalabad",,Govt Islamia Graduate College Sargohda Road Faisalabad,
Kamran Hameed Sindhu ,https://www.facebook.com/kamran.hameed.sindhu.2025,,,,
Mian Sagheer Ahmad Sanwal ,https://www.facebook.com/saghir.sanwal,"Lives in Faisalabad, From Faisalabad, Married
Since 22 March 2020",,,"Daily Dunya Faisalabad
Coloumist
25 Sep 2015 - Present
 
 · 11 years"
Ballo Gujjar ,https://www.facebook.com/ballo.gujjar.378,"Lives in Faisalabad, From Faisalabad, Male",,,Student
Sher Afgan Janjua ,https://www.facebook.com/sherafgan.janjua.9,,,,
Haider Farooq ,https://www.facebook.com/haider.farooq.735,,,,
Raza Dogar ,https://www.facebook.com/raza.dogar.284542,,,,
Khalid Dhillon ,https://www.facebook.com/khalid.dhillon.169,Lives in Faisalabad,,,
Ch Yasir Jutt ,https://www.facebook.com/ch.yasir.jutt.709052,Lives in Faisalabad,,,
Nasir Awan ,https://www.facebook.com/nasir.awan.16100921,Male,,,
عامر جیلانی اعوان ایڈووکیٹ ,https://www.facebook.com/aamir.jillani.7,"Lives in Faisalabad, From Faisalabad, It's complicated",,"Govt College of Commerce,Abdullah Pur.Faisalabad",
Rana Imran Mani Khan ,https://www.facebook.com/imran.manikhan.90,"Lives in Islamabad, Pakistan, From Shah Faisalabad, Punjab, Pakistan, 1 January 1982, Male",,,imran traders
Rana Mudassar Ali  (Alibaadshah),https://www.facebook.com/ali.baadshah.54,"Lives in Faisalabad, From Faisalabad, 21 July 1995",,,"M/S Ali Electronics (Rgd.)
Director
1 Jan 2016 - Present
 
 · 10 years, 8 months"
Waqas Rana ,https://www.facebook.com/vicky.bird.528,"Lives in Faisalabad, From Faisalabad, Single",,,"Government joob Fsd
Assistant"
Waseem Ahmad Bhatti ,https://www.facebook.com/profile.php?id=100011127693202,"Lives in Lahore, Pakistan, From Faisalabad, Male",,"Government College University
School year 2021",
Umair Adil ,https://www.facebook.com/aalienss,"Lives in Faisalabad, From Faisalabad, 1 June, Single, English language",,,
Ahmad Hassan ,https://www.facebook.com/mian.ahmad.9250595,From Faisalabad,,,
Adeel Sheikh ,https://www.facebook.com/adeel.sheikh.814167,"Lives in Faisalabad, From Faisalabad, Male",,,
Malik Hamza ,https://www.facebook.com/malik.hamza.530768,"Lives in Faisalabad, 15 August 2002",,,
Sheikh Muhammad Ahmad ,https://www.facebook.com/sheikh.muhammad.ahmad.766207,,,,PML(N)
Waqar Minhas ,https://www.facebook.com/waqar.minhas.94801,Male,,,
Anjam Anjam ,https://www.facebook.com/anjam.anjam.58367,,,,
Muhammad Farooq ,https://www.facebook.com/muhammad.farooq.195718,,,,
Malik Mohsin Nadeem ,https://www.facebook.com/mohsin.nadeem.5602,"Lives in Faisalabad, From Faisalabad, 14 August 1985, Male",,,
Irfan Malik ,https://www.facebook.com/irfan.malik.6630,"Lives in Faisalabad, Family
Humna Malik, , , Male",,,Facebook
Waleed Ahmed ,https://www.facebook.com/waleed.ahmad.1840070,"Lives in Faisalabad, From Faisalabad, Male",,M.C HIGH SCHOOL FAISALABAD,
Muhammad Saeed ,https://www.facebook.com/muhammad.saeed.600136,,,,
Imran Subahani ,https://www.facebook.com/imran.subahani,"Lives in Faisalabad, From Shah Faisalabad, Punjab, Pakistan, 11 September 1988",,,"Facebook
8 Apr 2009 - Present
 
 · 17 years, 5 months"
Hoorain Javaid Ali ,https://www.facebook.com/javaid.ali.37051,"From Toronto, Ontario, Female",,,"Medical Sciences
17 Nov 2023-present
 
 · 2 years, 10 months"
Rana Zohaib ,https://www.facebook.com/rana.zohaib.334491,,,,"Soneri Bank Limited
Team Leader Agri & SME
30 Apr 2025-present
 
 · 1 year, 4 months"
Hafiz Naveed ,https://www.facebook.com/hafiz.naveed.90281943,"Lives in Faisalabad, Male",,,"Allied School Green Town Faisalabad, Alliance Campus
4 Oct 2018 - Present
 
 · 7 years, 11 months"
Rana Hashim Ali Khan ,https://www.facebook.com/rana.hashim.ali.khan.517923,"Lives in Sohal, Punjab, Pakistan, From Lyallpur, Punjab, Pakistan, 8 September 2005",,Army Burnhall Abbottabad,
Ali Raza ,https://www.facebook.com/ali.raza.707567,"1 April 1997, Male",,,
Abu Turab ,https://www.facebook.com/profile.php?id=100069714014654,,,,
Billa Sunny ,https://www.facebook.com/billa.sunny.18,"Lives in Faisalabad, From Faisalabad",,,
Iqrar Ahmad Warriach ,https://www.facebook.com/iqrar.ahmad.378,"Lives in Faisalabad, From Faisalabad, Family
Mujahid Hassan Pansota, , ",,,"Directorate of Intelligence & Investigation-IR Faisalabad
15 Jun 2022-present
 
 · 4 years, 3 months"
Rana Junaid Iqbal ,https://www.facebook.com/profile.php?id=100012220660443,"Lives in Faisalabad, From Faisalabad, Engaged, Family
Rana Sajid Ali, , ",,,Pakistan Tehreek-e-Insaf
Lala Subhan Saith ,https://www.facebook.com/lalasubhan.saith,Lives in Faisalabad,,,Attorney at Law
رانا اعجاز الحسن چشتی ,https://www.facebook.com/ranaijaz800,"Lives in Faisalabad, From Faisalabad",,,
Shahroz Iqbal Sheikh  (Advocate Shahroz Iqbal sheikh),https://www.facebook.com/shahroz.iqbal.1,"Lives in Faisalabad, From Faisalabad",,,"Advocate
Advocate
12 Jan 2023 - Present
 
 · 3 years, 8 months"
Nasir Shah ,https://www.facebook.com/nasir.shah.276880,Lives in Faisalabad,,,
AI content,https://www.facebook.com/syedali.razagilani.75,"Lives in Islamabad, Pakistan, From Faisalabad, 1 July 1995",,,"‎⚀⚀Loding...�█⚀█████�⚅⚀�███⚄⚃████⚀⚅████⚀⚀███⚅███⚃⚃███⚄⚄█...
31 Jul 2019 - Present
 
 · 7 years, 1 month"
Muhammad Hamza Gill ,https://www.facebook.com/hhamzagill,"Lives in Faisalabad, From Faisalabad",,GC University (GCUF) Faisalabad,
Hamza Ashfaq Awan  (Hlfa),https://www.facebook.com/hamxuawan,"11 October 1996, Male",,,"X-Factor
Owner"
Muhammad Shafiq ,https://www.facebook.com/shafiq.muhammad.18007,"Lives in Shah Faisalabad, Punjab, Pakistan, Male",,,
Hafiz Farhan Chukhia ,https://www.facebook.com/farhan.chukhia,"Lives in Lahore, Pakistan, From Faisalabad, 2 July 2004",,Quaid - E - Azam Law College Lahore,
Umair Umair ,https://www.facebook.com/umair.umair.348839,"Lives in Faisalabad, Male",,,
Omer Babu ,https://www.facebook.com/umer.um.5,"Lives in Faisalabad, From Faisalabad",,,
Haniya Butt Haniya Butt ,https://www.facebook.com/profile.php?id=100079646346617,,,,
Mirza Jamil ,https://www.facebook.com/mirza.jamil.54002,"Lives in Faisalabad, From Faisalabad",,,
Muhammad Sʌltən  (zamana jali),https://www.facebook.com/profile.php?id=100010706528800,"Lives in Shah Faisalabad, Punjab, Pakistan, From Shah Faisalabad, Punjab, Pakistan",,,
Mian Arslan ,https://www.facebook.com/mian.arslan.7952,"Lives in Faisalabad, From Faisalabad",,,
Asad Jalaya ,https://www.facebook.com/ayeshansari.ansari.5,"Lives in Faisalabad, From Faisalabad",,,
Umar Mughal ,https://www.facebook.com/umar.mughal.98229,"Lives in Faisalabad, From Faisalabad, Male",,,High HoPeS foR PaKiStAn
Rai Aamer Mushtaq Kharal  (Aamer Mushtaq Rai),https://www.facebook.com/aamer.mushtaq.1,"Lives in Faisalabad, From Faisalabad, Family
8 family members, , , , ",,,nil
Umar Jutt ,https://www.facebook.com/chumarjutt900,"Lives in Faisalabad, From Faisalabad, Single",,,"Chenab Group
Owner and CEO
11 Jan 2000 - Present
 
 · 26 years, 8 months"
Abrar Malik ,https://www.facebook.com/abrar.malik.12576,,,"govt.college of commerce
26 February 2018-present","weaving
27 Feb 2018 - Present
 
 · 8 years, 7 months"
نومی باجوہ ,https://www.facebook.com/nwmy.bajw.929266,"Lives in Faisalabad, Male",,,
Rana Ali Hassan  (journalist),https://www.facebook.com/rana.ali.hassan.920970,"Lives in Faisalabad, From Faisalabad, Family
Khurram Rajpoot, , ",,,"Fotoline Urdu
3 Jul 2018 - Present
 
 · 8 years, 2 months"
Muhammad Arif Ansari Saab ,https://www.facebook.com/muhammadarif.muhammadarif.50746444,"Lives in Faisalabad, From Faisalabad",,,Facebook
Shahid Saeed ,https://www.facebook.com/shahid.saeed.90410834,,,,Facebook
Imran Ashraf Randhawa ,https://www.facebook.com/whitesuraj92,"From Faisalabad, 1988",,,
Akhtar Ali ,https://www.facebook.com/akhtarali.ali.5095,"Lives in Lahore, Pakistan, From Faisalabad, Male",,,
Ejaz Randhawa ,https://www.facebook.com/profile.php?id=100080481911657,Lives in Faisalabad,,,
Muhammad Danish ,https://www.facebook.com/muhammad.danish.445542,"Lives in Faisalabad, 8 December 2000, Single",,Gstc Fsd,
Rizwan Ismail ,https://www.facebook.com/rizwan.mughal.58726,"Lives in London, United Kingdom",,,
Mian Asif Ali ,https://www.facebook.com/profile.php?id=100082954694401,,,,
Mustafa Gujjar ,https://www.facebook.com/mustafa.gujjar.502002,"Lives in Faisalabad, From Faisalabad, Male",,,"Faisal shoes Official
Owner and CEO
5 Nov 2004-present
 
 · 21 years, 10 months"
Nawaz Khan ,https://www.facebook.com/nawazkhan.khan.39904181,,,,
آماز وال ,https://www.facebook.com/profile.php?id=100093658689587,,,,
Mohsin Raza ,https://www.facebook.com/profile.php?id=100021901303059,Lives in Faisalabad,,,
Khalid Khan ,https://www.facebook.com/khalid.khan.724604,,,,
Mian Zakaria Hassan Dar ,https://www.facebook.com/zaki.dar.90,,,,Jazz
Habib Khan ,https://www.facebook.com/profile.php?id=100004843156665,"Lives in Faisalabad, From Faisalabad",,"University of Agriculture, Faisalabad
22 May 2008 - 10 August 2012",
Imtiaz Ul Hassan Alvi ,https://www.facebook.com/imtiaz.alvi.96,"Lives in Faisalabad, From Chichawatni, Family
3 family members, , , , ",,,"Kamal Textile Mills Pvt. Ltd
Production Planning and Control
1 Oct 2012 - Present
 
 · 13 years, 11 months"
Muhammad Sabir ,https://www.facebook.com/muhammad.sabir.ansari.2025,"Lives in Faisalabad, Married, Male",,,"Self-employed
Business"
Rana Naeem  (Green Bio Energy Pakistan),https://www.facebook.com/profile.php?id=100090680139138,,,,
Jahanzaib Sandhu ,https://www.facebook.com/jahanzaib.jutt.1253,"Lives in Faisalabad, From Faisalabad",,University of Agriculture Faisalabad - Official,
Ahsan Rajpoot  (Ahsan Rajpoot),https://www.facebook.com/ahsan.ali.ali.155214,,,,
Aslam Jamil Ansari ,https://www.facebook.com/aslam.jamil.ansari,"Lives in Faisalabad, From Faisalabad",,,
Rana Imran Mehmood Khan ,https://www.facebook.com/rana.imran.mehmood.khan.2025,"Lives in Faisalabad, From Faisalabad, Male",,,City Vice President PML(N)
Saqi Malik ,https://www.facebook.com/profile.php?id=100013941523728,"Lives in Lahore, Pakistan",,,
Usman Usman ,https://www.facebook.com/profile.php?id=100077459630721,,,,
Mian Yasir ,https://www.facebook.com/profile.php?id=100009109534638,"17 August 1982, Male",,,
Gulfam Awan ,https://www.facebook.com/gulfam.awan.465440,Lives in Faisalabad,,,
Ghazanfar Natiq ,https://www.facebook.com/ghazanfar.natiq,"Married, Male",,,News Producer
Malik Zeshan  (Advocate high court),https://www.facebook.com/malik.zeshan.589,"Lives in Faisalabad, From Faisalabad",,,Informative
Mian Arslan ,https://www.facebook.com/mian.arslan.9847,"Lives in Faisalabad, From Faisalabad, Family
Iram Zahid and Waqas Prem, , , ",,,Repoters
Mohammad Tahir ,https://www.facebook.com/mohammad.tahir.174525,Male,,,
Pmln Mbdin ,https://www.facebook.com/profile.php?id=61553490226929,"Lives in Mandi Bahauddin, From Mandi Bahauddin",,,
عاطف اشرف ڈوگر ,https://www.facebook.com/atifashraf03,"Lives in Faisalabad, From Sheikhupura, It's complicated",,,"District & Session Court Faisalabad
13 Dec 2022 - Present
 
 · 3 years, 9 months"
Ali Raza ,https://www.facebook.com/ali.raza.386695,,,,
Rana Habib Ur Rehman ,https://www.facebook.com/ranahabib.rahmanhabib,"Lives in Lahore, Pakistan, From Pir Mahal",,,
Yasir Malik ,https://www.facebook.com/yasir.malik.435508,,,,
Rana Javaid Iqbal ,https://www.facebook.com/profile.php?id=61553485526315,,,,
Mirza Ashraf ,https://www.facebook.com/mirza.ashraf.752,"Lives in Faisalabad, From Faisalabad, Male",,,bussiness man
Hamad Bhga ,https://www.facebook.com/hamad.bhga,,,,
Kashif Rajpoot ,https://www.facebook.com/kashif.rajpoot.108991,"Lives in Faisalabad, From Faisalabad, Single",,,"Business Owner
9 Jan 2024-present
 
 · 2 years, 8 months"
Ali Raza Awan ,https://www.facebook.com/profile.php?id=100006377496149,"Lives in Faisalabad, From Faisalabad, Male",,,"Minhaj-ul-Quran International [Official]
5 Mar 2018 - Present
 
 · 8 years, 6 months"
Follow,https://www.facebook.com/sagar.munna.18,"From Faisalabad, 20 April 1988, Male",,,
Qasim Gondle ,https://www.facebook.com/profile.php?id=61552729195770,1 January 1985,,,
Usama Khurram ,https://www.facebook.com/usama.khurram.867978,"Lives in Toronto, Ontario",,,
Prince Ali ,https://www.facebook.com/prince.ali.585405,"Lives in Faisalabad, From Shah Faisalabad, Punjab, Pakistan, 9 August 2003",,,NoT yET wOrKiNg sTilL iAm ChiLliNg
Usman Chohan  (Defulter don),https://www.facebook.com/usman.chohan.952947,"Lives in Faisalabad, From Faisalabad",,"Govt. Municipal Graduate College, Faisalabad
28 February 2019 - Present",
Faseeh UR Rehman Wahla ,https://www.facebook.com/chfaseeh.wahla,"Lives in Faisalabad, From Faisalabad",,,
Kashif Jamshaid ,https://www.facebook.com/kashif.jamshaid.39,,,,
Naqash Rajpoot ,https://www.facebook.com/profile.php?id=61553293229601,"Lives in Faisalabad, From Faisalabad",,,"Akber Cloney
7 Nov 2023 - Present
 
 · 2 years, 10 months"
Chachu Shahbaz ,https://www.facebook.com/chachu.shahbaz,"Lives in Shah Faisalabad, Punjab, Pakistan",,,
Rana Amjad Majeed Adv ,https://www.facebook.com/rana.amjad.adv,Male,,,
Ahmad Tarar ,https://www.facebook.com/ahmad.tarar.856654,"From Marseille, France",,,
Irfan Haider ,https://www.facebook.com/irfan.haider.507232,"Lives in Faisalabad, From Faisalabad, Male",,,"Student
Studying
26 Jul 2018 - Present
 
 · 8 years, 2 months"
Azhar Ali ,https://www.facebook.com/profile.php?id=100040633412199,,,GC University Faisalabad,Associate Data scientist
Haseeb Iqbal ,https://www.facebook.com/haseeb.iqbal.795971,,,,
Khubaib Yousaf ,https://www.facebook.com/khubaib.rose,From Faisalabad,,,"Khubaib Yousaf Official
Chief executive officer
Jul 2017 - Present
 
 · 9 years, 1 month"
Israr Gujjar ,https://www.facebook.com/israr.gujjar.944529,"From Faisalabad, Male",,M.com (GC.Univerisity Faisalabad Layyah Campus,
MuhammadFarhan Rajpoot ,https://www.facebook.com/rana.farhan.961,"Lives in Kirkcaldy, Fife, Family
Ahmed Rajpoot, , , Male",,,
Choudhary Taimoor Jutt  (Leosa jutt),https://www.facebook.com/taimoor.jutt.5,"Lives in Faisalabad, From Faisalabad, 8 June 1997",,,Student at GC University Faisalabad
Shani Rexcity Walay  (Mirza Zeeshan ),https://www.facebook.com/saith.zeeshan,"Lives in Dubai, United Arab Emirates, From Faisalabad, Single",,,"Rex City: Faisalabad Computer Market
Computer Ande Network Technition
24 Apr 2010 - Present
 
 · 16 years, 5 months"
Wasim Shk  (Wasim shk),https://www.facebook.com/shkwasim101,"Lives in Faisalabad, From Faisalabad",,University Of Lahore,
Ch Ijaz Dhîllôn ,https://www.facebook.com/muhammad.ijazdhillon,,,,
Farman Ali ,https://www.facebook.com/profile.php?id=100009150610752,Male,,,
Hamza Tariq Kamboh ,https://www.facebook.com/hamza.tariqkamboh.3,"Lives in Dubai, United Arab Emirates, From Faisalabad, 23 December 1997",,,"Pakistan State Oil
Patrol
14 Nov 2019 - Present
 
 · 6 years, 10 months"
Muhammad Zohaib ,https://www.facebook.com/muhammad.zohaib.971452,"Lives in Faisalabad, 14 August 2005",,,
Bismillah Traders ,https://www.facebook.com/ameenraja.raja.73,,,,
Rizwan Kaleem ,https://www.facebook.com/rizwan.kaleem.984,Male,,,
Malik Naveed ,https://www.facebook.com/malik.naveed.617395,Lives in Faisalabad,,,
Ranakhurram Khurramrana ,https://www.facebook.com/ranakhurram.khurramrana,,,,
Danial Tahir ,https://www.facebook.com/sheikh.danial.102,"Lives in Faisalabad, From Faisalabad, Family
Abdullah Tahir and Shahid Ashraf, , , ",,,"Ayub Agricultural Research Institute,Faisalabad-Pakistan
Computer Operator at VRI Fsd
7 Jun 2017-present
 
 · 9 years, 3 months"
Aatin Rafiq ,https://www.facebook.com/aj.aatinrafiq,"Lives in Faisalabad, From Bhaiwala, Punjab, Pakistan, Male",,,Not Yet Working
Mirza Muhammad Altaf ,https://www.facebook.com/altaf.javaid.9,"Lives in Faisalabad, From Faisalabad",,,"Income Tax & Sale Tax Consultant
10 May 2015-present
 
 · 11 years, 4 months"
Khurram Zaheer ,https://www.facebook.com/khurram.msc,"Lives in Faisalabad, From Faisalabad, Male",,,own business
Adv Zahid Hussain ,https://www.facebook.com/adv.zahid.hussain.2025,"Lives in Faisalabad, From Faisalabad",,,"Advocate High Court
4 Sep 2022 - Present
 
 · 4 years"
Waleed Malik ,https://www.facebook.com/suna.haji,"Lives in Faisalabad, From Faisalabad",,,
Tahir Sarfraz ,https://www.facebook.com/tahir.sarfraz1,"Lives in Rawalpindi, Pakistan, From Lahore, Pakistan, In an open relationship",,,"UBL
Chief Brand Officer
Mar 2011 - Present
 
 · 15 years, 5 months"
Mian Zulfqar ,https://www.facebook.com/mian.zulfqar.9480,,,,
Arslan Mughal  (ارسلان اسلم),https://www.facebook.com/arslan.mughal.729105,"Lives in Faisalabad, From Faisalabad",,,"Masood Textile Mills Faislabad
Inventory Control Specialist
Oct 2022 - Present
 
 · 3 years, 11 months"
Malik Sajid Sab  (محمد احمد ملک),https://www.facebook.com/malik.ahmad.sab.2025,,,,
Sufyan Bandesha ,https://www.facebook.com/sufyanbandasha.aufyanbandasha,"Lives in Faisalabad, From Faisalabad, Male",,,"HBL
Assistant Manager
26 May 2025 - Present
 
 · 1 year, 4 months"
Shoaib Saith ,https://www.facebook.com/shoaib.saith.125,"Lives in Faisalabad, From Faisalabad",,,Studying
Aftab Gujjar ,https://www.facebook.com/aftab.gujjar.399826,"1 January 1995, Male",,,
Sajid Manj ,https://www.facebook.com/sajid.manj.269060,"Lives in Faisalabad, From Faisalabad",,,Crestex - The Crescent Textile Mills
Yuosaf Rajputt ,https://www.facebook.com/profile.php?id=100089261821725,From Faisalabad,,,
Malik Shafique Shafique Malik  (Malik shafique),https://www.facebook.com/malik.shafique.shafique.malik.2025,,,,
Umarmaan Umarmaan ,https://www.facebook.com/umarmaan.umarmaan.2025,,,,
Shahzad Ansari ,https://www.facebook.com/profile.php?id=100005474746361,Lives in Faisalabad,,,
Ahmad Chishti ,https://www.facebook.com/ahmad.chishti.126245,"Lives in Faisalabad, From Faisalabad, 25 May 2003",,,"District Courts, Faisalabad."
Hammad Khokhar  (Hammad Manzoor),https://www.facebook.com/hammadkhok,"Lives in Faisalabad, From Riyadh, Saudi Arabia, 13 August, Family
3 family members, , , , , Male, Arabic, English language, Urdu and Punjabi language",,,"ZNH Textile Pvt. Ltd.
Sole proprietorship
1 Feb 2015 - Present
 
 · 11 years, 7 months"
Muhammad Ilyas Ilyas ,https://www.facebook.com/muhammad.ilyas.ilyas.912731,25 May 2007,,,
Aamar Rasool Jutt ,https://www.facebook.com/aamar.rasool,Lives in Faisalabad,,,"Brandegic
19 Oct 2019 - Present
 
 · 6 years, 11 months"
Faisal Hafeez ,https://www.facebook.com/faisal.hafeez.78016,23 August 1982,,,
Abid Abii ,https://www.facebook.com/abid.abii.2025,Lives in Faisalabad,,,Facebook
Ali Asim Butt ,https://www.facebook.com/ali.asim.5811,"Lives in Lahore, Pakistan, From Lahore, Pakistan, Single",,,Self-employed
Engr Ehtisham Sandhu ,https://www.facebook.com/engr.ehtisham.sandhu,"Lives in Faisalabad, 4 June 1996, Male",,,Food Engineering
Ali Shahbaz ,https://www.facebook.com/ali.badshah.908347,"Lives in Faisalabad, 16 April 1998, Single",,Abdalian Model High School,
Mian Abdul Aziz ,https://www.facebook.com/abdul.azizmian.92,"Lives in Faisalabad, From Faisalabad",,,
Mehboob Hamza Mehboob Hamza ,https://www.facebook.com/mehbo.hamza,"Lives in Faisalabad, From Faisalabad",,"Aziz Fatimah Medical and Dental College
School year 2023",
Muhammad Nabeel Sandhu ,https://www.facebook.com/nabeelsandhu.sandhu,"Lives in Faisalabad, From Faisalabad, Single",,,"Jenner pharmaceuticals
11 Dec 2021-present
 
 · 4 years, 9 months"
Imran Wadhan ,https://www.facebook.com/imran.wadhan.1,"Lives in Faisalabad, From Faisalabad, Married
Since 24 December 2018",,,Self-employed
Malik Usman ,https://www.facebook.com/malik.usman.961,"Lives in Faisalabad, From Faisalabad, Male, English language, Urdu and Punjabi language",,,
Atique Rehman ,https://www.facebook.com/profile.php?id=100091782992594,,,,
Sh Sohaib ,https://www.facebook.com/sh.sohaib.5,"Lives in Faisalabad, From Faisalabad",,,
Waseem Sajid ,https://www.facebook.com/waseem.sajid.58,"Lives in Faisalabad, From Shah Faisalabad, Punjab, Pakistan, Married",,,Self-employed
Shakeel Ur Rehman ,https://www.facebook.com/shakeel.rehman.144734,"Lives in Lahore, Pakistan, From Shah Faisalabad, Punjab, Pakistan",,,"Egyptchem Pakistan
Business Unit Manager
Feb 2023 - Present
 
 · 3 years, 7 months"
Mian Ameen ,https://www.facebook.com/mian.ameen.963,,,,
Naeem Chaudhry ,https://www.facebook.com/naeem.chaudhry.77715,Lives in Faisalabad,,,
Shary Baig  (Muhammad Shaharyar Shahab Baig),https://www.facebook.com/shary.baig.31,"Lives in Faisalabad, From Faisalabad, 22 June 1998, Single, Male, Punjabí",,,"United CNG & Filling Station
Managing Director
22 Jan 2009 - Present
 
 · 17 years, 8 months"
عمران قادر عظیمی گجر ,https://www.facebook.com/imranqadir.gujjar,"Family
نعمان قادر گجر, , , Male",,,
Amjad Meo ,https://www.facebook.com/amjad.meo.654396,,,Associates Degree,
M Awais Zee ,https://www.facebook.com/m.awais.zee.2025,,,,
Noman Ramzan Qureshi ,https://www.facebook.com/numan.ramzan.75,"Lives in Faisalabad, From Faisalabad, Single",,,"Criminal Lawyer
16 Aug 2022 - Present
 
 · 4 years, 1 month"
A Sttar A Sttar ,https://www.facebook.com/a.sttar.a.sttar.710032,,,,
Faisal Dogar Faisal Dogar ,https://www.facebook.com/faisal.dogar.faisal.dogar.740326,,,,
Haji M Tahir  (شہریار ٹریڈرز),https://www.facebook.com/tahir.chani,"Lives in Faisalabad, Male",,,"Faisalabad Textile Newz
27 Sep 2020 - Present
 
 · 6 years"
Adv Mian Ahmad Sohail ,https://www.facebook.com/mianahmad.sohail.1,"11 February 2005, Male",,Punjab Group Of Colleges,
Ijaz Ul Haq ,https://www.facebook.com/profile.php?id=100054436196336,"Lives in Faisalabad, From Faisalabad, 17 May 1968, Married",,,"Al Haq Enterprises
22 Sep 2020 - Present
 
 · 6 years"
Haseeb Qamar Jutt ,https://www.facebook.com/engrhaseebqamar,"Lives in Faisalabad, From Multan",,,"Qamar & Co
CEO
10 Dec 2016 - Present
 
 · 9 years, 9 months"
Rana Maad ,https://www.facebook.com/rana.maad.3,"Lives in Faisalabad, From Karbala', 15 April 1993",,,"GC University, Faisalabad, Pakistan
Students
10 Oct 2017 - Present
 
 · 8 years, 11 months"
Subhan Chaudhry ,https://www.facebook.com/mian.subhan.756,"Lives in Faisalabad, From Islamabad, Pakistan, 27 August",,,
Rashid Hussain ,https://www.facebook.com/rashid.hussain.844980,Lives in Faisalabad,,,
Imran G ,https://www.facebook.com/imran.g.477725,21 September 1986,,,
Rana Muhammad Usman ,https://www.facebook.com/profile.php?id=100085176550283,"Lives in Faisalabad, From Faisalabad, 25 January 2002",,,
Khalid Iqbal ,https://www.facebook.com/profile.php?id=100080936653830,,,,
Aliya Hafeez Khan ,https://www.facebook.com/AliyaHafeez381,"Lives in Faisalabad, From Dubai, United Arab Emirates, 24 June 1980",,American University in Dubai,
Shazaib Gujjar  (Gujjar),https://www.facebook.com/zohaib.gujjar.927148,Lives in Jaranwala,,,
Chaudhary Zafar Ali ,https://www.facebook.com/chaudry.zafarali,"Lives in Faisalabad, From Faisalabad",,,
Muhammad Shafiq ,https://www.facebook.com/muhammad.shafiq.1449,"Lives in Faisalabad, From Faisalabad, Family
Bilal Ansari, , ",,,Faisalabad Fan Club
Sardar Zeeshan Sandhu Adv ,https://www.facebook.com/sardarzeeshan.sandhuadv,"Lives in Faisalabad, From Lahore, Pakistan",,,"Attorney at Law
28 Feb 2021-present
 
 · 5 years, 7 months"
Mansab Gujjar ,https://www.facebook.com/mansab.gujjar.10,"Lives in Faisalabad, From Faisalabad",,,
Muhammad Waqar Muhammadi  (محمدی),https://www.facebook.com/waqqarrasheed,"Lives in Faisalabad, Married
Since 21 June 2024, Male",,,
Rana Atique ,https://www.facebook.com/rana.atique.142,,,government muslim high school tariqabad faisalabad,"SUCH TV
Bureau Chief
Oct 2020 - Present
 
 · 5 years, 10 months"
Rashid Amin ,https://www.facebook.com/rashid.amin.319755,Lives in Faisalabad,,,
Adnan Dogar ,https://www.facebook.com/adnan.dogar.7106670,"Lives in Faisalabad, From Faisalabad, Male",,,"District Courts, Faisalabad.
25 Feb 2020 - Present
 
 · 6 years, 7 months"
Rana Mubashar Ali  (لالہ مبشر راجپوت),https://www.facebook.com/rana.mubashar.ali.628161,"Lives in Faisalabad, From Jaranwala, Married
Since 11 November 2022",,,"Quality Accurance
23 Oct 2022 - Present
 
 · 3 years, 11 months"
Rana Javaid Asad Khan ,https://www.facebook.com/ranajavaid.asadkhan,"Lives in Faisalabad, From Faisalabad, 1 November 1974",,,"Self-employed
Owner
2 Nov 2002 - Present
 
 · 23 years, 10 months"
Shezi Shahzaib ,https://www.facebook.com/shezi.shahzaib.2025,"Lives in Faisalabad, From Faisalabad, 25 September 2001",,,
Abdul Hameed ,https://www.facebook.com/abdul.hameed.239544,"Lives in Shah Faisalabad, Punjab, Pakistan, From Islamabad, Pakistan",,,"Madina Group Of Industries
Product marketing manager
4 Aug 2020 - Present
 
 · 6 years, 1 month"
Aurang Zeb Awan Adv ,https://www.facebook.com/zeb.laghari.7,"Lives in Faisalabad, From Faisalabad, Single",,,"Works at Down News channel as Distribution executive Officer
1 Dec 2017 - Present
 
 · 8 years, 9 months"
Shuja Ali ,https://www.facebook.com/shuja.ali.617594,"Lives in Faisalabad, From Faisalabad",,Punjab Group Of Colleges,
Malik Baou ,https://www.facebook.com/malik.baou.2025,Lives in Faisalabad,,,
Zahid Maqbool ,https://www.facebook.com/zahid.maqbool.255543,Male,,,
M Naeem Abad Mna ,https://www.facebook.com/mnaeemabad.mna,"Lives in Faisalabad, From Gardens, 31 October 1972, Married, Male",,,"Social workers
VIP personality"
Pyari Bhena Shah Ji ,https://www.facebook.com/profile.php?id=100076458135771,Lives in Pindi Bhattian,,,"Haideri Furniture Mart
Chief Executive
On 7 Sep 2025"
Abdul Qadir  (Officail),https://www.facebook.com/abdulqdir.abdulqadir,"Lives in Faisalabad, From Faisalabad, Married",,,"Imtiaz Super Market Faisalabad
Picker / Packer
9 Jun 2025 - Present
 
 · 1 year, 3 months"
Hafiz M. Waqas  (Hafiz M. Waqas),https://www.facebook.com/m.waqas.hafiz.7,"Lives in Shah Faisalabad, Punjab, Pakistan, From Faisalabad",,,"Faisalabad
25 Nov 2018 - Present
 
 · 7 years, 10 months"
Farooq Gujjar ,https://www.facebook.com/farooq.gujjar.75873708,,,,
M Muzaffar M Muzaffar ,https://www.facebook.com/m.muzaffar.m.muzaffar.2025,,,,
Shakeel Ahmad ,https://www.facebook.com/shakeel.ahmad.992619,"Lives in Faisalabad, From Faisalabad",,,"Chairman all Pakistan Sizing Industries
19 Apr 2020 - Present
 
 · 6 years, 5 months"
Haji Imran ,https://www.facebook.com/haji.imran.99515,"Lives in Faisalabad, 30 September 1982",,,
Arslan Akram ,https://www.facebook.com/arslan.akram.855450,"Lives in Faisalabad, From Faisalabad, 17 March 1993",,,
Adnan Asmat Randhawa ,https://www.facebook.com/adnan.asmat.5,"Lives in Faisalabad, Male",,,
مظہر نمبردار ,https://www.facebook.com/mazha.numberdar,,,,
Nawaz Agha ,https://www.facebook.com/nawaz.agha.9,"Lives in Quetta, Pakistan, From Killa Abdullah, Balochistan, Pakistan",,,"High School Teacher
High School Science Teacher
13 May 2022 - Present
 
 · 4 years, 4 months"
Rana Jawad Hadi ,https://www.facebook.com/rana.jawad.hadi,11 August 2007,,,
Talha Muzammil  (خاکِپائے ابُوتُراب),https://www.facebook.com/pir.talha.chishti.qadri,"Lives in Lahore, Pakistan, From Samundri, 7 September 1987",,,"Hassan Hussain Estate & Builders
CEO
7 Sep 2020 - Present
 
 · 6 years"
Malik Abdul Jabbar ,https://www.facebook.com/malik.jubar.7,,,,"Faislabad
26 Mar 2023-present
 
 · 3 years, 6 months"
Mian Iyaz Munir ,https://www.facebook.com/profile.php?id=100076636323945,Lives in Faisalabad,,,
Tanbeer Awan ,https://www.facebook.com/profile.php?id=100080157981182,,,,
Muneeb Prince ,https://www.facebook.com/muneeb.prince.5667901,"Lives in Faisalabad, From Faisalabad, Single, Family
1 family member",,,"Faisalabad
26 Oct 2020-present
 
 · 5 years, 11 months"
Irfan Rasheed Kamboh ,https://www.facebook.com/irfan.rasheedkamboh,"Lives in Faisalabad, From Faisalabad, 2 June 1981",,,"Police Motorcycle Escort
Police Inspector"
Hassan Ansari ,https://www.facebook.com/hassanansari719,"Lives in Musaffah, Abū Z̧Aby, United Arab Emirates, Male",,,
Noman Zafar ,https://www.facebook.com/profile.php?id=100091844932632,25 June 2002,,,
Fathe Muhammad ,https://www.facebook.com/profile.php?id=100086128743825,,,,
Gull Nawaz Kamoka ,https://www.facebook.com/gullnawaz.kamoka.3,"Lives in Faisalabad, From Faisalabad",,,"Madina Traders
15 Jul 2020 - Present
 
 · 6 years, 2 months"
Arslan Anjum ,https://www.facebook.com/profile.php?id=100080977941892,"Lives in Faisalabad, 15 October 2003, Male",,,
LaLa Yousaf ,https://www.facebook.com/Lalayousaf00,"Lives in Faisalabad, From Faisalabad, 10 May",,,"Work at my own business
28 Dec 2020-present
 
 · 5 years, 9 months"
Naqi UL Hassan Hashmi ,https://www.facebook.com/naqi.hashmi999,"Family
Rahab Ali Hashmi, , ",,,
Malik Bilal ,https://www.facebook.com/malik.bilal.780596,"Lives in Faisalabad, From Shah Faisalabad, Punjab, Pakistan",,,"Bissnusman
Ower Fashion Arts
1 Jan 2012 - Present
 
 · 14 years, 8 months"
Fahad Gujjar  (Chaudhary),https://www.facebook.com/fahad.gujjar.520,"Lives in Faisalabad, From Faisalabad, 6 July 1993",,,Bin Tehzeeb
Mahad Mirza ,https://www.facebook.com/profile.php?id=100090588335225,"Lives in Faisalabad, From Faisalabad",,Govt Staff Training College Faisalabad GSTC,
Faizan Bhatti ,https://www.facebook.com/farooq.akas.1,"Lives in Faisalabad, From Faisalabad, 31 May 2002",,,"A/C & FRIDGE MECHANIC AND ELECTRICIAN
18 Aug 2019 - Present
 
 · 7 years, 1 month"
Mian Mehran Tahir ,https://www.facebook.com/mianmehran.tahir,"Lives in Lahore, Pakistan, From Faisalabad, Male",,,DBA Fsd
M Usman Siddiq Rajput ,https://www.facebook.com/ranamusmansiddiqabc,,,,
Nawaz Ashraf ,https://www.facebook.com/nawaz.ashraf.304943,"Lives in Faisalabad, From Shah Faisalabad, Punjab, Pakistan",,GC University Faisalabad,
Shahryar Khan ,https://www.facebook.com/shahryar.khan.366513,"Lives in Faisalabad, From Faisalabad, Single",,,
Ch Asif Naveed ,https://www.facebook.com/chasif.naveed.1,"Lives in Faisalabad, From Faisalabad",,,"UVAS
4 Jun 2020 - Present
 
 · 6 years, 3 months"
Gulfam Malik ,https://www.facebook.com/gulfam.malik.16100921,Lives in Faisalabad,,,
Aqeel Niazi ,https://www.facebook.com/profile.php?id=100009923267654,"Lives in Abu Dhabi, United Arab Emirates, From Faisalabad, Single",,,
Arbab AB Ansari  (AB Ansari),https://www.facebook.com/arbabs1,"Lives in Faisalabad, From Faisalabad, Family
3 family members, , , , ",,,"The Professional Medical Journal
Publication Manager"
Malik Waqas ,https://www.facebook.com/malik.waqas.34116,30 May 1986,,,
Zafar Sandhu ,https://www.facebook.com/zafar.sandhu,"Lives in Faisalabad, From Faisalabad, Married",,,"bussines
CEO Blossom Enterprises
22 Aug 2018 - Present
 
 · 8 years, 1 month"
Ali Hassan Bhangu Hassan ,https://www.facebook.com/ali.hassan.bhangu.hassan,Male,,,
M Ishfaq Raja ,https://www.facebook.com/profile.php?id=100089676530265,,,,
سید ناصر علی شاہ ,https://www.facebook.com/sydnasrlysha,,,,
Haji Zahid Cba ,https://www.facebook.com/haji.zahid.cba,"Male, Urdu and پنجابی",,,"Crescent Textile Mills
Management"
Malik Ameer Raza ,https://www.facebook.com/malik.ameer.raza.296269,"Lives in Faisalabad, Male",,,
Mian Zeeshan ,https://www.facebook.com/profile.php?id=100089520662955,Lives in Faisalabad,,,"Mitchell's Fruit Farms
Teller Supervisor
13 Jul 2021-present
 
 · 5 years, 2 months"
Adeem Shah ,https://www.facebook.com/adeem.shah.90,"Lives in Faisalabad, From Faisalabad, Male",,,Pakistan International Airlines
Sajjad Ahmad Larra ,https://www.facebook.com/sajjad.ahmad.3344913,Male,,,"Scholars Educational Science Academy
Owner
11 Aug 2017-present
 
 · 9 years, 1 month"
Nyp M Cell ,https://www.facebook.com/nyp.medinacell,"From Lahore, Pakistan",,,"Facebook
18 Mar 2020 - Present
 
 · 6 years, 6 months"
Zawar Taqi Ali ,https://www.facebook.com/taqi.shah.980,"Lives in Faisalabad, From Faisalabad, 1 October 1997",,,"TAQI Printers
Owner and CEO
1 Nov 2023 - Present
 
 · 2 years, 10 months"
Shahroz Awan ,https://www.facebook.com/shahroz.awan.614953,"Lives in Islamabad, From Faisalabad, 28 October",,,OoOye paGaL Yeh b ko¡ Umer hy kaM krNy k¡...!
Usman Yousf Usman Yousf ,https://www.facebook.com/usman.yousf.usman.yousf.2025,,,,
Shahzad Rafiq  (Shahzada),https://www.facebook.com/shahzada78000,"Lives in Islamabad, From Faisalabad, 17 January",,Punjab group of college,
Rai Ismail Sikander Adv ,https://www.facebook.com/rai.ismail.sikander.adv,"Lives in Faisalabad, From Faisalabad, Male",,,"Studying
Gcuf"
Rai Sajjad ,https://www.facebook.com/rai.sajjad.180410,"Lives in Sahiwal, Punjab, Pakistan",,,"Facebook
11 Mar 2021-present
 
 · 5 years, 6 months"
Shahid Rafique ,https://www.facebook.com/suno.gee.75,Lives in Faisalabad,,,
Muhammad Usman ,https://www.facebook.com/usman.shk.3511,,,,
CH Shakeel Danial Bandesha ,https://www.facebook.com/ch.shakeel.danial.bandesha,,,,
Ali Hasnain ,https://www.facebook.com/ali.hasnain.232178,Lives in Faisalabad,,,
Muhammad Arslan Ansari ,https://www.facebook.com/arslan.ansari.18294,"Lives in Faisalabad, From Faisalabad, Single",,,"work at study
Call Operator in Stone Ove Pizza Valley PMC Branch"
Javed Iqbal ,https://www.facebook.com/javed.iqbal.811866,Lives in Faisalabad,,,"Govt Mc boys High School Islamnagar #1 Faisalabad
Teaching
24 Dec 2023-present
 
 · 2 years, 9 months"
Mian Jabbar ,https://www.facebook.com/mian.jabbar.11006,,,,
Danish KhAn ,https://www.facebook.com/m.danishkhan.522,"Lives in Muscat, Oman, From Faisalabad, Single",,,"Oman,Mascat
Business management"
Bîłã Rájpöōt ,https://www.facebook.com/chrana.umar,"Lives in Faisalabad, From Faisalabad, Single",,GC University Faisalabad,
Rana Awaischeisty ,https://www.facebook.com/rana.awaischeisty,"Lives in Islamabad, Pakistan, From Faisalabad, Male",,,SAARC
Abdul Waheed Ch ,https://www.facebook.com/abdul.waheed.ch.283104,"Lives in Faisalabad, From Faisalabad, Married",,,Facebook
Sajid Shah ,https://www.facebook.com/profile.php?id=100018649005709,Lives in Faisalabad,,,
Saqib Riaz ,https://www.facebook.com/saqib.riaz.547389,"Lives in Faisalabad, From Faisalabad, Male",,,Facebook
Muhammad Amjad ,https://www.facebook.com/muhammad.amjad.101616,"Lives in Shahkot, Pakistan, From Shahkot, Pakistan, Family
Shazeen Amjad, , ",,,
Ahsan Sultan ,https://www.facebook.com/profile.php?id=100069922601940,,,,
Mirza Amjad  (Advocate),https://www.facebook.com/mirza.amjad.501,"Lives in Lahore, Pakistan, From Faisalabad, Male",,,"lawyer
Mirza Law Associates
2003 - Present
 
 · 23 years, 8 months"
Shoaib Khalid ,https://www.facebook.com/shoaib4780,"Lives in Istinye, Istanbul, Turkey, From Istanbul, Turkey, Married
Since 2020",,,Galatasaray
Maqsood Boby ,https://www.facebook.com/maqsood.boby.1,"Lives in Faisalabad, From Faisalabad",,,
Mohsin Abbasi ,https://www.facebook.com/mohsin.abbasi.414832,,,,
Sikandar Jutt Deval ,https://www.facebook.com/sikandarjut.maatum,Male,,,
Ahmad Asif ,https://www.facebook.com/sheikh.asif.3114935,"Lives in Faisalabad, From Faisalabad",,Punjab Group Of Colleges,
Bilal Rajput ,https://www.facebook.com/bilalrajput00,"Lives in Faisalabad, From Faisalabad, Married
Since 13 May 2018",,,"My Own Business
1 Nov 2019 - Present
 
 · 6 years, 10 months"
Zaheer Abbas ,https://www.facebook.com/ZaheerAbbasABE,"Lives in Lahore, Pakistan, From Pindi Bhattian, Married",,,
Muzafar Malik ,https://www.facebook.com/mazafar.malik.7146,"Lives in Faisalabad, From Faisalabad",,Shiblee College Faisalabad,
Hasnain Arshad ,https://www.facebook.com/hasnain.khan.1257604,"Lives in Faisalabad, From Faisalabad, Single",,"GCUF
School year 2024",
Malik Tara ,https://www.facebook.com/malik.tara.90,"Lives in Faisalabad, From Faisalabad, Male",,,
M Munir ,https://www.facebook.com/m.munir.882096,28 February 1976,,,
Irfan Ali ,https://www.facebook.com/irfan.ali.664965,"Lives in Faisalabad, From Faisalabad",,,"Sui Northern Gas Pipelines Limited
Administrative Office Assistant
1 Dec 2009 - 10 Mar 2015
 
 · 5 years, 3 months"
Asif Jutt ,https://www.facebook.com/aysha.asif.589,"Lives in Faisalabad, From Faisalabad",,,
Mohsan Rajpoot ,https://www.facebook.com/mohsan.rajpoot.666850,"Lives in Faisalabad, From Faisalabad, Single",,,"Mohsan Optical
5 Sep 2023 - Present
 
 · 3 years"
Ali Raza ,https://www.facebook.com/aliraza.aliraza.7923030,,,workers welfare school fsd,Textile Jobs BD
Mujtaba Nawaz ,https://www.facebook.com/mujtaba.nawaz.524,"Lives in Dubai, United Arab Emirates, From Faisalabad",,,
Mehmood Hussain  (Kaka Gujjar),https://www.facebook.com/mehmood.hussain.712017,"Lives in Faisalabad, From Faisalabad, Engaged",,,"Freelancer
Amazon dropshipng and Paid Guest posting"
Tayyab Jutt ,https://www.facebook.com/tayyab.jutt.946209,,,,
Rana Ahmad  (TıĞər),https://www.facebook.com/rana.ahmad.985872,"Lives in Faisalabad, From Shah Faisalabad, Punjab, Pakistan, 17 February 2002",,,"Řαʝpυť Brαɴd
9 Jun 2020 - Present
 
 · 6 years, 3 months"
Mian Ibrahim ,https://www.facebook.com/mian.ibrahim.73,"Lives in Faisalabad, Male",,,
Abdul Ghaffar ,https://www.facebook.com/abdul.ghaffar.715336,,,,
M Shafiq ,https://www.facebook.com/m.shafiq.985078,,,,
Rana Shahzad ,https://www.facebook.com/rana.shahzad.7777019,"Lives in Faisalabad, From Faisalabad, Male",,Account Help 2602,
Khalid Imran ,https://www.facebook.com/khalid.imran.35762,,,,
Raja Salman Asghar ,https://www.facebook.com/raja.salman.948,"Lives in Faisalabad, From Faisalabad, Married",,,"Punjab Police
Police officer"
Muhammad Bilal ,https://www.facebook.com/profile.php?id=61553858499193,,,,
Rana Ahmad Manj ,https://www.facebook.com/ahmad.rana.18400,"Lives in Faisalabad, From Faisalabad, Single, Male",,,Student
Ali Abbas ,https://www.facebook.com/ali.abbas.334291,Lives in Faisalabad,,,"Allied Hospital Faisalabad
22 Aug 2016-present
 
 · 10 years, 1 month"
Syed Hussnain Naqvi  (ماتمی جوان),https://www.facebook.com/syed.hussnain.naqvi.79691,"Lives in Shah Faisalabad, Punjab, Pakistan, From Shah Faisalabad, Punjab, Pakistan, Single",,,NoT yET wOrKiNg sTilL iAm sTUdyInG
Asad Ullah ,https://www.facebook.com/asad.ullah.941173,,,,
Malik Hamid ,https://www.facebook.com/malik.hamid.867800,"Lives in Faisalabad, From Faisalabad, Male",,GC University (GCUF) Faisalabad,
Amir Ali ,https://www.facebook.com/amir.ali.93510,Male,,,
محمد ناظم ,https://www.facebook.com/mhmd.nazm.102925,,,,
Abdul Waheed ,https://www.facebook.com/profile.php?id=100090630737600,,,,
Rana Asif ,https://www.facebook.com/profile.php?id=100090168969910,"Lives in Faisalabad, From Faisalabad, 10 January 1993",,Government College University,
Muhammad Younas ,https://www.facebook.com/yunas.baig,"Lives in Toronto, Ontario, From Toronto, Ontario, 13 December 1978",,Ontario ESecondary School,
Raja Ahmad ,https://www.facebook.com/profile.php?id=100055812110674,,,,
Awais Rehmani ,https://www.facebook.com/awais.rehmani.945030,"Single, Male",,,
Azeem Ashraf ,https://www.facebook.com/azeem.ashraf.9047,"Lives in Faisalabad, From Faisalabad, Married, Male",,,
Malik Abubacker Younas ,https://www.facebook.com/malikabubacker.younas,From Faisalabad,,,
Mohammad Qasim ,https://www.facebook.com/profile.php?id=100067835933382,,,,
Izhar Naqvi ,https://www.facebook.com/izhar.naqvi.7,"Lives in Shah Faisalabad, Punjab, Pakistan, Male",,,"Dunya News
Journalist"
Ali Osman O ,https://www.facebook.com/ali.osman.o.2025,"Lives in Lahore, Pakistan, Single, Male",,,
Imtiazjutt Jutt ,https://www.facebook.com/imtiazjutt.jutt.33,,,,
Asghar Shah ,https://www.facebook.com/asghar.shah.284941,Male,,,
Khalid Mahmood  (Khalid Mahmood),https://www.facebook.com/khalid.mahmood.884357,"Lives in Shah Faisalabad, Punjab, Pakistan, From Faisalabad",,,"Self-employed
Aug 1992 - Present
 
 · 34 years"
Nadeem Jan ,https://www.facebook.com/profile.php?id=100007678818701,"Lives in Shah Faisalabad, Punjab, Pakistan, From Shah Faisalabad, Punjab, Pakistan",,,
Shahzad Raza ,https://www.facebook.com/shahzad.raza.9803,"Lives in Faisalabad, From Faisalabad",,,
Asim Ali ,https://www.facebook.com/profile.php?id=61555092987212,"Lives in Faisalabad, From Faisalabad",,,
Riaz Bhatti ,https://www.facebook.com/riaz.bhatti.1829,"1 July, Family
3 family members, , , , , Male",,,Journalist
Shakeel Malik ,https://www.facebook.com/shakeel.hanan.5,9 December,,,
Rana Roshan Ali ,https://www.facebook.com/profile.php?id=100079344878239,"Lives in Multan, From Basti Maluk, Punjab, Pakistan, Married
Since 14 April 2006",,,"Elite Movie Club
11 Sep 2023-present
 
 · 3 years"
Muhamad Arshad ,https://www.facebook.com/muhamad.arshad.90260403,"Lives in Faisalabad, From Faisalabad",,,own business
Hamza Khalid Ghouri ,https://www.facebook.com/profile.php?id=100007976074661,"Lives in Faisalabad, From Faisalabad, Married
Since 6 February 2016",,,journalist
Naeem Abbas Hashmi ,https://www.facebook.com/naeem.abbas.hashmi.2025,"Lives in Faisalabad, Male",,Punjab Group Of Colleges,
Malik Sab ,https://www.facebook.com/profile.php?id=61555765229094,,,,
Shafique ,https://www.facebook.com/profile.php?id=100034114038270,,,,
Mian Danial Bashir ,https://www.facebook.com/mian.danial.bashir,From Faisalabad,,,
Naeem Bukhari ,https://www.facebook.com/naeem.bukhari.3382,"Lives in Faisalabad, From Shah Faisalabad, Punjab, Pakistan",,,
Zee Khokhar ,https://www.facebook.com/zkhokher,"1 April 1984, Male",,,"Toyota Lyallpur Motors
Manager Service BP
10 Nov 2018 - Present
 
 · 7 years, 10 months"
شاہد گجر بجاڑ ,https://www.facebook.com/shadgjrbja,,,,
"Dr. Irfan Ahmad 
(Doctor)",https://www.facebook.com/irfan.ahmad.581,Lives in Faisalabad,,,
Mian Usman ,https://www.facebook.com/profile.php?id=100091766539390,Lives in Sargodha,,,"‎حق اور سچ کا ساتھ دینے میں اللہ کی مدد ہوتی ہے‎
18 Apr 2023 - Present
 
 · 3 years, 5 months"
حافظ عابد حسین ,https://www.facebook.com/hafizabid.husain.9,"From Faisalabad, Male",,,
Hussaian Malik ,https://www.facebook.com/hussaian.malik.2025,7 December 2005,,,
Tariq Javid Dhillon ,https://www.facebook.com/tariq.javid.dhillon,"Lives in Faisalabad, From Faisalabad",,,
Mustafa Khalid Chaudhry ,https://www.facebook.com/mustafakhalid1313,"Lives in Faisalabad, From Faisalabad",,,"Director at H & M Enterprises
Director
16 Dec 2017 - Present
 
 · 8 years, 9 months"
Shahzadjutt Shahzad ,https://www.facebook.com/shahzadjutt.shahzad.7,Lives in Faisalabad,,,
Israr Ahmad Sheikh ,https://www.facebook.com/israr.ahmad.sheikh,"Lives in Faisalabad, From Faisalabad",,,"District Bar Association, Faisalabad, Pakistan
Lawyer
27 Mar 2019 - Present
 
 · 7 years, 6 months"
Afzaal Mohammed ,https://www.facebook.com/afzaal.mohammed.9,"Lives in Toronto, Ontario, From Toronto, Ontario, Family
5 family members, , , , , Male",,,
Tanveer Seemab ,https://www.facebook.com/tanveer.seemab,"Lives in Faisalabad, From Faisalabad, Male",,,Self-employed
Khalid Aziz ,https://www.facebook.com/profile.php?id=61583215109588,,,Govt. Technical High School Faisalabad,"Grey cloth Faisalabad
President (title)
1 Nov 2014 - Present
 
 · 11 years, 10 months"
Mian Iftikhar Ali Faheem ,https://www.facebook.com/iftikhar.alk.9,"Lives in Lahore, Pakistan, Single",,,
Zeeshan Sh ,https://www.facebook.com/zeeshan.sh.9085,,,,
Habib Khan Khan ,https://www.facebook.com/profile.php?id=100076949817301,,,,
Kashif Mahmood ,https://www.facebook.com/profile.php?id=61554089315692,,,,
Aslam Sharif ,https://www.facebook.com/profile.php?id=100074220777225,"Lives in Faisalabad, From Faisalabad, 1 January 1954",,,Self Employed (Business)
IrFan Choudhry ,https://www.facebook.com/irfan.choudhry.31508,"Lives in Shah Faisalabad, Punjab, Pakistan, From Faisalabad, Single",,GC University Faisalabad,
Ch Rehman RajPoot ,https://www.facebook.com/ch.rehman.rajpoot.2025,,,,
Sagheer Rana ,https://www.facebook.com/sagheer.rana.90,"Lives in Faisalabad, From Faisalabad, Married, Male",,,"Business
2007 - Present
 
 · 19 years, 8 months"
Almas Ali ,https://www.facebook.com/almas.ali.805184,"Lives in Faisalabad, From Lahore, Pakistan, 8 April 1999",,,
Mudassar Saudullah ,https://www.facebook.com/mudassar.saudullah.2025,"Lives in Faisalabad, From Faisalabad, Male",,,"territory manager in gul ahmed
TERRIOTARY MANAGER"
Majid Farooq ,https://www.facebook.com/majid.farooq.320826,"Lives in Faisalabad, 25 December 1985, Male",,,
Malik Gategrill ,https://www.facebook.com/ghulam.mustafa.882133,,,,
Ashfaq Ahmad ,https://www.facebook.com/chashfaqahmad.chashfaqahmad,"Lives in Faisalabad, From Faisalabad, Male",,,textile stiching contractor
Ahmad Ayub ,https://www.facebook.com/ahmad.ayub.874611,"Lives in Faisalabad, From Faisalabad, Married
Since 26 January 2020, Male",,Account Help 2602,
Shahid Malik ,https://www.facebook.com/shahid.malik.754365,"Lives in Faisalabad, From Faisalabad, Family
8 family members, , , , , Male",,Account Help 2602,
Abdul Rehman ,https://www.facebook.com/abdul.rehman.641475,Lives in Faisalabad,,,
Rana Ali ,https://www.facebook.com/rana.ali.309705,,,,
Lyallpur Avenue ,https://www.facebook.com/lyallpur.avenue.24821,"Lives in London, United Kingdom, From Faisalabad",,,property consultant
HSn Butt ,https://www.facebook.com/hsn.butt.79,"3 March 1990, Male",,The Law Society,
Malikimran Khokhar ,https://www.facebook.com/profile.php?id=61552176376701,"Lives in Lahore, Pakistan, From Lahore, Pakistan",,,
Arshad Mehmood ,https://www.facebook.com/arshad.mehmood.794088,"Lives in Shah Faisalabad, Punjab, Pakistan, Male",,,Faisalabad
Mirza Toseef ,https://www.facebook.com/mirza.toseef.336,Male,,,
Amjad Tarar ,https://www.facebook.com/amjad.tarar.52,From Faisalabad,,,"Assistant Director of Sales
23 Sep 2025-present
 
 · 1 year"
Adnan Shah ,https://www.facebook.com/profile.php?id=100059868211596,,,,
Ghazi Muhammad Umar Adv ,https://www.facebook.com/ghazimuhammad.umar,"Lives in Faisalabad, From Faisalabad, Married, Family
1 family member, Male",,,"LOYAL GROUP
Owner
Jan 2014 - Present
 
 · 12 years, 7 months"
Jamil Vickey ,https://www.facebook.com/jamil.vickey,"Lives in Faisalabad, From Faisalabad",,,
Mian Nomi ,https://www.facebook.com/mian.nomi.589,,,,
Sahibzada Mohsan Khalil ,https://www.facebook.com/mohsan.khalil.1614,"Lives in Faisalabad, Male",,,"Yarn Broker
19 Nov 2007 - Present
 
 · 18 years, 10 months"
Chaudhary Khawar Randhawa  (جٹ),https://www.facebook.com/Randahawa.26,"Lives in Faisalabad, From Faisalabad, Single",,GC University Faisalabad,"Realtor, Real Estate Consultant
Topper"
ShEikh AhMad  (Murad),https://www.facebook.com/ayyan.sheikh7,"Lives in Faisalabad, Single, Family
3 family members, , , , ",,punjab college of commerce fsd,"Irha's Collection
Faislabad
2010 - Present
 
 · 16 years, 8 months"
Ayyub Roshan ,https://www.facebook.com/ayyub.roshan.92,,,,
Umar Sheikh ,https://www.facebook.com/umar.sheikh.344103,,,,
Wajid Ali Dhudi ,https://www.facebook.com/wajd.ly.y,"Lives in Faisalabad, From Faisalabad, Married",,,
Rana Irfan Mahmood Khan ,https://www.facebook.com/profile.php?id=100009995763546,"Lives in Sohal, Punjab, Pakistan, From Sohal, Punjab, Pakistan, Family
Rana Iftikhar, , ",,Govt Islamia College Faisalabad,"Loom Works Textiles
2 Mar 2000-present
 
 · 26 years, 6 months"
Pmln Zandabad Fasilabad ,https://www.facebook.com/pmln.zandabad.fasilabad,Lives in Faisalabad,,,
Adv Amir Chadhar ,https://www.facebook.com/advamir.chadhar,Male,,,"DBA Faisalabad Confessions and Crushes
11 Aug 2023 - Present
 
 · 3 years, 1 month"
Salman Zulfiqar ,https://www.facebook.com/salman.zulfiqar.14,"Married
Since 29 October 2008, Male",,Divisional Public School Faisalabad,
Lado Pehlwan ,https://www.facebook.com/lado.pehlwan,,,,
Hasham Farooq ,https://www.facebook.com/hasham.farooq.528,"Lives in Faisalabad, From Faisalabad, Male",,Govt Collage Faisalabad,Farooq Paints and Co.
Adnan Awan ,https://www.facebook.com/adnan.awan.522,"From Faisalabad, Male, Urdu and English language",,Punjab College of Science,Bank Al Habib
Hassan Bilal Bilal ,https://www.facebook.com/profile.php?id=61554989619595,Lives in Faisalabad,,,
Hafiz Abbas Ali Ansari ,https://www.facebook.com/abbas.ali.baabu,"Lives in Faisalabad, From Faisalabad, Married",,Account Help 2602,"PML(N)
General Secretary PML-N Youth Wing CC -141 Faisalabad"
Rana Shani Manj ,https://www.facebook.com/rmanj1,"Lives in Faisalabad, From Faisalabad, Married",,,"Rana Estate Developers
Owner"
Muhammad Asif ,https://www.facebook.com/profile.php?id=100046905583742,Lives in Faisalabad,,,"Quilting Manger Amtex textile
On 15 Jun 2020
 
 · 6 years, 3 months"
Churday Muhammad Arshad ,https://www.facebook.com/profile.php?id=61550240575630,22 August 1960,,,
Rehan Mirza ,https://www.facebook.com/rehan.mirza.799046,,,GOVT HIGHER SECONDARY SCHOOL CHAK JHUMRA,Faisalabad
Aashi Pehalwan ,https://www.facebook.com/aashi.pehalwan,,,,
Malik Usman Suleman ,https://www.facebook.com/usmansulemanus,"Lives in Los Angeles, California, From Sacramento, California",,,"Aqwa 24/7 security Agencies
3 Aug 2020 - Present
 
 · 6 years, 1 month"
Malik Asrar Awan ,https://www.facebook.com/profile.php?id=100012259023358,"Lives in Faisalabad, From Faisalabad, 15 September",,,"Self-employed
Owner"
Hamza Sheikh ,https://www.facebook.com/hamza2373,"Lives in Faisalabad, From Faisalabad, 9 January 1992",,Government College University,"ARY News
Cameraman"
Ghulam Fareed Ansari ,https://www.facebook.com/ghulam.fareed.1610092,"Lives in Faisalabad, From Shah Faisalabad, Punjab, Pakistan, Male, Urdu",,"Govt. M.C. High School, G.M. Abad, Faisalabad","GF7 STAR ENGINEERING WORK'S
Company owner"
Zeeshan Rajput ,https://www.facebook.com/shani.rajput.944,"Lives in Faisalabad, From Faisalabad",,,
Abdul Razzaq ,https://www.facebook.com/abdul.razzaq.99948,Lives in Faisalabad,,,
Javed Iqbal ,https://www.facebook.com/iqbalsitara,"Lives in Faisalabad, From Faisalabad, Male",,,
Mirza Nadeem ,https://www.facebook.com/mirza.nadeem.644982,"Lives in Faisalabad, From Faisalabad, Male",,"GC University, Lahore",
Ehsaan Sandhu ,https://www.facebook.com/ehsaan.ehsaan.7921975,,,,
Nabeegh Ramay ,https://www.facebook.com/profile.php?id=100008943510103,,,Govt mc high school faisalabad,
Muhammad Bilal ,https://www.facebook.com/profile.php?id=100008109372317,"Lives in Faisalabad, From Faisalabad, 31 May 1974, Male",,University of Agriculture,"Decent Foods & Catring
Ex General Manager"
Hammad Gujjar ,https://www.facebook.com/hammad.gujjar.52035,"From Faisalabad, Male",,Ilama Iqbal Open University,
Munir Gujjar ,https://www.facebook.com/munir.gujjar.1694,"From Faisalabad, Male",,Punjab Group Of Colleges,Allied Hospital Faisalabad
Abbas Noni ,https://www.facebook.com/abbas.noni,"Lives in Faisalabad, From Lahore, Pakistan, 11 January 1987, Single",,,ARY News
Mian Adan ,https://www.facebook.com/CHAdan133,"Lives in Faisalabad, From Dijkot, Punjab, Pakistan, 21 March 2003",,City star public high school dijkot fsd.,"Dijkot Bricks company
CEO
3 Mar 2022 - Present
 
 · 4 years, 6 months"
Mian Sarfraz ,https://www.facebook.com/mian.sarfraz.716116,Lives in Faisalabad,,,
"Mian Shargeel Akhlaq 
(Official)",https://www.facebook.com/sharjeelakhlaq105,"Lives in Woodland, California, From Faisalabad, 24 October",,,"SA LLC
Owner and CEO
1 Apr 2022 - Present
 
 · 4 years, 5 months"
Ali Awan ,https://www.facebook.com/ali.awan.343627,From Faisalabad,,,
Luqman Abdulsalam ,https://www.facebook.com/luqman.abdulsalam.241966,"Lives in Kuala Lumpur, Malaysia",,,
Babar Madni ,https://www.facebook.com/babar.madni.31,,,,
سید مبین احمد ,https://www.facebook.com/MubeenLaw,"Lives in Faisalabad, From Faisalabad",,Bahauddin Zakariya University,Session Court Faisalabad
Yahya Malik ,https://www.facebook.com/yahya.malik.5055,"Lives in Faisalabad, From Faisalabad, 6 November 2002",,,"Real Estate Agent/Salesperson
Real Estate Agent/Salesperson
25 Apr 2021 - Present
 
 · 5 years, 5 months"
Rana Tanzeel ,https://www.facebook.com/rana.tanzeel.520,"Lives in Faisalabad, From Faisalabad",,,
Sajid Amin Ansari Moiz ,https://www.facebook.com/sheikh.moiz.1253,Lives in Faisalabad,,,
Haji Younas Muhammad ,https://www.facebook.com/hajiyounas.muhammad,,,,
Tofiq Muhammad ,https://www.facebook.com/tofiq.muhammad.925,Male,,,
Asim Malik ,https://www.facebook.com/profile.php?id=100075125785704,,,,
Malik Hafeez ,https://www.facebook.com/malik.hafeez.3110567,Male,,,
Zain Chaudhry ,https://www.facebook.com/zainchaudhry259,"Lives in Gojra, From Gojra, Married",,"Kacha Gojra, Punjab, Pakistan","Kacha Gojra, Punjab, Pakistan"
Raees Rasool ,https://www.facebook.com/profile.php?id=100095217968954,"Lives in Chiniot, From Chiniot, Single",,University of Sargodha,
Mohsin Mirza ,https://www.facebook.com/mohsin.mirza.295730,"Lives in Faisalabad, From Yangon",,,
Mujahid Shah ,https://www.facebook.com/mujahid.shah.640494,30 August 1978,,,
Qazinaseem Qazinaseem ,https://www.facebook.com/profile.php?id=100094515971664,"Lives in Kotli Sarsawa, Azad Kashmir, Pakistan, In an open relationship",,The Cadets Tuition Academy Tatta Pani Kotli A.K,"Tatta Pani Azad Kashmir
10 Jan 2020-present
 
 · 6 years, 8 months"
M Ashraf M Ashraf ,https://www.facebook.com/m.ashraf.m.ashraf.932151,,,,
Rana Arif Khan ,https://www.facebook.com/ranaghulam.arif,"Lives in Shah Faisalabad, Punjab, Pakistan, 11 September 1983, Married
Since 2015, Male",,"Govt Sher islamia High school
On 3 December 2018",
Waleed Butt ,https://www.facebook.com/waleed.butt.504583,"Lives in Faisalabad, From Faisalabad, Married",,,"Sales & Marketing
On 7 May 2022
 
 · 4 years, 4 months"
Muhammad Yasin ,https://www.facebook.com/muhammad.yasin.406925,Lives in Faisalabad,,Punjab Group Of Colleges,"Small Estate Industry, Faisalabad
5 Jan 2020 - Present
 
 · 6 years, 8 months"
Ahmad Mushtaq  (Manj),https://www.facebook.com/ahmad.mushtaq.583234,"Lives in Faisalabad, From Faisalabad",,"GC University Faisalabad
School year 1996","Evacuee Trust Property Board
Supervisor"
Muhammad Ashfaq ,https://www.facebook.com/muhammad.ashfaq.804687,"Lives in Faisalabad, From Faisalabad",,,
Muhammad Usman Zulfiqar ,https://www.facebook.com/ch.usman800,"Lives in Dubai, United Arab Emirates, From Faisalabad",,"National Textile University, Faisalabad
29 September 2019-present","J&T Express UAE
COD management
1 Aug 2025 - Present
 
 · 1 year, 1 month"
Asif Ameen Kahloon ,https://www.facebook.com/asif.ameen.kahloon,"Lives in Faisalabad, From Faisalabad, Male",,University of Sargodha,Federal Government Servent
Haji Rana Akbar Dhudi ,https://www.facebook.com/ranaakbark266,"Lives in Khurianwala, Punjab, Pakistan, From Faisalabad, Married
Since 25 March 2000",,govt higher Secondary School Khurianwala,
Mohammad Nawaz ,https://www.facebook.com/hohammed.nawaz,"Lives in Faisalabad, From Hoshiarpur, India",,,Self-employed
Akbar Malik ,https://www.facebook.com/akbar.malik.98892,,,,
Awais Awais ,https://www.facebook.com/awais.awais.721979,Lives in Faisalabad,,,
Umer Hayat Zahid ,https://www.facebook.com/profile.php?id=100015499182074,"Lives in Faisalabad, From Kamalia, Male",,,
Qari Ramzam ,https://www.facebook.com/qari.ramzam.5,"Lives in Faisalabad, From Faisalabad",,,
Awan Bahi ,https://www.facebook.com/shahida.atta.58,,,,
Malik Khushnood Awan ,https://www.facebook.com/khushnood.awan.5,"Lives in Faisalabad, From Faisalabad, Married, Male",,University of the Punjab,"businessman
Politician"
Khurram Dhilon ,https://www.facebook.com/khurram.dhilon.1,"Lives in Faisalabad, From Faisalabad, Male",,,"Sui Northern Gas Pipelines Limited
12 Feb 2020 - Present
 
 · 6 years, 7 months"
Arfan Ali ,https://www.facebook.com/arfan.ali.584961,,,,
Mehar Shakeel Ahmed ,https://www.facebook.com/maher.shakeel.378,"Family
Ahmer, , , Male",,,
Abdullah Naeem ,https://www.facebook.com/abdullah.naeem.3785,"Lives in Faisalabad, From Faisalabad, Married",,Punjab Group Of Colleges,Self-employed
Muhammad Kashan ,https://www.facebook.com/profile.php?id=100057057969842,"Lives in Faisalabad, From Faisalabad, Single",,Independent College For Boys,
Asim Shahzad ,https://www.facebook.com/asimsaa,"Lives in Faisalabad, From Faisalabad",,,
Ahmad Raza ,https://www.facebook.com/ahmad.raza.608644,"Lives in Faisalabad, From Faisalabad",,,"WASA FDA
Assistant Director
4 Dec 2014 - Present
 
 · 11 years, 9 months"
Irfan Kamboh ,https://www.facebook.com/irfan.kamboh.11319,,,,
Rana Faisal ,https://www.facebook.com/rana.faisal.279289,Lives in Faisalabad,,GC University Faisalabad,
Abid Mehmood Rehmani ,https://www.facebook.com/profile.php?id=100009084567896,Male,,"Gc university FSD""",
Hamza Watto ,https://www.facebook.com/hamza.watto.56,"Lives in Jaranwala, From Faisalabad, Male",,,"PML(N)
12 May 2019 - Present
 
 · 7 years, 4 months"
Anjum Hussain ,https://www.facebook.com/anjum.hussain.33046,"Lives in Faisalabad, Male",,,"FESCO Faisalabad
13 Dec 2023 - Present
 
 · 2 years, 9 months"
Khalid Noor ,https://www.facebook.com/profile.php?id=100086720763684,,,,
Ghulam Murtaza ,https://www.facebook.com/ghulam.murtaza.50115161,"Lives in Faisalabad, From Faisalabad, 15 December 1972",,Icmap karachi,"Life Member District Bar Association, Faisalabad, Pakistan
16 Jul 2021 - Present
 
 · 5 years, 2 months"
Shahzad Abbasi ,https://www.facebook.com/profile.php?id=100087038384511,,,,
M Zeeshan ,https://www.facebook.com/m.zeeshan.604305,,,,
Subhan Ali ,https://www.facebook.com/subhan.ali.3760,"Lives in Shah Faisalabad, Punjab, Pakistan, From Faisalabad, Male",,"University of Agriculture, Faisalabad
School year 2012",
Rana Khalil Ahmad ,https://www.facebook.com/profile.php?id=100077565926538,"Lives in Dubai, United Arab Emirates",,,"Marketing
20 Sep 2025-present
 
 · 1 year"
Hassan Dastgeer Khan ,https://www.facebook.com/hassan.rana.3386,"Lives in Faisalabad, From Faisalabad, Male",,"GCU Faisalabad
School year 2017","FDA Legal Advisor ""practice Civil & Criminal Advocate High Court ""
FDA Legal Advisor
Jun 2017 - Present
 
 · 9 years, 2 months"
مہر بتول مہر بتول ,https://www.facebook.com/profile.php?id=61551688868917,,,,
Ch Gull Ahmad Mahotta ,https://www.facebook.com/chgull.mahotta,"Lives in Faisalabad, From Samundri",,Fc collage lahore,"Business Owner
18 Oct 1989 - Present
 
 · 36 years, 11 months"
Azaan Babar ,https://www.facebook.com/azaan.babar.10,"Lives in London, United Kingdom, From Faisalabad, Single",,University of Hertfordshire,
Muhammad Saqib ,https://www.facebook.com/saqib.Hanif.786225,"Lives in Faisalabad, From Faisalabad",,,
Ahad Ali ,https://www.facebook.com/ahad.ali.116332,"Lives in Faisalabad, From Faisalabad, 10 September 2001, Engaged",,"University of the Punjab
School year 2023",
عثمان جٹ ,https://www.facebook.com/thmanj.88281,"Lives in Lahore, Pakistan, From Lahore, Pakistan",,Lahore Grammar School,
Hanzla Ansari ,https://www.facebook.com/hanzla.ansari.264688,"Lives in Faisalabad, From Faisalabad",,Govt M.C Higher Secondary School Allama Iqbal Road FSD,"Pakistan Muslim League Noon PP 116
Business
11 Aug 2024-present
 
 · 2 years, 1 month"
Qasim Hussain ,https://www.facebook.com/qasim.hussain.599017,"Lives in Faisalabad, From Faisalabad, 10 December 1987, Single, Male",,Punjab Group Of Colleges,"Poultry
SPO"
Aqib Khan ,https://www.facebook.com/aqib.khan.62802,Lives in Faisalabad,,,
Anjum Gujjr ,https://www.facebook.com/anjum.gujjr.2025,,,,
Ahmad Nawaz ,https://www.facebook.com/ahmad.nawaz.9231,"Lives in Brooklyn, New York, From Faisalabad, 2 February 1983",,,
Yasir Sohail ,https://www.facebook.com/yasir.sohail.735,"Lives in Faisalabad, From Model Town, Punjab, Pakistan, Male",,universty of punjab,Photojournalist
Asif Shah ,https://www.facebook.com/asif.shah.501381,,,,
Ahsan Iqbal ,https://www.facebook.com/Ahsan896,"Family
Asim Umar Chadhar Adv and Muhammad Iqbal Javed, , , , Male",,"University of Agriculture
School year 2010",Government College University Faisalabad
Zubair Ali Qureshi ,https://www.facebook.com/muhammad.zubair.944577,"Lives in Lahore, Pakistan, From Jhang Sadar, Punjab, Pakistan, Married",,Punjab Group Of College Lahore,"Anjuman Tajran Ittihad Group
Additional General Secretary
17 Dec 2020-present
 
 · 5 years, 9 months"
Adv Bilal Kainth ,https://www.facebook.com/bilal.zafar.391420,From Faisalabad,,,
Rao Muhammad Ali ,https://www.facebook.com/rao.muhammad.ali.522809,"Lives in Faisalabad, From Faisalabad, Married",,"Sindh University
2016 - Present","The Jurists International Law Firm
C.E.O
14 Jan 2015 - Present
 
 · 11 years, 8 months"
Abid Ali ,https://www.facebook.com/profile.php?id=100006765154491,"Lives in Islamabad, Pakistan, From Islamabad",,,
Ch Muhammad Rehman ,https://www.facebook.com/ch.muhammad.rehman.549708,"Lives in Faisalabad, From Faisalabad, 12 April 1994, Married
Since 7 December 2019, Family
Khuram Shahzad, , , Male",,,"Goverment Contractor- Building Design & Construction
Jan 2014 - Present
 
 · 12 years, 7 months"
Haji Javed ,https://www.facebook.com/haji.javed.7334,Male,,,
Saddam Dami ,https://www.facebook.com/sadam596,"Lives in Faisalabad, From Faisalabad",,ALAMA IQBAL OPEN UNIVERSITY ISLAMABAD,"Embroidery yarn value thread
Senior Account Manager
1 Mar 2012 - Present
 
 · 14 years, 6 months"
Ch Zulfiqar ,https://www.facebook.com/ch.zulfiqar.9083,,,,
Ibrahim Randhawa ,https://www.facebook.com/ibrahim.randhawa.25,"Lives in Faisalabad, Family
Azhar Randhawa and Hussain Randhawa, , , , Male, Urdu",,"First Steps - School of Arts & Sciences
School year 2025",
Ahsan Ray ,https://www.facebook.com/ahsan.ray.7583,,,,
Mian Sami Ullah Ansari ,https://www.facebook.com/mian.sami.ullah.ansari,Single,,,
Adv Mian Muhammad Shakeel ,https://www.facebook.com/adv.mian.muhammad.shakeel,"Lives in Shah Faisalabad, Punjab, Pakistan, From Shah Faisalabad, Punjab, Pakistan, 29 July",,GC University Faisalabad,
Muddasir Sher Randhawa ,https://www.facebook.com/muddasir.randhawa.7,,,"Bahauddin Zakariya University Multan
School year 2019","District Bar Association Faisalabad
17 Jul 2018 - Present
 
 · 8 years, 2 months"
Akhtar Kalyar ,https://www.facebook.com/akhtar.kalyar.7,"Lives in Jaranwala, From Jaranwala, Male",,,
Raja Najjaf Ali Adv ,https://www.facebook.com/raja.mahin.589,Lives in Faisalabad,,,
Amjad Shahzad Malik Adv ,https://www.facebook.com/amjad.shahzad.malik.adv,"Lives in Faisalabad, From Jahangir Khurd, Punjab, Pakistan, Married
Since October 2009",,,"District Courts, Faisalabad.
ADVOCACY
6 Apr 2023 - Present
 
 · 3 years, 5 months"
Mujeeb Shami ,https://www.facebook.com/mujeeb.shami.3,"Lives in Faisalabad, From Faisalabad",,,"Faisalabad
Finance Officer
2 Mar 2022 - Present
 
 · 4 years, 6 months"
Main Waris Arain ,https://www.facebook.com/main.waris.arain,,,,
Usman Mirza ,https://www.facebook.com/faisalabad.walay,"Lives in Faisalabad, From Faisalabad",,University of the Punjab,
Qadir Yousaf ,https://www.facebook.com/profile.php?id=100056847789022,"Lives in Faisalabad, From Shah Faisalabad, Punjab, Pakistan",,LASER MODEL HIGH School New Civil Lines Faisalabad,Klash Private Limited
Naeem Choudhry ,https://www.facebook.com/choudhry.naeem.12,"Lives in Faisalabad, From Faisalabad, 12 August 1984",,,
Rana Waseem ,https://www.facebook.com/rana.waseem.73448,,,,
Shahzaib Ansari ,https://www.facebook.com/shahzaib.ansari.303177,"Lives in Faisalabad, From Faisalabad, 3 December 2005",,"University of Agriculture Faisalabad, Pakistan",
Yasir Naveed ,https://www.facebook.com/yasir.naveed.948,,,,"Working in interloop Apperal plant 2
OFFICER DYEING"
Rai Farhan Asif Kharal ,https://www.facebook.com/farhan.rai.583,"Lives in Faisalabad, From Faisalabad",,,"Government contractor
Contractor
8 Jun 2018-present
 
 · 8 years, 3 months"
Omer Sharif ,https://www.facebook.com/omer.sharif.180,"Lives in Jeddah, Saudi Arabia, 11 June, Family
Muhammad Faizan Ahsan, , ",,"gov t johar public
School year 1992","Transport Incharge at saudia jeddah airport
Supervisor
2 Jan 2000 - Present
 
 · 26 years, 8 months"
Niaz Rasool Siaan Jutt ,https://www.facebook.com/Umar.jutt.7070,,,,
Rana Asif ,https://www.facebook.com/profile.php?id=100015396288682,"Lives in Shah Faisalabad, Punjab, Pakistan, From Faisalabad, 30 June",,"Govt.Post Graduate College of science Samanabad, Faisalabad (GPGC Fsd)","Faisalabad
Garment
15 Jun 2020 - Present
 
 · 6 years, 3 months"
Faryad Gujjar ,https://www.facebook.com/faryad.gujjar.399918,"Lives in Faisalabad, From Faisalabad, Married",,,
Abdul Hameed ,https://www.facebook.com/profile.php?id=100090297614559,,,,
Hafiz Umar Farooq ,https://www.facebook.com/hafiz.umarfarooq.543,"Lives in Faisalabad, Male",,,"Student
15 Nov 2019 - Present
 
 · 6 years, 10 months"
Hamid Sarfraz ,https://www.facebook.com/hamid.sarfraz.526,,,,
Haji Shk  (Riaz),https://www.facebook.com/haji.shk.56,,,,
Abrar Mughal ,https://www.facebook.com/abrar.mughal.543792,,,,
Sajjad Baig ,https://www.facebook.com/sajjad.baig.777768,"10 January 1976, Male",,,
Usman Alrai ,https://www.facebook.com/usman.alrai.2025,"Lives in Rawalpindi, Pakistan",,,
Muhammad Sadiq ,https://www.facebook.com/profile.php?id=100063039947782,,,,
Rana Fahad ,https://www.facebook.com/rana.fahad.9279,"Lives in Faisalabad, Male",,"DPS Faisalabad
School year 2009",
Tajammal Bahinder ,https://www.facebook.com/tajammal.jutt.90,"Lives in Nankana Sahib, Male",,,"Medical
6 Apr 2023 - Present
 
 · 3 years, 5 months"
Ch Nadeem Murtaza Bandisha ,https://www.facebook.com/chnadeem.murtazabandisha,Male,,,
Meher Imran ,https://www.facebook.com/meher.imran.572687,"Lives in Faisalabad, From Faisalabad, Male",,,
Rana Nadeem Rana Nadeem ,https://www.facebook.com/rananadeem.rananadeem.501,,,,
Rana Waseem Khan ,https://www.facebook.com/ranawaseem.shahbaz,Lives in Faisalabad,,,
RJ Waqas  (RJ Waqas),https://www.facebook.com/rjvikaas,"Lives in Faisalabad, From Faisalabad, In a relationship",,University of Agriculture,social worker and politician
Mahar Mohammad Nawaz ,https://www.facebook.com/profile.php?id=100095057006011,29 December 1990,,,
Shakoor Ahmad ,https://www.facebook.com/shakoor.ahmad.737,"Lives in Faisalabad, From Faisalabad, Female",,"Govt M.C High School Partab Nagar faisalabad
School year 2008",Faisalabad
Farzand Wattoo ,https://www.facebook.com/farzand.wattoo.1,Male,,University of the Punjab,
Nadeem Abbas ,https://www.facebook.com/nadeem.abbas.158120,,,,
Amjad AnSari ,https://www.facebook.com/Amjadali975,"Lives in Faisalabad, From Hafizabad",,,
Asma Tanveer Randhawa ,https://www.facebook.com/asma.tanveerrandhawa,"Family
1 family member, Female, English language, Urdu and Punjabi language",,"Punjab (India)
School year 2019","multiple
Owner"
Jan Mohammad ,https://www.facebook.com/profile.php?id=100090972293461,,,,
Muhammad Naveed ,https://www.facebook.com/muhammadnaveed8758,"Lives in Pakistan, From Pakistan",,Govt. M.C. High School Samanabad Faisalabad,"Facebook
bisnass man.Garments
7 Apr 2000 - Present
 
 · 26 years, 5 months"
Adv Rizwan Ahmad Ch ,https://www.facebook.com/adv.rizwan.ahmad.589440,"Lives in Faisalabad, From Faisalabad, Married",,Crescent City Junior/senior High School,
Atif Maan ,https://www.facebook.com/atif.mann,"Lives in Faisalabad, From Faisalabad, Married, Male",,"Govt. College University, Faisalabad, Pakistan","FESCO
Admn Officer"
Hafiz G ,https://www.facebook.com/sajad.babar.7,"Lives in Shah Faisalabad, Punjab, Pakistan",,,
Zaib Jan Rajpoot ,https://www.facebook.com/zaibjan.rajpoot,"Lives in Dijkot, Punjab, Pakistan, From Dijkot, Punjab, Pakistan",,,
Muhammad Riaz Butt ,https://www.facebook.com/muhammad.riaz.butt.916403,,,,"District Courts, Faisalabad.
30 Jan 2025 - Present
 
 · 1 year, 7 months"
Kashif Shahzad  (Kashi),https://www.facebook.com/Kashif191bhatti,"Lives in Faisalabad, From Faisalabad, 10 October 1992",,Account Help 2602,
Muhammad Mughees ,https://www.facebook.com/MMugheeskhokhar,"Lives in Shah Faisalabad, Punjab, Pakistan, From Faisalabad, Male",,GC University Faisalabad,"President Faisalabad Dyes and Chemicals Merchants Association
12 May 2020 - Present
 
 · 6 years, 4 months"
Faisal Taaj ,https://www.facebook.com/faisal.taaj.984,,,,
Ch Kashif Randhawa  (Youth Wing Sadar),https://www.facebook.com/kashif.jutt.5454021,"Lives in Faisalabad, From Faisalabad, 27 August 1996",,Account Help 2602,"Sports & Culture
High quality control"
Abubakar Sharif Sandhu Adv ,https://www.facebook.com/abubakar.sharif.399,"Lives in Faisalabad, From Faisalabad",,University of the Punjab,"District Courts, Faisalabad.
Lawyer
16 Oct 2024 - Present
 
 · 1 year, 11 months"
Abdullah Shahnawaz ,https://www.facebook.com/profile.php?id=100023705854023,Male,,,
رانا وارث علی منج ,https://www.facebook.com/rana.warth.ly.mnj,"Lives in Faisalabad, 5 December 1990, Single",,,"FESCO - Faisalabad Electric Supply Company
Lineworker
23 Dec 2011 - Present
 
 · 14 years, 9 months"
Rana Ali  (Ali Rajpoot),https://www.facebook.com/rana.ali.94988,"Lives in Faisalabad, From Penang, Malaysia",,Govt. Crescent Model High School Faisalabad,
Raja Waseem ,https://www.facebook.com/raja.waseem.292840,Male,,,
Rana Ramzan ,https://www.facebook.com/rana.ramzan.691648,Male,,,
Muhamad Zahid Muhamad Zahid ,https://www.facebook.com/muhamadzahid.muhamadzahid.92,"Lives in Faisalabad, Male",,,
Shahab Sharif  (Secret),https://www.facebook.com/Shahab.Sharif84,"Lives in Faisalabad, Male",,ITHM ( Institute of Tourism & Hotel Management ),
Attaullah Khan ,https://www.facebook.com/rana.zkaullahchandail,"Lives in Toba Tek Singh, Pakistan, From Toba Tek Singh, Pakistan, Married
Since 24 February 2012",,Govt degree College Toba Tek Singh,‎جماعت اسلامی پاکستان‎
Muhammad Seleh Pehalwan ,https://www.facebook.com/profile.php?id=100094366753677,"Lives in Faisalabad, From Lahore, Pakistan",,,
Rana Numan ,https://www.facebook.com/rana.numan.391,"Lives in Faisalabad, Married
Since 10 November 2018, Male, English language and Urdu",,LL.B Punjab University,"DBA, Faisalabad.
Advocate"
Mian Shahzaib ZaiBi ,https://www.facebook.com/zaiBi.188,"From Faisalabad, Family
Mian Asad, , ",,Al-Falah Group of Schools & Colleges Chak Jhumra,"UAE sharjah all sajaa
19 Dec 2018 - Present
 
 · 7 years, 9 months"
Shumaila Sattar ,https://www.facebook.com/shamila.sattar.2025,,,,
Adv Abdul Wahab Gujjar ,https://www.facebook.com/Ch.wahab213,"Lives in Dijkot, Punjab, Pakistan, From Faisalabad, Family
Asad Hussain and Muhammad Yasir Ehsan, , , ",,"Virtual University of Pakistan
School year 2017",Optimal E-Commerce Incubator
M Afzal Nadeem Gakhar ,https://www.facebook.com/afzal.nadeem.528,"Lives in Faisalabad, From Faisalabad, Male, Urdu, Punjabi language and English language",,Muspail Degree College faisalabad,own business
Zahid Bhatti ,https://www.facebook.com/zahid.bhatti.760699,,,,
Muhammad Mursleen ,https://www.facebook.com/muhammad.mursleen.180,Male,,,
Abid Hussain ,https://www.facebook.com/abid.hussain.175782,,,,
Uzair Ali ,https://www.facebook.com/Oxaiiiir,"Lives in Faisalabad, From Faisalabad, Male",,,
Dastageer Anxari ,https://www.facebook.com/profile.php?id=100078027035436,Lives in Faisalabad,,,Faisalabad
Talib Mirza  (Mughal),https://www.facebook.com/profile.php?id=100025019092404,Lives in Faisalabad,,,"Al-Haram Fall Ceilling And Decor
16 Oct 2010 - Present
 
 · 15 years, 11 months"
Yawar Abbas ,https://www.facebook.com/yawar.abbas.311949,"Lives in Faisalabad, From Faisalabad",,,"UBL - United Bank Ltd
Team Manager
5 Dec 2009 - Present
 
 · 16 years, 9 months"
Ashiq Husain ,https://www.facebook.com/profile.php?id=100083246317860,,,,
Muhammad Tariq ,https://www.facebook.com/profile.php?id=100015609362153,"1 January 1968, Male",,,
Abid Patwari ,https://www.facebook.com/abid.hassan.39501,,,,
Hafiz Abdul Jamia ,https://www.facebook.com/profile.php?id=100084120573016,"Lives in Lahore, Pakistan",,,
Mian Naveed Ali ,https://www.facebook.com/naveedali.m.54,"Lives in Jaranwala, From Jaranwala, Single",,,"Facebook
Naveed ch"
نو ید جٹ ,https://www.facebook.com/zafaraliqb.sn,Male,,,
Haider Ali Shehzad Warraich  (Advocate High Court),https://www.facebook.com/hydi.warraich1,"Family
Mohammad Ali Warraich, , , Male, Arabic, Punjabi language, English language and Urdu",,,"Member Punjab Bar Council
9 Jun 2015 - Present
 
 · 11 years, 3 months"
Precious Chaudhary  (Badsha),https://www.facebook.com/miansunny150,,,"Aptech Computers
In 2016","RNS01
Chief Executive Officer (CEO) & Founder
2017 - Present
 
 · 9 years, 8 months"
Rizwan Ullah ,https://www.facebook.com/profile.php?id=100076133376453,,,,
Khawaja Adnan ,https://www.facebook.com/khawaja.adnan.36286,"Lives in Faisalabad, From Faisalabad, Married to
Aisha Adnan
Since 3 October 2009, Male",,,"DEALS In GREY Fabric
2010 - Present
 
 · 16 years, 8 months"
Rana Rauf ,https://www.facebook.com/rauf.saleem.129,,,,
Mohamud Zolfqar ,https://www.facebook.com/mohamud.zolfqar.2025,,,,
Saeed Awan Ahmad ,https://www.facebook.com/saeedawan.ahmad,Lives in Faisalabad,,,
Sattar Rajpoot ,https://www.facebook.com/sattarkhan.sattarkhan.758399,"Lives in Faisalabad, From Faisalabad, 20 October 1987",,,
Adv Rana M. Sarwar ,https://www.facebook.com/sarwar.attorney,"Lives in Faisalabad, From Faisalabad, Male",,,Advocate
Gulzar Ansari Gulzar Ansari ,https://www.facebook.com/gulzaransari.gulzaransari.501,"Lives in Faisalabad, Single",,,
Rana Naveed Rana Naveed ,https://www.facebook.com/profile.php?id=100054303913241,,,,
Ansar Kisana ,https://www.facebook.com/profile.php?id=100083032451654,"Lives in Samundri, From Samundri",,,"Faisalabad Medical University
5 Jul 2020 - Present
 
 · 6 years, 2 months"
Sufyan Gujjar Sufyan Gujjar ,https://www.facebook.com/profile.php?id=100083035185197,,,,
Rana Saddique Ahmad ,https://www.facebook.com/paak.armay,"Married, Male",,,"Online Working
2 Aug 2022-present
 
 · 4 years, 1 month"
نواب زادہ ,https://www.facebook.com/profile.php?id=100076430175718,"Lives in Faisalabad, From Faisalabad",,islamia college of Faisalabad,
Muhammad Asif Latif ,https://www.facebook.com/muhammad.asif.latif.891279,"Lives in Faisalabad, From Faisalabad",,,
Muhammad Khalid Mahmood ,https://www.facebook.com/miankhalid.miankhalid.1276,"Lives in Faisalabad, From Faisalabad",,,"Self-employed
22 Feb 2019 - Present
 
 · 7 years, 7 months"
Asim Budi ,https://www.facebook.com/asim.budi.7,,,,
Hafiz Sarwar Gujjar ,https://www.facebook.com/hafiz.sarwergujar,,,,
Farooq Amjad ,https://www.facebook.com/farooq.amjad.58323,,,,
Mian M Zaheer ,https://www.facebook.com/MianMZaheer,Lives in Faisalabad,,,
Ghulam Mujtaba GM ,https://www.facebook.com/ghulam.mujtaba.gm.2025,Lives in Faisalabad,,,"Rahman builders & Associats
Supervisor Engineer"
Abubakar Dhillon ,https://www.facebook.com/profile.php?id=100086464031500,"Lives in Faisalabad, From Faisalabad",,,"Student
4 Oct 2022 - Present
 
 · 3 years, 11 months"
الله نور ,https://www.facebook.com/allh.nwr.63691,,,,
Rashid Akhtar ,https://www.facebook.com/rashid.akhtar.1460693,"Lives in Faisalabad, From Faisalabad, Male",,,Business man
Ali Usman ,https://www.facebook.com/ali.usman.77377,"Lives in Faisalabad, From Faisalabad, Male",,,"Bank Al Habib Limited manger
Operations management"
Kashan Panjtani ,https://www.facebook.com/kashan.panjtani,,,DPS School & College,
Rana Imran Khan Adv ,https://www.facebook.com/rana.imrankhan.5076,"Lives in Faisalabad, From Faisalabad",,,"MK Sons Textiles - pvt Ltd
Human Resources Assistant (HR Assistant)
5 May 2014 - 10 Dec 2016
 
 · 2 years, 7 months"
Muhammad Ameer Abbas ,https://www.facebook.com/muhammad.ameer.abbas.2025,,,,
Rashid Ali ,https://www.facebook.com/profile.php?id=100009076532954,,,,
Majid Javed Topra ,https://www.facebook.com/majid.javed.35,"Lives in Faisalabad, From Karachi, Pakistan",,,
بلال بلال ,https://www.facebook.com/profile.php?id=61554692295425,,,,
Muhammad Waseem ,https://www.facebook.com/profile.php?id=100006828603409,"Lives in Faisalabad, From Faisalabad",,,
Adnan Munir ,https://www.facebook.com/adnan.munir.908132,Lives in Faisalabad,,,
Amir Ali Jutt ,https://www.facebook.com/zafarjitt.zong,"27 October 1996, Male",,,
Muhammad Shoaib ,https://www.facebook.com/shoaib.asghar.944,"Lives in Faisalabad, From Faisalabad",,,"Grand Moosa Travel
C.E.O
4 Apr 2015 - Present
 
 · 11 years, 5 months"
Abu Zarar Butt ,https://www.facebook.com/abu.zararbutt,"Lives in Faisalabad, From Faisalabad, Male",,,
Usman Butt ,https://www.facebook.com/profile.php?id=100080901500017,"Lives in Faisalabad, 23 September 2000",,,
Walayat Ali Tahir ,https://www.facebook.com/profile.php?id=100010831537137,"Lives in Faisalabad, From Tandlianwala, Male",,,"University Of Agriculture Faisalabad, Pakistan"
Asif Gill ,https://www.facebook.com/profile.php?id=61552685905733,,,,
Sajjad Akabar  (Khalifa Sajjad Akbar),https://www.facebook.com/sajjad.akabar.2025,"Lives in Faisalabad, From Faisalabad, Married",,,"Faisalabad
29 Aug 2023-present
 
 · 3 years"
Shafiqansari Chariman Shafiqansari Chariman ,https://www.facebook.com/shafiqansarichariman.shafiqansarichariman,,,,
Nabi Khan ,https://www.facebook.com/nabi.khan.246490,"Lives in Faisalabad, From Faisalabad",,Punjab Group Of Colleges,
Shabbir Sajid Gorsi  (Shabbir Sajid Gorsi Gujjar),https://www.facebook.com/ShabbirGoorsi,"Lives in Faisalabad, From Malakwal, Punjab, Pakistan, Family
Jani Gujjar Gorsi and 1 other, , ",,,"Faisalabad Development Authority
Staff Officer to Director General, FDA
Jan 2021 - Present
 
 · 5 years, 7 months"
Qasim Akram Munj ,https://www.facebook.com/munj.qasim,"Lives in Gujranwala, Pakistan, From Faisalabad, Male",,,
Shaukat Ali ,https://www.facebook.com/profile.php?id=100006529901457,"Lives in Faisalabad, From Faisalabad, Male",,,PML(N)
Athar Ali ,https://www.facebook.com/profile.php?id=100009538015261,"Lives in Faisalabad, From Faisalabad",,,
Abdul Rehman ,https://www.facebook.com/abdul.rehman.612945,Lives in Faisalabad,,,
Mian Nadeem Sikandar ,https://www.facebook.com/mian.nadeem.sikandar,"Lives in Shah Faisalabad, Punjab, Pakistan, From Faisalabad, Married, Family
Azaan Ahmad, , , Male",,,Divisional General Secretary International Power Of Journalists
Hammad Ahmed ,https://www.facebook.com/profile.php?id=100089160354666,,,,
Muhammad Hanif ,https://www.facebook.com/muhammad.hanif.694664,"Lives in Faisalabad, From Faisalabad, Married",,,"Gulf aluminum fsd
Owner
Mar 2003-present
 
 · 23 years, 6 months"
Muhammad Azhar Mushtaq Adv ,https://www.facebook.com/azharmushtaqfaisalabad,"Lives in Shah Faisalabad, Punjab, Pakistan, From Faisalabad, Married, Male, English language",,,"Business
Owner
2005 - Present
 
 · 21 years, 8 months"
Arshadali Shahid ,https://www.facebook.com/arshadali.shahid.5,"Lives in Faisalabad, From Faisalabad",,Independent Medical College and Publications,
Hakeem Raza ,https://www.facebook.com/hakeem.raza.967,Male,,,
Mehar Umar ,https://www.facebook.com/mehar.umar.988405,"Lives in Faisalabad, From Faisalabad, 31 December 1991, Married",,,
Ahmad Rajput ,https://www.facebook.com/profile.php?id=100068076366963,"Lives in Nicosia, Cyprus, Single, British English",,,
Shahzad Ahmad Gholervi ,https://www.facebook.com/shahzad.ahmad.gholervi,"Lives in Faisalabad, From Faisalabad",,,Faisalabad
Imran Gujjar Imran Gujjar ,https://www.facebook.com/imrangujjar.imrangujjar.3914207,,,,
Rana Arif ,https://www.facebook.com/arif.abbas.9849,,,KIPS Education System,"Meezan Bank Limited
5 May 2020 - Present
 
 · 6 years, 4 months"
Danish Warraich  (Warraich Sahib),https://www.facebook.com/danishwarraich.danishwarraich.9,Lives in Gojra,,,
Hasham Saigal ,https://www.facebook.com/profile.php?id=100008659637481,"Lives in Faisalabad, From Lahore, Pakistan",,,"Business
24 Nov 2019 - Present
 
 · 6 years, 10 months"
Waseem Gujjar ,https://www.facebook.com/waseem.gujjar.701361,,,,
Sajid Tanveer Pansota ,https://www.facebook.com/sajid.tanveer.984,"Lives in Faisalabad, From Faisalabad, Family
CH Ijaz Qadeer Pansota and Ahmad Qadeer, , , ",,,"Hussain Bricks company
Director"
Rizwan Butt ,https://www.facebook.com/rizwan.rizwanbutt.161,Male,,,
Mehar Zada ,https://www.facebook.com/MianAwais9092,Lives in Faisalabad,,,"Sitara Developers - Pvt Ltd Sitara Group of Industries
19 Sep 2017 - Present
 
 · 9 years"
M Masood Khawer Khawer ,https://www.facebook.com/profile.php?id=61550769350679,,,,
Ameer Hassan Chauhdry  (Ameer Hassan Official),https://www.facebook.com/ameer.hassan.chauhdry,"Lives in Faisalabad, From Shah Faisalabad, Punjab, Pakistan, 8 July",,,"District Nazim
17 Apr 2008-present
 
 · 18 years, 5 months"
Iftikhar Ali Ymt ,https://www.facebook.com/iftikhar.ali.ymt,Male,,,
Tahir Abbas ,https://www.facebook.com/tahir.abbas.407372,Lives in Faisalabad,,,
M. Zaid Sheikh ,https://www.facebook.com/m.zaid.sheikh.2025,,,,"Facebook
6 Dec 2020 - Present
 
 · 5 years, 9 months"
Muhammad Yousaf Chaudhry ,https://www.facebook.com/MuhammadYusufChaudhry,"Lives in Lahore, Pakistan, From Lahore, Pakistan, Married",,,"Superior Group of Colleges
Regional Director
1 Nov 2016 - Present
 
 · 9 years, 10 months"
Rana Abubakar Hanif ,https://www.facebook.com/rana.abu.bakar.604130,"Lives in Faisalabad, From Faisalabad, 17 November",,,"Drive Tester Engineer
17 Apr 2014 - Present
 
 · 12 years, 5 months"
Muhammad Shahid ,https://www.facebook.com/profile.php?id=100008635515448,Male,,,
FoJi Sadaqat Ali ,https://www.facebook.com/foji.sadaqat.ali.2025,"Lives in Jaranwala, From Faisalabad",,,"Shere Rabbani Real Estate Agency Jaranwala
19 Feb 2025 - Present
 
 · 1 year, 7 months"
Akbar Ali ,https://www.facebook.com/akbar.ali.780,"Lives in Faisalabad, From Faisalabad",,,
Ehsan Habib ,https://www.facebook.com/ehsan.habib.718,"Lives in Faisalabad, From Faisalabad, Family
Sultan Ali, , , Male",,,Faisalabad
Pmln Bagan ,https://www.facebook.com/profile.php?id=100080161991397,,,,
Anees Anees ,https://www.facebook.com/aners.anees,"Lives in Faisalabad, From Faisalabad",,,Closeup
حاجی صالحین ,https://www.facebook.com/profile.php?id=61555711076229,"Lives in Karachi, Pakistan, From Karachi, Pakistan, Married
Since 12 January 1984",,,
Lucky Jutt ,https://www.facebook.com/ashfaq.luckey.90,,,,
Musharaf Ijaz ,https://www.facebook.com/musharafijaz.musharafijaz,"Lives in Faisalabad, From Faisalabad",,,
Muhammad Jabir ,https://www.facebook.com/profile.php?id=100083367413051,10 November 1994,,,
Ch Mazhar Salara ,https://www.facebook.com/profile.php?id=100083472403052,"Lives in Chiniot, From Chiniot",,Govt. Islamia College Chiniot,
Anjum Ansari ,https://www.facebook.com/anjum.ansari.338372,,,,
Awais Farrukh ,https://www.facebook.com/awais.farrukh.2025,"Lives in Faisalabad, From Faisalabad",,Govt Muncipal Degree college Faisalabad,
عمر چوہدری  (آرائیں بادشاہ),https://www.facebook.com/mrchwdry.452473,"Lives in Rawalpindi, Pakistan, From Islamabad, Pakistan, 7 August 1987",,,
Amir Ali ,https://www.facebook.com/amir.ali.44765,,,,
Hafiz Abdul Rehman ,https://www.facebook.com/hafiz.abdulrehman.98284,Lives in Faisalabad,,Punjab Group Of Colleges,
Abdulrahman Qadri ,https://www.facebook.com/abdulrahman.qadri.73,,,,
Abu Akbar ,https://www.facebook.com/noor.fstima.14,"Lives in Los Angeles, California, From Faisalabad, Married",,,
Abdul Jabar ,https://www.facebook.com/qariabdul.jabar.777,,,,
Ch Aurang Zaib ,https://www.facebook.com/chaurang.zaib.121,"Male, Urdu and English language",,,
Muhammad Ali ,https://www.facebook.com/muhammad.ali.43331,"Lives in Faisalabad, From Faisalabad, Male",,,
Mian Yasin ,https://www.facebook.com/mian.yasin.31,,,,"Madina Developers
Business Development Executive
13 Aug 2004 - Present
 
 · 22 years, 1 month"
Malik Qasim Qasim ,https://www.facebook.com/profile.php?id=61555119244846,,,,
Tanveer Hussain ,https://www.facebook.com/profile.php?id=100089970584347,Lives in Faisalabad,,,
Moon Ali ,https://www.facebook.com/moon.ali.176442,,,,
M Bota ,https://www.facebook.com/profile.php?id=100089202701044,,,,
Rao Hussain Ahmed NadeemAdv ,https://www.facebook.com/rao.nadeem.165,"Lives in Faisalabad, From Samundri, Married
Since 10 October 2015",,Account Help 2602,"Lahore High Court
Joint Secretary at DBA Faisabad"
Zuni Baig ,https://www.facebook.com/zuni.baig.889309,"Lives in Faisalabad, From Faisalabad",,GC University (GCUF) Faisalabad,
Hussnain Haider ,https://www.facebook.com/hussnain.haider.520562,,,,
Usman Tabassum ,https://www.facebook.com/profile.php?id=100086153912785,,,,
Hammad Ramay ,https://www.facebook.com/Hammad.Ramay.666,"Lives in Faisalabad, From Faisalabad, Male",,"Punjab University Law College
2000 - 2004","DBA, Faisalabad."
Choudhary Hamza ,https://www.facebook.com/hamza.gee.14855,,,,
Umar Farooq ,https://www.facebook.com/umar.farooq.771870,,,,
Hafiz Zaid  (Itx zaidi),https://www.facebook.com/ayan.zaid.58,"Lives in Faisalabad, From Faisalabad, 17 July 2001",,,
Jutt G Jutt ,https://www.facebook.com/jutt.g.jutt.72673,From Faisalabad,,,
Ghulam Murtaza ,https://www.facebook.com/ghulam.murtaza.868026,"Lives in Faisalabad, From Faisalabad",,,
Ahmad Shakeel ,https://www.facebook.com/profile.php?id=100009388425479,,,,
Nawab Zada ,https://www.facebook.com/nawabzada0,"Lives in Dubai, United Arab Emirates, Male",,,
Saleem Jutt ,https://www.facebook.com/saleem.jutt.924685,,,,
Ch Mian Zawar ,https://www.facebook.com/ch.mian.zawar,,,,
Lala Tanvir Kamboh ,https://www.facebook.com/lalatanvir.kamboh,,,,
Bilal Jutt ,https://www.facebook.com/balil.jutt.376,"Lives in Gujranwala, Pakistan, From New Garden Town, Punjab, Pakistan, Married",,,
DrMazhar Hussain ,https://www.facebook.com/drmazhar.hussain.756464,"Lives in Kotli, From Faisalabad, Married",,,Kotli
Anjum Anjum Imtiax ,https://www.facebook.com/anjum.anjumimtiax,"Lives in Faisalabad, From Faisalabad, Family
Ppkkghlaffbk Lafyalfahflafb, , ",,,
Rabnawaz Khan ,https://www.facebook.com/profile.php?id=100017821060765,"Lives in Samundri, From Samundri",,,
Shahid Ramzan ,https://www.facebook.com/shahid.ramzan.754365,,,,
Ch Mussadaq Hussan ,https://www.facebook.com/profile.php?id=100081933205177,Lives in Faisalabad,,,
حافظ عثمان سندهو ,https://www.facebook.com/hafz.thman.sndhw,"From Riyadh, Saudi Arabia, Family
Ahmad Usman Sandhu, , ",,,
Fayyaz Alvi Fayyaz Alvi ,https://www.facebook.com/fayyaz.alvi.fayyaz.alvi.2025,,,,
Muhammad Asim ,https://www.facebook.com/M.asim1548,"Lives in Islamabad, Pakistan, From Faisalabad, Married, Family
Munawar Hussain, , , Male, Urdu, Punjabi language and English language",,,
Raheel Awan  (Murtaza Ali awan),https://www.facebook.com/raheel.awan.754545,,,,
Mirza Haroon Baig Mughal ,https://www.facebook.com/haroon.mughal.18041,"Lives in Faisalabad, From Shah Faisalabad, Punjab, Pakistan, Married
Since April 2018, Family
Muhammad Shahzad Majeed Mughal, , , Male",,"Pakistan College Faisalabad
School year 2010","Asian News Feed ANF
Photographer"
Usmanali Pomiroy ,https://www.facebook.com/profile.php?id=100079649037890,"Lives in Faisalabad, From Faisalabad",,,
M Sajid Kamboh ,https://www.facebook.com/m.s.kamboh.75,"Lives in Faisalabad, Male",,,
Imran Ehsan ,https://www.facebook.com/imran.ehsan.5209,"Lives in Faisalabad, From Faisalabad, Married
Since 13 February 2011, Male",,Punjab Group Of Colleges,
Muhammad Asif ,https://www.facebook.com/muhammad.asif.749072,"Lives in Faisalabad, From Faisalabad, 22 March 1992, Male",,University of the Punjab,
Iftikhar Ahmed ,https://www.facebook.com/iftikhar.ahmed.497272,"Lives in Faisalabad, From Faisalabad",,,
Khalil Ur Rehman ,https://www.facebook.com/khalil.ur.rehman.92033,Lives in Faisalabad,,,
Irfan Haider ,https://www.facebook.com/irfan.haider.941068,,,,
Hassan Ali ,https://www.facebook.com/hassan.ali.445408,"Lives in Faisalabad, From Faisalabad, 24 February 2003",,,GC University Faisalabad
Muhammad Nadeem ,https://www.facebook.com/muhammad.nadeem.403706,From Faisalabad,,,
Asghar Ali ,https://www.facebook.com/asghar.ali.979021,,,,
Zain Ali ,https://www.facebook.com/zain.ali.534221,"Lives in Dubai, United Arab Emirates, From Dubai, United Arab Emirates, Male",,"Punjabi University Lohar
School year 2011",Facebook
Rana Muzammil Abbas Adv ,https://www.facebook.com/globelinklaw,,,Punjab Group Of Colleges,Facebook
Tasleem Iqbal ,https://www.facebook.com/tasleem.iqbal.33,"Lives in Faisalabad, From Faisalabad",,,"OWNER AT BUSSINESS
5 May 2020-present
 
 · 6 years, 4 months"
Altaf Khan Altaf Khan ,https://www.facebook.com/altaf.khan.altaf.khan.932066,,,,
Syed Ali Bukhari  (سیّد علی حسّن بُخاری),https://www.facebook.com/syed.ali.bukhari.995911,"Lives in Faisalabad, From Faisalabad, 1986",,,
Ali Raza ,https://www.facebook.com/ali.raza.797781,"Lives in United States, From Shah Faisalabad, Punjab, Pakistan, 4 March, Married, Family
Mehmood Rabbani, , , Male",,Punjab Group Of Colleges,
Abid Jano Abid Jano ,https://www.facebook.com/abidjano.abidjano.90,Male,,,
Imran Mani ,https://www.facebook.com/imranmani111111,,,,
Zubair Khan ,https://www.facebook.com/zubair.khan.301770,"Lives in Faisalabad, From Faisalabad",,GCUF - New Campus.,Facebook
Adnan Arshad ,https://www.facebook.com/profile.php?id=100086193385701,,,,
Waqas Jutt ,https://www.facebook.com/waqas.jaat.334,"Lives in Faisalabad, From Lahore, Pakistan, Male",,,
Syed Jawad Ali Zaidi ,https://www.facebook.com/syed.jawad.ali.zaidi.770562,,,,
Fida Husain ,https://www.facebook.com/fida.husain.336,"Lives in Faisalabad, From Faisalabad, Male",,"GC University, Lahore",Muslim Hub
Abbas Ashraf Rahmani ,https://www.facebook.com/abbasashraf.ashraf,,,,
Zain Ul Abiden ,https://www.facebook.com/zain.ul.abiden.956253,27 November 2003,,Pet Center University of veterinary and animals science Lahore,"Veterinary Doctor
1 Oct 2021 - Present
 
 · 4 years, 11 months"
Mian Muhammad Irshad ,https://www.facebook.com/mian.irshad.33821,"Lives in Faisalabad, Family
1 family member, Male",,Allama Iqbal Open University,
Abdulrehman Hammad ,https://www.facebook.com/abdulrehman.hammad.56,"19 April 2004, In a relationship",,,
Hafiz Wasif ,https://www.facebook.com/hafiz.wasif.31,Male,,,
Muhammad Kashif ,https://www.facebook.com/profile.php?id=100000540614191,"Lives in Faisalabad, From Faisalabad",,,
Sheikh Raza ,https://www.facebook.com/profile.php?id=100009979536244,Male,,,
Muhammad Shahid ,https://www.facebook.com/profile.php?id=100068305625343,"Lives in Faisalabad, 6 February 1995",,,
Muhammad Ameer Muhammad Ameer ,https://www.facebook.com/muhammadameer.muhammadameer.1441,,,,
Ali Sher ,https://www.facebook.com/ali.sher.731956,,,,
Muhammad Akram ,https://www.facebook.com/muhammad.akram.79232,,,,
Lala Manj ,https://www.facebook.com/profile.php?id=100087479223162,29 October 2004,,,
Ijaz Ahmad ,https://www.facebook.com/profile.php?id=61554138050318,"Lives in Faisalabad, From Faisalabad",,,
Asif Javed ,https://www.facebook.com/profile.php?id=100079618815787,,,,
Ali Abbas ,https://www.facebook.com/profile.php?id=61552915688981,,,,
Ali Akbar ,https://www.facebook.com/profile.php?id=100008990896324,Lives in Faisalabad,,,
Umar Ashraf ,https://www.facebook.com/profile.php?id=100087581133691,Lives in Faisalabad,,,
Frazan Ali ,https://www.facebook.com/frazan.ali.2025,"Lives in Faisalabad, From Faisalabad",,,
Muzammil Ali ,https://www.facebook.com/muzzamil.ali.9887,Lives in Faisalabad,,"Islamia College University
On 2 May 2000","Punjab Police (Pakistan)
On 20 Aug 2002
 
 · 24 years, 1 month"
Ch Yousif CH Yousif ,https://www.facebook.com/ch.yousif.ch.yousif.2025,,,,
Ghias Ahmad ,https://www.facebook.com/ghias.ahmed.923,"Lives in Faisalabad, From Faisalabad, Male",,,
Sardar Haseeb  (Hibi),https://www.facebook.com/sardar.haseeb.50951,"Lives in Faisalabad, From Faisalabad, Single",,"California State University, Los Angeles
School year 2026",
Ghazanfar Rajpoot ,https://www.facebook.com/GhazanfarRajpooot,"Lives in Faisalabad, From Faisalabad, Married
Since 16 February 2022",,Punjab Group Of Colleges,"Studying
Engineer"
Shah G Shahh ,https://www.facebook.com/shah.g.shahh.2025,Lives in Faisalabad,,,
Abdul Rehman ,https://www.facebook.com/abdul.rehman.340092,"Lives in Okara, Pakistan, From Okara, Pakistan",,Punjab College Okara,Not Yet Working
Mazhar Nomani ,https://www.facebook.com/MazharNomani68,"Lives in Faisalabad, From Faisalabad, Male",,,"Hira Sani Public School
Director"
Naseer Ahmad Naseer ,https://www.facebook.com/naseerahmad.naseer.56481379,"Lives in Faisalabad, From Lahore, Pakistan, Male",,,
Abdullah Warraich ,https://www.facebook.com/abdullahwarraich154,"From Faisalabad, 28 September 1998",,,"Makkah Nylon Centre
1 Jan 2013 - Present
 
 · 13 years, 8 months"
Imran Malik ,https://www.facebook.com/imran.malik.94695,"Lives in Faisalabad, From Faisalabad, Male",,,"Salalah, Oman"
More,https://www.facebook.com/paksafetysealer,"Lives in Faisalabad, From Faisalabad",,,
Dar Bross ,https://www.facebook.com/dar.bross.3,"Lives in Faisalabad, Male",,,
Rana Ramzan ,https://www.facebook.com/rana.ramzan.501651,14 December 1987,,,
Asim Mirza ,https://www.facebook.com/asim.mirza.1291,,,,
Nafees Ahmad Malik ,https://www.facebook.com/nafeesahmad.malik,"Lives in Faisalabad, Male",,GC University Faisalabad,"Superior college of technology Faisalabad
Managing Director
12 years, 2 months"
Chaudhary Rizwan ,https://www.facebook.com/chaduharyrizwan,"Lives in Faisalabad, From Faisalabad, 1 January 1992, Male",,,
Rana Taimoor Tallat ,https://www.facebook.com/rana.taimoor.tallat.2025,,,,"King dom Soudi Arabia
23 Aug 2021 - Present
 
 · 5 years, 1 month"
Asad Khan ,https://www.facebook.com/asad.khan.95157,Lives in Faisalabad,,,
Gulam Mustafa ,https://www.facebook.com/profile.php?id=61553659334459,"Lives in Lahore, Pakistan, From Lahore, Pakistan, 2 April 1992, Married",,"Lahore, Pakistan",Chief Information Security Officer
Malik Zeeshan ,https://www.facebook.com/malik.zeeshan.965654,"Lives in Faisalabad, From Faisalabad, Male",,Govt.Millat Degree College,
Haris Arif Haris Arif ,https://www.facebook.com/haris.arif.haris.arif.2025,Lives in Faisalabad,,"Shreya Memorial High School
School year 2007",
Afzaal Ahmad Cheema ,https://www.facebook.com/afzaal.cheema,"Lives in Faisalabad, From Faisalabad, 21 June 1968",,"Punjab Medical College
School year 1995",
Anwaar Ali Shah Rizvi ,https://www.facebook.com/anwaaralishah.rizvi,,,,
Sabir Rehman ,https://www.facebook.com/sabir.rehman.9081,,,,
Kako Jutt ,https://www.facebook.com/kako.jutt.39742,"Lives in Faisalabad, From Toba Tek Singh, Pakistan",,Govt M.D Collage toba take singh,"Toba Tek Singh, Pakistan"
Sakhawat Ali ,https://www.facebook.com/sakhawat.ali.546583,"Lives in Faisalabad, From Faisalabad, Male",,,
Javaid Hussain ,https://www.facebook.com/javaid.hussain.3344,"Lives in Faisalabad, From Faisalabad, Male",,,
Raja Inam Ali ,https://www.facebook.com/raja.inamali.1,"Lives in Dubai, United Arab Emirates, From Faisalabad, In an open relationship",,University of the Punjab,"Habib Bank AG Zurich
2013 - Present
 
 · 13 years, 8 months"
Ahsan Ali ,https://www.facebook.com/ahsan.ali.343004,2 July 1998,,,
Rana Naqash Ali ,https://www.facebook.com/naqash.goodg,"Lives in Faisalabad, From Faisalabad, Male",,"Chenab College of Advance Studies Fsd-NCBA & E
School year 2018",
Muhammad Ahmad ,https://www.facebook.com/M.Ahmad123ak,"Lives in Faisalabad, From Kot Addu, 10 January 1981",,,
Muhammad Imran Muhammad Akram ,https://www.facebook.com/muhammadimran.muhammadakram.1,"Lives in Faisalabad, From Faisalabad, Male",,"OneAcademy
2015 - 2016","Sandal dyestuff industries limited Pakistan
Chemist"
Muhammad Nadeem Iqbal ,https://www.facebook.com/muhammadnadeem.iqbal.5,"Lives in Faisalabad, From Faisalabad, Married
Since 24 November 2009",,,"BankIslami Pakistan Limited
Area Manager
On 30 Jun 2026
 
 · 2 months"
Rana Awais Manj ,https://www.facebook.com/awais.manj.9,"Lives in Faisalabad, From Khurrianwala, Punjab, Pakistan, Single",,Punjab Group Of Colleges,Punjab Police (Pakistan)
Jani Jutt ,https://www.facebook.com/jani.jutt.273030,,,,"Enjoy
25 Jul 2022-present
 
 · 4 years, 2 months"
Hussnain Bilal ,https://www.facebook.com/hussnain.bilal.436444,,,,
Adnan Shah ,https://www.facebook.com/adnan.shah.702054,Lives in Faisalabad,,,
Shahid Javid ,https://www.facebook.com/shahid.javid.37,"From Faisalabad, Male",,University of the Punjab,
Shfaqat Ali ,https://www.facebook.com/shfaqat.ali.929538,,,,
M Imran Makhdoom ,https://www.facebook.com/mimran.makhdoom,"Lives in Multan, From Multan",,BZU Multan,"Web programming
11 Sep 2021 - Present
 
 · 5 years"
Shk Subhan ,https://www.facebook.com/shk.subhan.306057,"Lives in Faisalabad, From Faisalabad, Single",,,"Study
26 Aug 2022 - Present
 
 · 4 years, 1 month"
Muhammad Shakeel ,https://www.facebook.com/profile.php?id=61555768400308,,,,
Shehroz Ibad ,https://www.facebook.com/shehroz.ibad,"Lives in Faisalabad, From Uch Sharif Municipality, Punjab, Pakistan, Male",,"GC University Faislabad
School year 2008","𝐃𝐚𝐢𝐥𝐲 𝐃𝐮𝐧𝐲𝐚 𝐅𝐚𝐢𝐬𝐚𝐥𝐚𝐛𝐚𝐝
Former editor"
Ahmad Khalid ,https://www.facebook.com/ahmad.khalid.575913,,,,
Farrukh Pasha ,https://www.facebook.com/farrukhrajput.pasha,"Lives in Faisalabad, From Faisalabad, Married
Since 2019, Male",,"GC University, Lahore",Facebook
Imran Malik ,https://www.facebook.com/imran.malik.280257,Male,,,
Shamsher Ali ,https://www.facebook.com/shamsher.ali.14507,From Faisalabad,,,
Hafiz Abdulrehman ,https://www.facebook.com/profile.php?id=100008851053156,"Lives in Faisalabad, From Faisalabad",,,Abu Turab & Co
Akram Ansari ,https://www.facebook.com/akram.ansari.981456,Male,,,
Umer Niaz ,https://www.facebook.com/umar.niaz2,"Lives in Faisalabad, From Faisalabad",,"University of Agriculture, Faisalabad.
On 16 September 2013",
Usama Madni ,https://www.facebook.com/usama.madni.98,"Lives in Faisalabad, From Faisalabad",,Sheri Public School Faisalabad,Facebook
Sandhu Sahab ,https://www.facebook.com/profile.php?id=100075458201112,,,,
Mohammad Shafeeq ,https://www.facebook.com/mohammad.shafeeq.284049,,,,
Chaudhary Imtiaz Adv ,https://www.facebook.com/choudry.imtiaz,,,,"Finance Secretary District Bar Fsd.
1 Jan 2023 - Present
 
 · 3 years, 8 months"
Choudhry Salman ,https://www.facebook.com/choudhry.salman.976649,"Lives in Islamabad, From Faisalabad, Single",,sandal college,"University Of Lahore
24 Dec 2022-present
 
 · 3 years, 9 months"
Farooq Ahmad Rahmani Farooq ,https://www.facebook.com/farooqahmadrahmani.farooq,,,,
Hamza Sarwar ,https://www.facebook.com/hamza.sarwar.71465572,Lives in Faisalabad,,,Student
Rai Farooq Zafar ,https://www.facebook.com/profile.php?id=61551414381322,,,,
Ghulammoinuddin Chishti ,https://www.facebook.com/ghulammoinuddin.chishti.2025,,,,
Sabar Shah ,https://www.facebook.com/profile.php?id=61552174307497,,,,
Rana Jabbran ,https://www.facebook.com/rana.jabbran,"Lives in Faisalabad, From Faisalabad",,,
Hamid Raza ,https://www.facebook.com/profile.php?id=100078715945108,"From London, United Kingdom",,,
Ch Umair Aulakh ,https://www.facebook.com/aulakh.chumair,"Lives in Faisalabad, From Sheikhupura, 9 April 2001",,,
Urdu,https://www.facebook.com/zahid.gujjar.92,"Lives in Riyadh, Saudi Arabia, From Faisalabad, Single, Male, Urdu, English language and Punjabi language",,Faisalabad Grammar School,
Abdul Aleem ,https://www.facebook.com/abdul.aleem.412199,"Lives in Faisalabad, From Faisalabad",,,
Husnain Jut ,https://www.facebook.com/husnain.jut.330,,,,
Muhammad Afzal ,https://www.facebook.com/muhammad.afzal.990895,"Family
Aliv J, , ",,,
Muhammad Munir Anjum ,https://www.facebook.com/profile.php?id=100011425594988,"Lives in Faisalabad, Male",,,
Muhammad Riaz ,https://www.facebook.com/muhammad.riaz.977229,"Lives in Faisalabad, From Faisalabad, Married, Family
Hannan Riaz, , , Male",,,"M RIAZ And Sons
Cheif Executive Officer"
Ali Dilber ,https://www.facebook.com/ali.dilber.179271,Male,,,
Rana Qaisar Mahmood Khan ,https://www.facebook.com/ranaqaisar.mahmoodkhan,"Lives in Faisalabad, From Faisalabad, 1 October 1978, Male",,,"DBA, Faisalabad.
Criminal Lawyer
Feb 2001 - Present
 
 · 25 years, 7 months"
Adeel Bajwa ,https://www.facebook.com/adeel.bajwa.37,"Lives in Faisalabad, From Faisalabad, Male",,"Account Help 2602
School year 2009",
Malik Usama ,https://www.facebook.com/profile.php?id=100089519247206,"Lives in Faisalabad, From Shah Faisalabad, Punjab, Pakistan",,,
Muhammad Saeed ,https://www.facebook.com/profile.php?id=100004086643555,"Lives in Faisalabad, From Faisalabad",,,
حبیب اولکھ ,https://www.facebook.com/habib.ahmad.5836,"Lives in Faisalabad, From Faisalabad",,,"YLA Faisalabad
17 Mar 2022 - Present
 
 · 4 years, 6 months"
Hafiz Sohaib Sab ,https://www.facebook.com/hafiz.jee.7545,"24 August 1999, Male",,,
Jabbar Raza ,https://www.facebook.com/jabbar.raza.79,"Lives in Shah Faisalabad, Punjab, Pakistan",,,"Hilal Textile Corporation
Engraving Incharge
22 May 2014 - 10 May 2019
 
 · 4 years, 11 months"
Saeed Ahmad Wahla ,https://www.facebook.com/profile.php?id=100082253348454,"Lives in Faisalabad, From Faisalabad",,,"Noor carporation
12 Mar 2023-present
 
 · 3 years, 6 months"
Haji Sarwar Dilshad ,https://www.facebook.com/haji.sarwar.dilshad,"Lives in Riyadh, Saudi Arabia, From Faisalabad, Male",,,"None
Manager
9 Jun 2007 - Present
 
 · 7 years, 7 months"
Shafiq Shah ,https://www.facebook.com/shafiq.shah.1460,"Lives in Faisalabad, From Sahianwala, Punjab, Pakistan, Married
Since 5 December 2008",,"Muncipal degree college faisalabad
School year 1991",
MIan AHmad ,https://www.facebook.com/mian.ahmad.7524,"Lives in Dublin, Ireland, From Faisalabad, Single, Male",,"BPP University London,United Kingdom",
Abdul Qayyum ,https://www.facebook.com/abdul.qayyum.565176,"From Faisalabad, Married, Male",,Government College University,
Faizan Ali ,https://www.facebook.com/faizan.ali.767234,,,,
Falak Shar ,https://www.facebook.com/falak.shar.7547,"Lives in Faisalabad, From Shah Faisalabad, Punjab, Pakistan, Male",,,Crescent Textile Mills
Ch Zia Rehman ,https://www.facebook.com/ch.zia.rehman.500519,"Lives in Faisalabad, From Faisalabad",,,"Own business
20 Apr 2022-present
 
 · 4 years, 5 months"
Mian Yasir Iqbal ,https://www.facebook.com/profile.php?id=100006880606450,"From Shah Faisalabad, Punjab, Pakistan, Male, English language",,,
M Naseem Parveez ,https://www.facebook.com/m.naseem.parveez,,,,
Shakil Ansary ,https://www.facebook.com/shakil.ansary.2025,"Lives in Faisalabad, From Faisalabad",,,
Qaisar Butt ,https://www.facebook.com/zks.butt.210249,,,,
Ganga Ahnid Shar ,https://www.facebook.com/ganga.ahnidshar,Male,,,
Rana Zabi Ullah Adv ,https://www.facebook.com/profile.php?id=100080161421458,"Lives in Faisalabad, From Faisalabad",,,"Criminal Lawyer
15 Jun 2022-present
 
 · 4 years, 3 months"
Moaz Ali ,https://www.facebook.com/moaz.ali.39545,"Lives in Islamabad, Pakistan, Single, Male",,,"Not Yet Working
Chairman
13 Oct 2013 - Present
 
 · 12 years, 11 months"
Adv Malik Zubair Sarwar ,https://www.facebook.com/zubair.sarwar.754,"Lives in Shah Faisalabad, Punjab, Pakistan, From Khurrianwala, Punjab, Pakistan, Single",,"UOL- City Campus
School year 2021",
Haji Khalid Mehmood ,https://www.facebook.com/HajiKhalid23,Female,,,
Ch Tariq Javaid ,https://www.facebook.com/chtariq.javaid.1,,,,
Akhtar Shah ,https://www.facebook.com/akhtar.shah.50,"Lives in Faisalabad, From Layyah, Punjab, Pakistan, 12 December 1976",,,"Shahryar's Restaurant & Banquet
Manager
Mar 1994 - Present
 
 · 32 years, 5 months"
Khawaja Adeel ,https://www.facebook.com/khawaja.adeel.878292,Lives in Faisalabad,,,
Qaisar Idrees ,https://www.facebook.com/profile.php?id=100005108209118,"Lives in Huddersfield, From Faisalabad, Married",,,"Qaisar idrees Agriculture farm 535
Agricultural farming
15 Jan 1992 - Present
 
 · 34 years, 8 months"
Muhammad Sshahzad ,https://www.facebook.com/profile.php?id=100008941869105,Lives in Faisalabad,,,
Amjad Javed ,https://www.facebook.com/amjad.javed.5473,,,,
Talha Mushtaq ,https://www.facebook.com/talha.mushtaq.796,"Lives in Faisalabad, From Faisalabad, 17 October",,KIPS College Faisalabad Jail Road Campus,
Ateeb Hashmi  (suleman),https://www.facebook.com/haduhadu.haduhadu,"Lives in Islamabad, Pakistan, From Okara, Pakistan, 27 September",,,
Rameez Hassan ,https://www.facebook.com/profile.php?id=100002473398563,"Lives in Faisalabad, Married
Since 31 December 2016, Male",,,Nothing
Ch A Wahid  (چوھدری واحد),https://www.facebook.com/ch.a.wahid.638265,"Lives in Lahore, Pakistan, From Lahore, Pakistan, Family
Hammad Rehman, Chaudhry Fahad Rehman and 1 other, , , ",,,
چوہدری احمد انصار ی ,https://www.facebook.com/ahmad.raza.837370,Lives in Faisalabad,,,"Add Work
9 Nov 2022 - Present
 
 · 3 years, 10 months"
Habib Ansari ,https://www.facebook.com/habibandari.habib,,,,
Amjad Ali Amjad ,https://www.facebook.com/amjadbrothers,"Lives in Shah Faisalabad, Punjab, Pakistan, From Shah Faisalabad, Punjab, Pakistan, Male",,,
Sajid Hussain ,https://www.facebook.com/R.Sajid.Hussain,"Lives in Faisalabad, From Khurrianwala, Punjab, Pakistan",,,
M Bilal ,https://www.facebook.com/m.bilal.165320,,,,
Ahmed Ali Zaidi ,https://www.facebook.com/ahmed.ali.zaidi.2025,"Lives in Faisalabad, From Faisalabad",,,
Haji Sarfraz Bashir ,https://www.facebook.com/sarfraz.sanjeeda,,,,
Rashad Gujjar ,https://www.facebook.com/profile.php?id=61554770384429,Lives in Faisalabad,,,
Mian Akbar ,https://www.facebook.com/mian.akbar.5682,"Lives in Faisalabad, From Faisalabad",,,
Imtiaz Wafa ,https://www.facebook.com/profile.php?id=100095116459469,,,,
Tajamal Salotra ,https://www.facebook.com/tajamal.salotra,,,,
Ansar Lovely Jutt ,https://www.facebook.com/profile.php?id=100085149947132,,,,
Niaz Ali Awan Pmln ,https://www.facebook.com/niazaliawan.pmln,Male,,,
Ahsan Ali Bukhari ,https://www.facebook.com/ahsan.bukhari.775,"Lives in Lahore, Pakistan, From Toba Tek Singh, Pakistan",,,
DC Gujjar ,https://www.facebook.com/profile.php?id=100041292200151,"Lives in Faisalabad, From Faisalabad",,,"University of Agriculture Faisalabad - Official
19 Jan 2020 - Present
 
 · 6 years, 8 months"
Pirnasir Abbas ,https://www.facebook.com/pirnasir.abbas,,,,
Faisal Sheikh ,https://www.facebook.com/profile.php?id=61555728174874,"From Islamabad, Pakistan, 31 May, Married, Male, English, Urdu, Pashtoo and Punjabi",,,"Infinix Mobile Pakistan
North
1 Jan 2026 - Present
 
 · 8 months"
Haji Arshad ,https://www.facebook.com/haji.arshad.360754,17 March 2000,,,
Zubair Zubair ,https://www.facebook.com/zubair.zubair.213651,Lives in Faisalabad,,,Facebook
Hafiz Shahzad ,https://www.facebook.com/shahzad.shahzad.545,"Lives in Faisalabad, From Faisalabad, Male",,,
Mian Umer ,https://www.facebook.com/mian.umer.1865,"Lives in Faisalabad, Male",,,
چوہدری حمزہ کرامت دیال ,https://www.facebook.com/ch.hamza.diyal.2025,"Lives in Faisalabad, From Chak Jhumra",,,"Transport, Diyal Brothers Crain,and Trala, service
Owner and CEO
On 15 May 2020
 
 · 6 years, 4 months"
Shahid Hanif Shahid Hanif ,https://www.facebook.com/shahidsoni.shahidsoni.9,"Lives in Lahore, Pakistan",,,
Tahir Mehmood ,https://www.facebook.com/tahir.mehmood.35993,"Lives in Sargodha, From Sargodha, Married",,"Department of Communication and Media Studies University of Sargodha
School year 2017",
مہریہ ڈیزائنگ اینڈ پرنٹنگ ,https://www.facebook.com/profile.php?id=100059022634978,"Lives in Faisalabad, From Faisalabad",,,"Faisalabad
5 Dec 2020-present
 
 · 5 years, 9 months"
Ali Prince ,https://www.facebook.com/profile.php?id=100094594908444,,,,
Imran Sattar Malik ,https://www.facebook.com/imran.sattar.malik,,,,
Sheraz Kakky Zai ,https://www.facebook.com/malik.shraz.71,"Lives in Shah Faisalabad, Punjab, Pakistan, From Faisalabad",,,Student
Hafiz Qasim Ali Rehan ,https://www.facebook.com/profile.php?id=61554957821247,17 February 1999,,,
Sarwar Hussain ,https://www.facebook.com/sarwar.husnain.5,,,,
Mirza Ahtisham Tahir ,https://www.facebook.com/profile.php?id=100069939044582,"Lives in Faisalabad, From Faisalabad",,,"Crown holding beverage company jeddah
Alhamdullia
On 6 May 2026
 
 · 4 months"
Faisal Shabbir Baloch ,https://www.facebook.com/profile.php?id=100077925717282,Single,,,
Zafar Iqbal Virk ,https://www.facebook.com/profile.php?id=100077432835619,Lives in Faisalabad,,,
Naveed Butt ,https://www.facebook.com/naveed.butt.1048554,Male,,,
Ali Fasialabadi ,https://www.facebook.com/ladla.ali.790256,"Lives in Faisalabad, Male",,,
Malik Jahangir ,https://www.facebook.com/malik.jahangir.5682,"Lives in Faisalabad, From Mianwali",,,
Babar Saleem ,https://www.facebook.com/profile.php?id=100086580140519,,,,
Adv Aneela Asim ,https://www.facebook.com/wafa.noor.94043,"Lives in Faisalabad, From Rawalpindi, Pakistan",,Bahauddin Zakariya University,
Muhammad Shabbir ,https://www.facebook.com/m.shabbi,"Lives in Faisalabad, From Faisalabad",,,
Rana Sajid ,https://www.facebook.com/rana.sajid.366810,,,,
Rashid Ali ,https://www.facebook.com/profile.php?id=100068835070397,,,,
Arshad Mahmood ,https://www.facebook.com/arshad.mahmood.909312,"Lives in Faisalabad, From Faisalabad",,,"District Courts, Faisalabad.
Ashtam Vendor
15 Jul 2020 - Present
 
 · 6 years, 2 months"
Ilyas Ilyas ,https://www.facebook.com/ilyas.ilyas.866038,,,,
Majid Shafiq ,https://www.facebook.com/majid.shafiq.748935,,,,
Haji Riaz Rehmani ,https://www.facebook.com/hajiriaz.rehmani.1,"Lives in Faisalabad, From Faisalabad, Male",,,Facebook
Ehsan Manghat ,https://www.facebook.com/ehsan.manghat,,,,
Jani Ji ,https://www.facebook.com/jani.ji.209514,,,,
Sajid Ali Chadhar ,https://www.facebook.com/sajid.ali.chadhar.640655,Lives in Chiniot,,,"Bank AL Habib Limited
11 Jan 2025 - Present
 
 · 1 year, 8 months"
Danial Butt ,https://www.facebook.com/butt.danial,Male,,,
Younas Nagra ,https://www.facebook.com/younasnagra1,"Lives in Faisalabad, From Faisalabad, Male",,,
Muhammad Rashid ,https://www.facebook.com/muhammad.rashid.443120,"Lives in Faisalabad, From Jaranwala, Male",,,"Rafhan Maize Products Co. Ltd
Operator"
Safdar Hussain ,https://www.facebook.com/profile.php?id=100089916589952,Lives in Chiniot,,,
Amir Bhatti ,https://www.facebook.com/amir.bhatti.397948,"Lives in Faisalabad, From Faisalabad",,,
Haji Rafique Rehmani ,https://www.facebook.com/haji.rafique.rehmani,"Lives in Jeddah, Saudi Arabia, From Jeddah, Saudi Arabia",,Allama Iqbal Open University,
Muhammad Zeeshan ,https://www.facebook.com/muhammad.zeeshan.336058,"Lives in Faisalabad, From Faisalabad, Male",,,
Muhammad Waseem Ali ,https://www.facebook.com/waseem.waseemali.77920,"Lives in Faisalabad, Male",,,
Adv Ahmad Raza Sandhu ,https://www.facebook.com/ahmed.sandhu007,"Lives in Faisalabad, From Faisalabad, Married",,,"Glasgow Matel Treading LLC
8 Mar 2017 - Present
 
 · 9 years, 6 months"
Mian Ahsan ,https://www.facebook.com/mian.ahsan.202,Lives in Faisalabad,,,
Rana Pola ,https://www.facebook.com/profile.php?id=100089349691635,"Lives in Faisalabad, 28 July 1997",,,
Hamid Gujjar Hamid Gujjar ,https://www.facebook.com/hamidgujjar.hamidgujjar.5454,Male,,,
HaFiz Umar Abdullah ,https://www.facebook.com/umar.3434,"Lives in Faisalabad, From Faisalabad",,islamiya college faisalabad,
Ahsan Farooq ,https://www.facebook.com/amjadlatif207,"Lives in Faisalabad, From Shah Faisalabad, Punjab, Pakistan, Family
Ahsan Farooq, , , Male",,,
Arif Habib Adv ,https://www.facebook.com/arifhabib.khan.3,"Lives in Lahore, Pakistan, From Abdul Hakim, Punjab, Pakistan",,,"Govt. Islamia College Civil Lines Lahore
6 Jul 2023 - Present
 
 · 3 years, 2 months"
Hussain Ali  (Hussain Ali),https://www.facebook.com/hussainali99,"Lives in Faisalabad, From Faisalabad, Male",,"Government College of Commerce, Faisalabad
1993 - 1996",
Ahmad Hassan ,https://www.facebook.com/profile.php?id=100066527042356,,,,
Zain Ul Abideen ,https://www.facebook.com/zain.rana.902,"From Faisalabad, 16 January, Male",,,
علی گوہر ,https://www.facebook.com/hafizgohar.ali.3,Male,,,
Ahmad Sebaat Qureshi ,https://www.facebook.com/asebaat,"Lives in Faisalabad, From Faisalabad, Married",,,Self-employed
Abdul Lateef ,https://www.facebook.com/abdul.lateef.207317,"Lives in Faisalabad, From Faisalabad, Male",,,"New Five Star Motors
Business Patnership.
2006 - Present
 
 · 20 years, 8 months"
Pmln Dir Upper ,https://www.facebook.com/profile.php?id=61555367425746,,,,
Hashim Riaz ,https://www.facebook.com/hashim.riaz.5811,,,,
Shahbaz Tariq ,https://www.facebook.com/profile.php?id=100013116613572,Male,,,
Hassan Cheema ,https://www.facebook.com/hassan.cheema.1644,"Lives in Lahore, Pakistan",,,
Sk Usafzi ,https://www.facebook.com/Skusafzi34,"Lives in Peshawar, Pakistan, From Islamabad, Pakistan, Urdu, English and Pashtoo",,,
Ghafar Malik ,https://www.facebook.com/profile.php?id=100074077565807,Lives in Bahawalpur,,,
Jahandur Durrani ,https://www.facebook.com/jahandur.khan,"Lives in Leicester, United Kingdom, From London, United Kingdom, Family
Zohaib Durrani and Munwar Sultana, , , ",,,"Platform Childcare
Direct Support Worker
Mar 2023 - Present
 
 · 3 years, 5 months"
Lubna Rehan Pirzada Pmln ,https://www.facebook.com/lubna.rehan.925,"Lives in Rawalpindi, Pakistan, From Rawalpindi, Pakistan, Female",,,"Rawalpindi, Pakistan
Secretary Information PMLN Women Wing City
8 Nov 2025 - Present
 
 · 10 months"
Muhammad Shahzad Khan ,https://www.facebook.com/muhammad.shahzad.khan.745226,Lives in Faisalabad,,,self work
AyyanRohan AyyanRohan ,https://www.facebook.com/ayyanrohan.ayyanrohan,Male,,,
Muhammad Naveed ,https://www.facebook.com/muhammad.naveed.504965,"Lives in Faisalabad, From Faisalabad, Engaged",,,"DigiSkills.pk
Graphic Designer/Production
8 Jan 2019-8 Mar 2019
 
 · 2 months"
Aftab Ahmed Joyia ,https://www.facebook.com/aftab.sonu.980,"Lives in Bahawalpur, From Hasilpur, Married to
Ayesha Ghouri
Since 23 May 2021",,,"Shaheen Mobiles
Mobile Shop
7 Apr 2020 - Present
 
 · 6 years, 5 months"
نواب خاور بھروانہ ,https://www.facebook.com/khawar.bharwana.1,"Lives in Jhang City, Punjab, Pakistan",,,"Zimidara De Pind
19 Oct 2015-present
 
 · 10 years, 11 months"
Asif Ali Sandhu  (Sandhu),https://www.facebook.com/asifalisandhu390,"Lives in Vehari, From Vihari, 15 February",,,"PML(N)
26 Sep 2011-present
 
 · 15 years"
Rai Imran ,https://www.facebook.com/rai.imran.645115,"Lives in Faisalabad, From Lahore, Pakistan",,,
Rana Shahid ,https://www.facebook.com/profile.php?id=100013010834991,,,,
Asif Nadeem Malik ,https://www.facebook.com/asifnadeem.malik.1,"Lives in Faisalabad, Male",,Government Muslim High School,
Ahmad Naveed ,https://www.facebook.com/drahmad.naveed,"Family
Shoaib Irfan, , , Male",,,"Punjab Dental Hospital Lahore/De'Montmorency College of dentistry
Doctor"
Muhammah Lateef ,https://www.facebook.com/muhammah.lateef.3,"From Faisalabad, 1 January 1992",,,Facebook
Umar Chudhary ,https://www.facebook.com/mian.umar.526875,"Lives in Faisalabad, From Faisalabad, Married
Since 15 February 2020, Male",,,"Faisalabad
26 Nov 2021 - Present
 
 · 4 years, 10 months"
Muhammad Ali Tanha Malik ,https://www.facebook.com/muhammad.ali.tanha.malik,,,,
Mian Adeel Javed ,https://www.facebook.com/mian.adeel.125,"Lives in Faisalabad, From Faisalabad",,,"AB Enterprises
CEO
1 Jul 2019 - Present
 
 · 7 years, 2 months"
Babar Ali ,https://www.facebook.com/rana.salamat.9615,Male,,,
Maher Kalimullah ,https://www.facebook.com/profile.php?id=100070308920554,,,,
Shazia Sultana Butt ,https://www.facebook.com/shaziasultana.butt.3,"Lives in Islamabad, From Islamabad, 2 October 1974",,,PML(N)
Maulana Muhammad Ali Rana ,https://www.facebook.com/profile.php?id=100069656961582,,,,
Imran Malik ,https://www.facebook.com/imran.malik.304872,"Lives in Faisalabad, From Faisalabad, Single",,Government College University,
Shehryar Ramzan ,https://www.facebook.com/shahryar.ramzan.12,,,,
Shoaib Malik ,https://www.facebook.com/profile.php?id=100022420659093,,,,
Muhamamad Bilal ,https://www.facebook.com/muhamamad.bilal.98,"Lives in Faisalabad, From Faisalabad, Single",,,"Punjab police Faisalabad
PSA"
Ch Hasnain Zahid Sandhu  (Advocate High Court),https://www.facebook.com/chaudhary.h.jutt,"Lives in Faisalabad, From Faisalabad",,,
Muhammad Osama Mehr ,https://www.facebook.com/osama.salman.923,"Lives in Faisalabad, From Faisalabad, It's complicated, Male, English language, Urdu and Punjabi language",,Sandal College Faisalabad,
Ashfaq Jutt Ashfaq Jutt ,https://www.facebook.com/ashfaqjutt.ashfaqjutt.12,"Lives in Faisalabad, From Faisalabad, Male",,Punjab Group Of Colleges,
M S Malik ,https://www.facebook.com/m.s.malik.784407,,,,
Rana Adnan ,https://www.facebook.com/adnan.rana.319,"Lives in Dubai, United Arab Emirates, From Faisalabad, 26 August 1989",,green dots,
Usman Ansari ,https://www.facebook.com/profile.php?id=100066991669095,,,,
Malik Abdullah ,https://www.facebook.com/profile.php?id=100079244253575,25 December 2002,,,
Muhammad Pervaiz ,https://www.facebook.com/muhammad.pervaiz.844485,"Lives in Faisalabad, From Baghdad, Iraq, Married, Male",,,"Masood Textile Mills Ltd. Faisalabad,Punjab,Pakistan
Deputy Manager Administration
2016 - Present
 
 · 10 years, 8 months"
Saqib Rai ,https://www.facebook.com/doli.tariq,"Lives in Faisalabad, From Gaffney, South Carolina, Male",,,"HomeNet Pakistan
Coordinator"
Zeeshan Malik ,https://www.facebook.com/profile.php?id=100027934179432,"Lives in Faisalabad, From Faisalabad",,,
Malik Tanveer ,https://www.facebook.com/malik.tanveer.114061,,,,
Mudassar Kahloon ,https://www.facebook.com/mudassar.kahloon.98,"Lives in Faisalabad, From Chak Jhumra",,,
Muhammad Mustafa ,https://www.facebook.com/muhammad.mustafa.340309,,,,
Irfan Ali ,https://www.facebook.com/irfan.ali.727011,,,,
Karamat Ali ,https://www.facebook.com/karamat.ali.35325,"Lives in Faisalabad, From Faisalabad",,,"Pakistan Stock Exchange Traders
Jan 2021 - Present
 
 · 5 years, 8 months"
DC Malik ,https://www.facebook.com/dc.malik.352979,,,,
Shamas Jawed ,https://www.facebook.com/shamas.jawed.2025,"Lives in Lahore, Pakistan, 7 December 1993",,,
Rana Mujahid Rana Shahid ,https://www.facebook.com/rana.mujahid.rana.shahid,"8 January 1989, Male",,,
Farhan Shk ,https://www.facebook.com/farhan.shk.5817,,,,
Sajjad Ali Ali ,https://www.facebook.com/profile.php?id=100063828567120,Lives in Faisalabad,,,
Haji Aslam Haji Aslam ,https://www.facebook.com/hajiaslam.hajiaslam.18007,,,,
Mian Talha ,https://www.facebook.com/mian.talha.806270,,,,
Aashir Nazir ,https://www.facebook.com/profile.php?id=100007460251947,"Lives in Faisalabad, Male",,,
Ramzan Ul Hassan Umair ,https://www.facebook.com/ramzanulhassan.umair,"Lives in Shorkot, From Kakki Nau, Punjab, Pakistan, Single",,Govt digree college shorkot city,
Amir Abbas Sabana ,https://www.facebook.com/amir.abbas.sabana,,,,
Malik Shah Rukh Adv ,https://www.facebook.com/malik.shahrukh.737,"Lives in Faisalabad, From Faisalabad",,,
Rauf Awan ,https://www.facebook.com/profile.php?id=61554238738243,,,,
Hamza Nadeem Butt ,https://www.facebook.com/HamzaNadeemButt65,"Lives in Sultanah, Al Madinah, Saudi Arabia, From Guj, Punjab, Pakistan, 30 March 2000",,‎Islamic University of Madinah الجامعة الإسلامية بالمدينة المنورة‎,
Waqas Khokhar  (Kashi),https://www.facebook.com/waqas.khokhar.927636,"Lives in Islamabad, From Islamabad, Pakistan, Single",,,Property Specialist
Mian Muhammad Saleem ,https://www.facebook.com/mianmuhammad.saleem.5,"Lives in Lahore, Pakistan, From Faisalabad",,,
Sheikh Mushtaq ,https://www.facebook.com/hira.quilts.3,,,,
Rana Akhlaq ,https://www.facebook.com/rana.akhlaq.1213,,,,
Adnan Waris ,https://www.facebook.com/adnan.waris.58910,,,,
Asif Ansari ,https://www.facebook.com/asif.javid.3348,Lives in Faisalabad,,,Facebook
Tahir Thekdar ,https://www.facebook.com/tahir.thekdar,,,,
Mumtaz Malik ,https://www.facebook.com/mumtaz.malik.862398,"Lives in Lahore, Pakistan",,,
Saleem Gujjar ,https://www.facebook.com/saleem.gujjar.121706,,,,
Rana Zahid ,https://www.facebook.com/ranazahid.ranazahid.39,"Lives in Faisalabad, From London, United Kingdom, Male",,,Faisalabad
پاکستانی مارخور ,https://www.facebook.com/pakstany.markhwr,"Lives in Karachi, Pakistan, From Multan",,,
Muhmmad Imran Muhmmad Imran ,https://www.facebook.com/muhmmad.imran.muhmmad.imran.747638,"Lives in Faisalabad, From Faisalabad, Male",,,Faisalabad
Munawar Hussain ,https://www.facebook.com/profile.php?id=100010737429254,"Lives in Chiniot, Male",,govt high school chiniot,
Sikandar Tiwana ,https://www.facebook.com/maliksikandar.khantiwana,From Faisalabad,,,
Mukhtar Ali ,https://www.facebook.com/mukhtar.ali.7982,"Lives in Jhang Sadar, Punjab, Pakistan, From Lahore, Pakistan, Male",,,
Zee Views ,https://www.facebook.com/zee.views.663179,"Lives in Riyadh, Saudi Arabia, 21 April, Married",,,"Riyadh, Saudi Arabia"
Amir Shahzad ,https://www.facebook.com/profile.php?id=100073870924535,,,,
Ch Aamir Gujjar ,https://www.facebook.com/ch.aamir.gujjar.153647,,,,
Qaiser Abbas Thaheem ,https://www.facebook.com/qaiser.abbas.thaheem,"From Shah Faisalabad, Punjab, Pakistan",,,
Mian Nasir Mian Nasir ,https://www.facebook.com/miannasir.miannasir.3110,,,,
Nadeem King ,https://www.facebook.com/profile.php?id=100083011329910,,,,"Faisal abad
7 Jun 2023 - Present
 
 · 3 years, 3 months"
Sheikhhabib Sheikh ,https://www.facebook.com/sheikhhabib.sheikh.92,"Lives in Faisalabad, From Faisalabad, Male",,,
Malik Kala ,https://www.facebook.com/malik.kala.528469,,,,
Shaukat Gill ,https://www.facebook.com/shaukat.gill.986,"Lives in Multan, From Abdul Hakim, Punjab, Pakistan, 1 June 1974",,,
Syed Gulfam ,https://www.facebook.com/syed.gulfam.826036,8 June 1996,,,
Aashlq Aashlq Khan ,https://www.facebook.com/aashlq.aashlqkhan.94,,,,
Muhmmad Bilal Ali ,https://www.facebook.com/muhmmad.bilalali.73,,,,
Hafiz Umais Ahmad ,https://www.facebook.com/hafizumais.ahmad,"Lives in Lahore, Pakistan, From Lahore, Pakistan",,,
Muhammad Asif ,https://www.facebook.com/muhammad.asif.633555,"Lives in Lahore, Pakistan, From Sargodha",,,
Adv Malik Hamza Yousaf ,https://www.facebook.com/adv.malik.hamza.yousaf,"Lives in Faisalabad, From Faisalabad, 7 December",,,"District Bar Association Faisalabad
Lawyer
7 Dec 2025 - Present
 
 · 9 months"
Pmln Force ,https://www.facebook.com/profile.php?id=100009312882485,Male,,,
Syed Akhter Ali ,https://www.facebook.com/profile.php?id=100012105707466,Male,,,
Mirza UmAr ,https://www.facebook.com/mirza.umar.164504,From Faisalabad,,,"Tahir Real Estate
Real Estate
29 Sep 2022 - Present
 
 · 4 years"
Muhammad Sheraz ,https://www.facebook.com/muhammad.sheraz.92107,"Lives in Faisalabad, From Faisalabad",,Punjab Group Of Colleges,
Chishti Salman Chishti ,https://www.facebook.com/chishti.salman.chishti,Lives in Tandlianwala,,,
Shabbir Hussain ,https://www.facebook.com/shabbir.hussain.994902,"Lives in Faisalabad, From Faisalabad, 3 February 1973",,,Self-employed
Bahawal Sherwattoo Zaman Wattoo ,https://www.facebook.com/bahawal.sherwattoo.zaman.wattoo,,,,
Malik Imran ,https://www.facebook.com/profile.php?id=61555305430482,Lives in Faisalabad,,,
Naveed Shahzad ,https://www.facebook.com/profile.php?id=100090278604204,16 January 1995,,,
Falak Sheir ,https://www.facebook.com/falak.sheir.528963,,,,
Hafiz Ahmad Ali ,https://www.facebook.com/hafizahmad.ali.984,"Lives in Faisalabad, From Lahore, Pakistan",,,Facebook
Noman Ashfaq ,https://www.facebook.com/noman.ashfaq.90834,"Lives in Chiniot, From Chiniot",,,"Chiniot
16 Oct 2020 - Present
 
 · 5 years, 11 months"
Waseem Akram ,https://www.facebook.com/profile.php?id=100077355424742,,,,
Irshad Hussain ,https://www.facebook.com/profile.php?id=100066827452509,,,,
Muhammad Babur Neko ,https://www.facebook.com/muhammad.babur.33,"Lives in Toba Tek Singh, Pakistan, From Toba Tek Singh, Pakistan",,,
Malik Basharat Awan Awan ,https://www.facebook.com/malikbasharatawan.awan.1,Lives in Faisalabad,,,
Junaid Hassan ,https://www.facebook.com/ghulammuhoydin3,"Lives in Jaranwala, From Jaranwala",,,
Mian Atta Ullah ,https://www.facebook.com/mian.a.ullah.33,"Lives in Shah Faisalabad, Punjab, Pakistan",,,"Businessman
25 May 2021 - Present
 
 · 5 years, 4 months"
Kamran Ali ,https://www.facebook.com/profile.php?id=100043482907332,,,,
Malik Zain ,https://www.facebook.com/malik.zain.187238,15 January 2005,,,
Mahmood Iqbal Mahmood Iqbal ,https://www.facebook.com/mahmoodsb.mahmoodsb.1,,,,
Shakeel Jatt  (Shakeel Ahmad),https://www.facebook.com/shakeel.khurshid.7,"Lives in Faisalabad, From Faisalabad, Male",,"GC University, Faisalabad, Pakistan
In 2016",
Asghar Javaid ,https://www.facebook.com/asghar.javaid.2025,"Lives in Faisalabad, From Faisalabad",,,
M Suleman ,https://www.facebook.com/profile.php?id=100091897790460,,,,
Gohar Abbas Waseer ,https://www.facebook.com/gohar.abbas.waseer,"Lives in Jaranwala, From Jaranwala, Single",,,"Cricketer's
28 Nov 2024 - Present
 
 · 1 year, 10 months"
Imran Ali Mani ,https://www.facebook.com/hum.safar.965928,"Lives in Faisalabad, 4 December 1983, Male",,,"Marketing Agent
11 Dec 2022-present
 
 · 3 years, 9 months"
Rana Fari ,https://www.facebook.com/rana.fari,,,,
Pmln Affection ,https://www.facebook.com/M.NasirIqbalDK,Male,,,
Shahzad Elahi  (Journalist),https://www.facebook.com/selahi3,"Lives in Islamabad, From Faisalabad, 11 June",,,"Daily Jang
News Editor (Sargodha Desk)
13 years, 4 months"
Javed Hasrat ,https://www.facebook.com/javed.hasrat.2025,,,,
Shahid Mehmood Gill  (Advocate ),https://www.facebook.com/shahid.mehmood.35380399,"From Faisalabad, Male",,,"District &Sessions Court Faisalabad
26 Dec 2017 - Present
 
 · 8 years, 9 months"
Malik Saif  (Safi),https://www.facebook.com/malik.sahil.73157,"Lives in Faisalabad, From Faisalabad, Single",,,Studying
Sajjad Gujjar ,https://www.facebook.com/sajjad.gujjar.90281943,"Lives in Lahore, Pakistan, From Lahore, Pakistan, Male",,,"Lahore Pakistan
Businessperson"
Dil Jaan ,https://www.facebook.com/dil.jaan.961057,,,,
Khalid Mehmood Khalid Mehmood ,https://www.facebook.com/khalidmehmood.khalidmehmood.9041083,"Lives in Lahore, Pakistan, Engaged",,,
Rana M Nawaz Khan ,https://www.facebook.com/rana.m.nawaz.khan,"Lives in Las Vegas, Nevada, From Faisalabad, Married",,GC University Faisalabad,
Tariq Jatt ,https://www.facebook.com/tariq.jatt.200001,"Lives in Islamabad, From Faisalabad, Male",,,"Pizzano, Veneto, Italy"
Rana Faisal ,https://www.facebook.com/rana.faisal.914425,"Lives in Faisalabad, 12 November 1992, Male",,Govt Technical High School Faisalabad,
Zubair Zubair ,https://www.facebook.com/zubair.zubair.842757,,,Allama Iqbal Open University,
Ahtsham Chattha ,https://www.facebook.com/profile.php?id=100083889600021,,,,
Bawa Malik ,https://www.facebook.com/bawa.malik.732918,,,,
Irfan Hashmi ,https://www.facebook.com/irfan.hashmi.35,"Lives in Lahore, Pakistan, From Islamabad, Pakistan, Single, Male, Punjabi language, English language and Urdu",,,"LAHORE CHAMBER OF COMERCE & INDUSTRY
Asociate Member
Mar 2014-present
 
 · 12 years, 6 months"
Rai Asad Kharal ,https://www.facebook.com/profile.php?id=100094263483035,"Lives in Faisalabad, From Faisalabad",,,
Nadeem Asif Nadeem Asif ,https://www.facebook.com/nadeemasif.nadeemasif.505,,,,
Ali Abbas Khan ,https://www.facebook.com/profile.php?id=100005276592426,"Lives in Faisalabad, Male",,,
Saeed Saeed ,https://www.facebook.com/saeed.saeed.824388,,,,
Mian Muhammad Naeem Ansari ,https://www.facebook.com/mian.muhammad.naeem.ansari.2025,"Lives in Kasur, From Kasur",,Punjab Kings,
Amin Amine ,https://www.facebook.com/profile.php?id=100059649392105,,,,
Adnan Hadir ,https://www.facebook.com/profile.php?id=61554449797346,,,,
Adv Farid Gul  (Ghulam Farid),https://www.facebook.com/farid.ali.714,"Lives in Faisalabad, From Faisalabad, Male, Urdu and English",,"Bahauddin Zakariya University
School year 2021",
Malik Ghazanfar Awan ,https://www.facebook.com/Sadaelahorenews.official,,,,
Adeel Jan ,https://www.facebook.com/sana.jaan.5477,"Lives in Lahore, Pakistan, From Faisalabad, Male",,,Facebook
Malik Asif ,https://www.facebook.com/profile.php?id=100014722959383,Male,,,
Gul Zaman Khan ,https://www.facebook.com/gul.zaman.khan.442893,,,,
Honey Prince ,https://www.facebook.com/honey.prince.556922,From Faisalabad,,,"♡
Facebook vip account
♡::::: Verifying :::::: loading::: 100%:::::::《《《 original Facebook vip account》》》》:::::of jeshmin::::read the profile carefully:::::
★"
Usman Jutt ,https://www.facebook.com/profile.php?id=100093119154976,"Lives in Faisalabad, Single",,,
Muhammad Tayyab Ansari ,https://www.facebook.com/tayyab.ansari.9699523,"From Faisalabad, Male",,University Of Central Punjab,
چوھدری طاھر ,https://www.facebook.com/profile.php?id=100090307035681,"Lives in Lahore, Pakistan, From New York, New York, Single",,,
Farukh Shehzad ,https://www.facebook.com/farukh.farukh.18007218,Male,,,
M Akram ,https://www.facebook.com/m.akram.788448,,,,
Manzoor Sabri ,https://www.facebook.com/manzoor.sabri.357,Lives in Faisalabad,,,
Shahbazi Awan ,https://www.facebook.com/shahbazi.awan.2025,,,,
Ramzan Ali ,https://www.facebook.com/profile.php?id=100082956226821,1 June 2003,,,
AdNan Husnain ,https://www.facebook.com/Adenmalik786,"Lives in Rawalpindi, Pakistan, From Sargodha, 12 August",,,"Rawalpindi islamabad Districts courts
Lawyer
18 Oct 2017 - Present
 
 · 8 years, 11 months"
Muhammad Maqbool ,https://www.facebook.com/muhammad.maqbool.425135,,,,
Umar Majeed ,https://www.facebook.com/profile.php?id=61554476554532,31 January 2000,,,
Sher Khan ,https://www.facebook.com/sher.khan.830608,,,,
Umer Farooq Umer ,https://www.facebook.com/umerfarooq.umer.359,"Lives in Faisalabad, From Faisalabad, Male",,,
Haji Awais Rehmani ,https://www.facebook.com/hajiawais.rehmani,,,,
Rashid Mehamood ,https://www.facebook.com/rashid.mehamood.605045,,,,
Hamza Butt ,https://www.facebook.com/hamza.butt.873448,Lives in Faisalabad,,,
Iffii Chaudhray Iffii ,https://www.facebook.com/iffiichaudhray.iffii,"Lives in Lahore, Pakistan, From Lahore, Pakistan, Single",,,"Facebook
اے اللہ مجھے صبر دے الہی امین
On 6 Mar 2020"
Sardar Ahsen Farooq Karlal ,https://www.facebook.com/sardar.ahsen.farooq.karlal,"Lives in Rawalpindi, Pakistan, From Abbottabad, Married",,,
Aziz Ahmed ,https://www.facebook.com/aziz.ahmed.750907,"Lives in Lahore, Pakistan",,,
Tariq Jakhar ,https://www.facebook.com/tariq.jakhar.666651,,,,
CH Qamar CH Qamar ,https://www.facebook.com/chqamar.chqamar.56863,"Lives in Lahore, Pakistan",,,
Faisal Aslam ,https://www.facebook.com/faisal.aslam.98434997,"Lives in Faisalabad, From Faisalabad, Married",,,
Ga Ga ,https://www.facebook.com/ga.ga.407985,,,,
Rashid Rashid Mahe ,https://www.facebook.com/rashid.rashidmahe,"Lives in Khurrianwala, Punjab, Pakistan, From Khurrianwala, Punjab, Pakistan, Separated, Family
3 family members, , , , , Male",,,"Labour
2021 - Present
 
 · 5 years, 8 months"
Zulfiqar Habib ,https://www.facebook.com/zulfiqar.habib.54,Male,,,
Mirza Nazir Baig ,https://www.facebook.com/mirza.nazir.baig,"Lives in Islamabad, From Gujrat, Male, Punjabi language",,,"Govt. Employee
Engineer"
Abbas Ali ,https://www.facebook.com/profile.php?id=100005953091987,"Lives in Karachi, Pakistan, From Faisalabad, Male",,,Faisalabad
Rana Hassan Ali Minhas ,https://www.facebook.com/RanahassanalimanhasPti,"Lives in Faisalabad, From Faisalabad, 28 December 2001",,,
Tariq Bhatti  (official Account ),https://www.facebook.com/tariq.bhatti.349082,"Lives in Okara, Pakistan, From Lahore, Pakistan, Married",,,
Faisal Jutt Jutt ,https://www.facebook.com/faisaljutt.jutt.3950,"Lives in Faisalabad, From Shah Faisalabad, Punjab, Pakistan",,,Faisalabad
Hassan Raza ,https://www.facebook.com/Hassanraza329,Lives in Faisalabad,,,
Faqeer Muhammad Gujjar ,https://www.facebook.com/faqeermuhammad.gujjar.9,,,,
Manzoor Elahi Manzoor Elahi ,https://www.facebook.com/manzoorelahi.manzoorelahi.14,"15 December 1975, Male",,,
Sarfaraz Butt ,https://www.facebook.com/sarfaraz.butt.231289,"Lives in Faisalabad, From Faisalabad",,,
M Adnan Rashid ,https://www.facebook.com/hammad.rasheed.3956,,,,
Rana Naeem ,https://www.facebook.com/rana.naeem.997121,,,,
Muhammad Nadeem Saleem ,https://www.facebook.com/NadeemSaleem1035,"Lives in Faisalabad, Male",,,"Agriculture Department
21 Apr 2022 - Present
 
 · 4 years, 5 months"
Khalid Mahmood ,https://www.facebook.com/profile.php?id=100008752801925,,,,
اویس بلال بھُلر ,https://www.facebook.com/awais.bilal.359,"Lives in Islamabad, Pakistan, From Sargodha, 5 November 1985",,,"Capital Territory Police
Police officer
21 years, 8 months"
Muhammad Aslam ,https://www.facebook.com/ch.aslam.16121,"Lives in Shah Faisalabad, Punjab, Pakistan, From Faisalabad, Male",,,"Job in Metro
First Assistant Camera
2016 - Present
 
 · 10 years, 8 months"
Abdul Hafeez ,https://www.facebook.com/abdul.hafeez.811848,Male,,,
Amar Saeed ,https://www.facebook.com/amar.saeed.71,"Lives in Faisalabad, From Lahore, Pakistan",,,
Mohammad Bilal ,https://www.facebook.com/profile.php?id=100006334234035,"Lives in Shah Faisalabad, Punjab, Pakistan, From Shah Faisalabad, Punjab, Pakistan, In an open relationship",,,"MTH madina teaching hospital
Operating room technician
8 Jul 2017 - Present
 
 · 9 years, 2 months"
Mujahid AnSari ,https://www.facebook.com/mujahid.hameed.313,"Lives in Faisalabad, From Faisalabad, 1998, Male",,,"A A sizing
Mánagers"
M Sufiyan Sufiyan ,https://www.facebook.com/m.sufiyan.sufiyan.257035,,,,
Mian Sahib ,https://www.facebook.com/profile.php?id=100014906837545,Male,,,
Ali Sheikh ,https://www.facebook.com/aligoreja,"Male, English language, Urdu and Punjabi language",,,
Hanif Habib ,https://www.facebook.com/hanif.habib.50,"From Bangkok, Thailand",,,
Azeem Kaka ,https://www.facebook.com/azeem.kaka.385343,26 April 1992,,,
Ghaffar Mughal ,https://www.facebook.com/profile.php?id=61555550042733,,,,
Rana Naveed Saeed ,https://www.facebook.com/rananaveed.saeed.5,,,,
Malik Imran ,https://www.facebook.com/malik.imran.69618,1 January 1987,,,
Sabar Hussain Ghulam Sarwar ,https://www.facebook.com/sabarhussain.ghulamsarwar,,,,
Ameer Hamza Shamshad ,https://www.facebook.com/ameer.hamza.shamshad.2025,,,,
Adnan Javed Mughal ,https://www.facebook.com/adnan.javed.33449,"5 January 1981, Male",,,
Javed Jutt ,https://www.facebook.com/javed.jutt.2953,,,,
Ch Abubakar Randhawa ,https://www.facebook.com/ABUBAKAR.RANDHAWA.72,,,,
Asghar Ali ,https://www.facebook.com/asghar.ali.762135,3 November 1999,,,
Muhammad Aamir  (Raja M Aamir Janjua),https://www.facebook.com/muhammad.aamir.1706,,,,
Imran Mughal ,https://www.facebook.com/profile.php?id=100020571757629,"Lives in Faisalabad, From Faisalabad, Male",,,
Shakoor Dogar ,https://www.facebook.com/profile.php?id=100007965453262,,,,
Irfan Mehmood Irfan Mehmood ,https://www.facebook.com/irfanmehmood.irfanmehmood.589,"Lives in Faisalabad, From Faisalabad, Male",,,Self-employed
Ikram Ul Haq ,https://www.facebook.com/profile.php?id=100077318198204,Lives in Islamabad,,,"Scot Mann Pharmaceutical
Area Sales Maneger
5 Feb 2022-present
 
 · 4 years, 7 months"
Nadeem Ali ,https://www.facebook.com/nadeem.ali.883387,,,,
Shahzad Mahboob ,https://www.facebook.com/shahzad.mahboob,,,,
Imran Imran ,https://www.facebook.com/imran.imran.838171,"Lives in Faisalabad, From Faisalabad, Male",,,
Ayyan Abbas ,https://www.facebook.com/ZaheerAbbasPakistanZindabad,Lives in Multan,,,
محسن علی ,https://www.facebook.com/mhsn.ly.610768,,,,
Akram Sandhu ,https://www.facebook.com/akram.sandhu.573789,"Lives in Faisalabad, Male",,Govt M.A.O College Lahore,
Abdul Ghaffar ,https://www.facebook.com/abdul.ghaffar.741227,,,,
Rana Naeem ,https://www.facebook.com/rana.naeem.96651,"Lives in Sargodha, From Sargodha, Married
Since 6 February 2023",,,"PML(N)
19 Mar 2021-present
 
 · 5 years, 6 months"
Tuyyab Jutt ,https://www.facebook.com/tuyyab.jutt.21703,,,,
Naveed Khokhar ,https://www.facebook.com/naveed.khokhar.58958343,,,,
Qadeer Butt ,https://www.facebook.com/qadeer.butt.867023,"Lives in Islamabad, Pakistan, From Rawalpindi, Pakistan",,,
Lala Yousaf ,https://www.facebook.com/lala.yousaf,"Lives in Faisalabad, From Faisalabad, Married
Since 16 October 2016",,,Facebook
Dilbar Kasur  (Dilbar Khan),https://www.facebook.com/dilbar.kasur,"Lives in Karachi, Pakistan, Male",,,"Fast Chem Technologies Pvt Ltd
Lahore
11 Jul 2015 - Present
 
 · 11 years, 2 months"
Imran Khan ,https://www.facebook.com/imran.khan.126749,Lives in Kasur,,,‎سبزی منڈی الہ آباد‎
Safdar Baloch ,https://www.facebook.com/profile.php?id=100084929652304,,,,
Azan Ahmad Azan Ahmad ,https://www.facebook.com/azanahmad.azanahmad.3762,,,,
Tahir Amanat ,https://www.facebook.com/tahir.amanat.54,Male,,,
Muhammad Shahid Nadeem ,https://www.facebook.com/msnadeem1,"Lives in Manchester, United Kingdom, From Toba Tek Singh, Pakistan, 15 September 1982",,"Huddersfield Business School, University of Huddersfield
School year 2007",
Asrar Ayub Asrar Ayub ,https://www.facebook.com/asrar.ayub.asrar.ayub,"Lives in Faisalabad, From Faisalabad, 15 December 1992",,,
Umair Umair ,https://www.facebook.com/umair.umair.971,,,,
Greeb Munda ,https://www.facebook.com/greeb.munda.3,Male,,,
M Abbas ,https://www.facebook.com/m.abbas.252954,Lives in Faisalabad,,,
Hafiz Abrar Tabish ,https://www.facebook.com/hafiz.abrar.tabish.2025,"Lives in Chiniot, From Chiniot, Married",,,NAAT Khwani
Saqab Ali ,https://www.facebook.com/profile.php?id=100043292588756,"Lives in Faisalabad, From Faisalabad",,,Self-employed
Usman Khalid ,https://www.facebook.com/usman.khalid.789074,"Lives in Faisalabad, From Faisalabad, Male",,,
Asim Jutt ,https://www.facebook.com/asim.jutt.123276,Male,,Punjab Group Of Colleges,
Muhammad Saad ,https://www.facebook.com/profile.php?id=100004241803081,"Lives in Glasgow, United Kingdom, From Faisalabad, 7 February 1995, Single, Male, Urdu, Punjabi language and English language",,,"‎Lhcba - Lahore High Court Bar ہائی کورٹ بار لاھور‎
Advocate
20 Jul 2020 - Present
 
 · 6 years, 2 months"
Hamza Talha ,https://www.facebook.com/profile.php?id=61552625364874,,,,
Mian Usman ,https://www.facebook.com/profile.php?id=100008064933637,"4 February 1997, Male",,,"punjab colage
Punjab group of colge"
Ehtisham Malik ,https://www.facebook.com/ehtisham.malik.39,"Lives in Faisalabad, From London, United Kingdom, Single, Male",,University of Oxford,
Adv Malik Shahzaib Awan ,https://www.facebook.com/adv.malik.shahzaib.awan,"Lives in Lahore, Pakistan, From Lahore, Pakistan, 19 August 2000, Single",,Islami Jamiat e Talba-PULC,
Sweeto Usman ,https://www.facebook.com/profile.php?id=100087136645827,"Lives in Faisalabad, From Faisalabad, Married
Since 25 November 2023",,,2C Photography and Movie
Raza Waqas Raza ,https://www.facebook.com/raza.waqas.raza.2025,"Lives in Dubai, United Arab Emirates",,,
Ali Ali AwAn ,https://www.facebook.com/profile.php?id=61550033324709,"Lives in Faisalabad, 17 October 2002",,,"Study
2 Aug 2023 - Present
 
 · 3 years, 1 month"
Abid Bhatti ,https://www.facebook.com/abid.bhatti.71271,Lives in Samarinda,,,
Sunny Ssg Commando ,https://www.facebook.com/sunny.alvi.35,From Faisalabad,,,
Adv Husnain Jatta ,https://www.facebook.com/husnain.jatta.3,"Lives in Faisalabad, From Faisalabad, 31 July 1996",,,"Advocacy at District Courts, Faisalabad"
Naeem Javed Naeem Javed ,https://www.facebook.com/profile.php?id=100081031622929,,,,
Nazeer Ahmed ,https://www.facebook.com/nazeer.ahmed.994177,,,,
Ahsaan Malik ,https://www.facebook.com/profile.php?id=100083694105205,,,Punjab College,
Hafiz Rashid ,https://www.facebook.com/hafiz.rashid.772114,,,,
Hassan Raza ,https://www.facebook.com/hassan.raza.288133,,,,
Sheikh Nadeem Ali Azeem ,https://www.facebook.com/profile.php?id=100077288300650,"Lives in Sheikhupura, From Safdarabad, Esfahan, Iran",,punjab collage sheikhupura,
Ya Ali Madad Ali ,https://www.facebook.com/ya.ali.madad.ali.166117,,,,
Muhammad Numan ,https://www.facebook.com/profile.php?id=100089881701061,,,,
Abdul Rehman ,https://www.facebook.com/abdul.rehman.773156,"Lives in Faisalabad, From Faisalabad",,,Facebook
Sajid Bhai ,https://www.facebook.com/sajid.bhai.256548,,,,
Amir Balal ,https://www.facebook.com/amir.balal.102,,,,
Shafiq Khalid ,https://www.facebook.com/DrShafiqKhalid,"Lives in Valencia, From Gujranwala, Pakistan, Married",,,"K Caring Nursing Agency, Reading
Nurse"
Abdullah Abdu ,https://www.facebook.com/abdullah.abdu.241278,"Lives in Lahore, Pakistan, From Lahore, Pakistan, Married to
Ruhaab Arsal
Since 12 August 2015",,,
Abdullah Tariq Baig ,https://www.facebook.com/profile.php?id=100009069534858,"Lives in Lefkosa, Nicosia, Cyprus, From Faisalabad",,,Cyprus Constructions
Sh Umar Sh Umar ,https://www.facebook.com/shumar.shumar.73,,,,
Arshad Khan ,https://www.facebook.com/arshad.khan.77341,"Lives in Karachi, Pakistan, From Karachi, Pakistan",,,
Syed Jawad Ali Shah  (پٹواری),https://www.facebook.com/Imran6628939,"Lives in Islamabad, Pakistan, From Mardan Cantonment, Khyber Pakhtunkhwa, Pakistan, Single",,,"Troll days - The Timeliners
Owner"
Munawar Malik ,https://www.facebook.com/munawar.malik.7186,Lives in Faisalabad,,,
Bilal Khokhar ,https://www.facebook.com/bilal.khokhar.290300,,,,
Ch Hamid Dhillon ,https://www.facebook.com/jutt.jutt.73744,"Lives in Islamabad, Pakistan, From Faisalabad",,,
سردار تجمل سدوزئی ,https://www.facebook.com/profile.php?id=61551837256845,Single,,,
Fateh Sher Baghaila Adv ,https://www.facebook.com/fateh.sherbaghailaadv,,,Govt MC high school kamalia,
Ali Jut ,https://www.facebook.com/ali.jut.5454021,,,,
Syed Nade Ali ,https://www.facebook.com/nadayalishsh1925,"Lives in Faisalabad, 9 August 2005, Single",,,"Gym lovers & sports
18 Jan 2024-present
 
 · 2 years, 8 months"
Gull Asma Pmln ,https://www.facebook.com/gull.asma.pmln,Lives in Multan,,,
Waqas Baloch ,https://www.facebook.com/waqas.baloch.9250595,Lives in Faisalabad,,,"My Life My Rule,My StyleMyAttitude....******""<<LoveMe Or Hate Me But Do NotPlay With Me>>""(Not YetWorking!! i am Still Studying!!i Am Still Youth......I AmReal 100% Love.....So U CanDo Frndzz Ship With Me..*}****
21 Mar 2020 - Present
 
 · 6 years, 6 months"
Yaseen Chohan ,https://www.facebook.com/yaseen.chohan.52206,Lives in Rødovre,,,
Abdull Hadi Mirza ,https://www.facebook.com/profile.php?id=61553813790748,,,,
Mehar Gee ,https://www.facebook.com/mehargee101,"Lives in Murree, From Murree, Married, Male",,,Masood Textile Mills
Muhammad Zulafqar ,https://www.facebook.com/profile.php?id=100069106457868,,,,
Abud Rahman ,https://www.facebook.com/abud.rahman.58950,"Lives in Faisalabad, From Faisalabad",,,Facebook
Hasan Javed ,https://www.facebook.com/hasan.javed.35,"From Qasr Sirt, Surt, Libya, Male",,,Facebook
Shan Shan ,https://www.facebook.com/profile.php?id=100061037501340,,,Govt. Islamia High School Jhang Sadar - Official,
AJ Khan ,https://www.facebook.com/aj.khan.723695,,,,
Mir Hamza ,https://www.facebook.com/mir.hamza.416991,,,,
Shabbir Ahmad ,https://www.facebook.com/shabbir.ahmad.833760,Male,,,
Ali Raza ,https://www.facebook.com/profile.php?id=100076384592387,,,,
Mian M Jahangir ,https://www.facebook.com/mianm.jahangir.3,,,,
Ishfaq Aulakh ,https://www.facebook.com/ishfaq.aulakh.2025,,,,
Imran Ansari ,https://www.facebook.com/imran.ansari.68374,,,,
Samar Habib ,https://www.facebook.com/sammarhbib,"Lives in Karor Lal Isa, Punjab, Pakistan, Single, Male",,,
Qaiser Abbas ,https://www.facebook.com/qaiser.abbas.925247,"Lives in Sialkot, Punjab, From Narowal, 26 January 1979, Married
Since 22 February 2002",,,"akeo surgical and beauty care int'l
31 Jan 2004-present
 
 · 22 years, 7 months"
Rana Rehman ,https://www.facebook.com/rana.rehman.44634,"Lives in Faisalabad, From Faisalabad",,,
Shahid Minhas ,https://www.facebook.com/profile.php?id=61550848447281,,,,
Habibullah Soomro ,https://www.facebook.com/habibullah.soomro.62503,1987,,,
Umar Daraz ,https://www.facebook.com/profile.php?id=100070178322729,,,,
Shahid Ali ,https://www.facebook.com/shahid.ali.55847,,,,
Mian FaiZan ,https://www.facebook.com/mian.faizan.1000,"Lives in Gojra, From Gojra, Married
Since 6 September 2018",,,Civil architecture
Malik Shery ,https://www.facebook.com/malik.shery.35380,"Lives in Sialkot, Punjab, From Sialkot, Punjab",,,"PML(N)
Jan 2010 - Present
 
 · 16 years, 7 months"
Tayyab Hussain ,https://www.facebook.com/ansarizada07,Lives in Faisalabad,,,Legal Consultant
Nadeem Mazhar ,https://www.facebook.com/nadeembinmazhar,"Lives in Faisalabad, 12 August 2002",,,
Ijaz Ahmad Virk ,https://www.facebook.com/ijazahmad.virk.790,"Lives in Sheikhupura, Married",,,"Self-employed
25 Jun 2020-present
 
 · 6 years, 3 months"
Naeem Mirza ,https://www.facebook.com/naeem.mirza.219979,"Lives in Faisalabad, From Faisalabad, Male",,,
Maria Manan ,https://www.facebook.com/mariamanan7979,,,,
Muhammad Hussain ,https://www.facebook.com/muhammad.hussain.484168,,,,
Zahid Mehmood ,https://www.facebook.com/profile.php?id=61555135753183,,,,
M Ahsaan ,https://www.facebook.com/profile.php?id=61554642472329,1 January 1988,,,
Sheikh Amjad ,https://www.facebook.com/sheikh.amjad.497816,,,,
Rana Faizan ,https://www.facebook.com/rana.faizan.18007,,,,
Malik Faisal Awan ,https://www.facebook.com/faisal.awan.798,"Lives in Woburn, Milton Keynes, United Kingdom, From Wolverton, Milton Keynes, 10 May",,,"PMLN UK
Vice President"
Raza Ali ,https://www.facebook.com/raza.ali.167189,"Lives in Lahore, Pakistan, From Lahore, Pakistan, 21 March 1993",,,
Abdul Majeed ,https://www.facebook.com/abdul.majeed.728307,"Lives in Lahore, Pakistan, From Faisalabad",,,"Camicul Markting
7 Nov 2019 - Present
 
 · 6 years, 10 months"
Nasir Rehmat ,https://www.facebook.com/nasir.rehmat.655218,"Lives in Faisalabad, From Faisalabad, Male",,,Health
Mian Shahzad Mian Shahzad ,https://www.facebook.com/mianshahzad.mianshahzad.18488,,,,
Thomas Shelby ,https://www.facebook.com/profile.php?id=61555468366165,"Lives in Faisalabad, From Shah Faisalabad, Punjab, Pakistan, 10 September 2001",,,
Dawood Rajpoot ,https://www.facebook.com/strugglar.rajpoot,Male,,,Fabrics
Mirza Amjad ,https://www.facebook.com/mirza.amjad.37819,Male,,,
Ashraf Khan Safi ,https://www.facebook.com/ashraf.khan.safi.672325,,,,
Hafiz Atiq ,https://www.facebook.com/hafiz.atiq.360019,Lives in Faisalabad,,,
Naveed Hussain ,https://www.facebook.com/profile.php?id=100009227463349,,,,
Akbar Ali ,https://www.facebook.com/profile.php?id=100091967948835,"Lives in Multan, From Multan, 1 January",,,
Qadri Dewana ,https://www.facebook.com/profile.php?id=61554739887172,,,,
Yasir Khalil ,https://www.facebook.com/profile.php?id=61555574818570,,,,
Atta Ullah Joyia Saab ,https://www.facebook.com/profile.php?id=100093542912407,"Lives in Faisalabad, From Faisalabad",,,
Rana Hamza ,https://www.facebook.com/rana.hamza.551089,"Lives in Lahore, Pakistan, From Lahore, Pakistan, Single",,,Freelancer
Rab Nawaz Dar ,https://www.facebook.com/rab.nawaz.dar.2025,,,,
Muhammad Irshad ,https://www.facebook.com/profile.php?id=100008217991874,,,,
Moiz Ul Haq ,https://www.facebook.com/moizulhaqq,"Lives in Rawalpindi, Pakistan, From Mandra, Punjab, Pakistan",,,"Senior Vice President MSFN Islamabad
7 Mar 2024 - Present
 
 · 2 years, 6 months"
Muhammed Hussain ,https://www.facebook.com/profile.php?id=100095042933569,,,,
Waqas Cheema ,https://www.facebook.com/waqas.cheema.500630,"From Chak Jhumra, Single",,,"Agri Track Enterprise
Zonal Manager
Oct 2022 - Present
 
 · 3 years, 11 months"
Rana Irfan Rajpoot ,https://www.facebook.com/rana.irfan.rajpoot.393913,"Lives in Sialkot, Punjab, From Sialkot, Punjab, 12 December",,"Govt High School Charwa pasrur Sialkot
School year 2004",
Zafar Iqbal ,https://www.facebook.com/profile.php?id=61554666982022,,,,
M Yameen ,https://www.facebook.com/m.yameen.158989,,,,
سیٹھ عدنان ,https://www.facebook.com/profile.php?id=61553358994523,"Lives in Faisalabad, From Lahore, Pakistan",,,
Mehmood Bhatti ,https://www.facebook.com/mehmood.bhatti.773124,Male,,,
Rana Sajid ,https://www.facebook.com/rana.sajid.683970,"Lives in Riyadh, Saudi Arabia, From Lahore, Pakistan, Single, Male",,University of the Punjab,
Zahid Abbas Mahaar ,https://www.facebook.com/zahid.abbas.mahaar,"Lives in Layyah, Punjab, Pakistan, From Layyah, Punjab, Pakistan, 15 July",,,"Sub Inspector Punjab Police
5 Dec 2022 - Present
 
 · 3 years, 9 months"
Ehtesham Rao ,https://www.facebook.com/profile.php?id=61554661450201,,,Queen Mary University of London,
M Tariq ,https://www.facebook.com/m.tariq.968569,,,,
Mehar Amin ,https://www.facebook.com/mehar.amin.7547,"Lives in Lahore, Pakistan, From Kasur",,,
Attia Sadiq  (attia sadiq),https://www.facebook.com/attia.rabnawaz.94,"Lives in Multan, From Multan, Married",,,SAMAJI KARKUN
Azeem Sandhu ,https://www.facebook.com/azeem.sandhu.682722,,,,
Hamza Bilal Doultana ,https://www.facebook.com/bilal.doultana.5,"Lives in Khanwal, Punjab, Pakistan",,,
Abid Ali ,https://www.facebook.com/abid.ali.445740,,,,
Sheikh Usman ,https://www.facebook.com/sheikh.usman.998006,"Lives in Shah Faisalabad, Punjab, Pakistan, From Shah Faisalabad, Punjab, Pakistan",,,"Police officers
Police Patrol Officer
23 Apr 2007 - Present
 
 · 19 years, 5 months"
Israr Ashraf  (Israr),https://www.facebook.com/israr.ashraf.399825,"Lives in Sahiwal, Punjab, Pakistan, From Okara, Pakistan, Single",,,"Manger
14 Nov 2023 - Present
 
 · 2 years, 10 months"
Mian Abdul Sttar ,https://www.facebook.com/mianabdul.sttar.9,Male,,,
رانا آکاش راجپوت ,https://www.facebook.com/rana.akash.rajpwt,3 December 1999,,,
Malik Sajjad ,https://www.facebook.com/malik.sajjad.647101,Male,,,
Mian Saifullah ,https://www.facebook.com/mian.saifullah.154485,Lives in Faisalabad,,,
Ch M Bilal Gujjar ,https://www.facebook.com/profile.php?id=100007271715009,Male,,,
Mrasheed MRasheed ,https://www.facebook.com/mrasheed.mrasheed.450782,"Lives in Attock, From Attock, Male",,Cadet College Hasanabdal,
Rahat Tarar  (جٹ),https://www.facebook.com/chzain.jutt.568,"Lives in Shah Faisalabad, Punjab, Pakistan, From Faisalabad, Single, Male",,,"Bissness
1 Jan 2023 - Present
 
 · 3 years, 8 months"
Afzal Latif ,https://www.facebook.com/afzal.latif.654423,,,,
Amir Abbasi ,https://www.facebook.com/amir.abbasi.433290,,,,
Izhar Izhar ,https://www.facebook.com/izhar.izhar.9843499,"Lives in Faisalabad, Male",,,
Sarfraz Alam ,https://www.facebook.com/profile.php?id=100081354905417,13 March 1994,,,
Rana Saeed ,https://www.facebook.com/profile.php?id=61554654461785,,,,
محـمـد اظـہـر اقـبـال کـشمیـری ,https://www.facebook.com/azhar2924,"Lives in Buraydah, From Bhimber, 10 July 1992",,Bhimber Diary,
Talha Adv ,https://www.facebook.com/talha.adv,,,,
Tahir Mahmood Tahir Mahmood ,https://www.facebook.com/tahir.mahmood.tahir.mahmood.880233,,,,
Rana Umar Ayaz ,https://www.facebook.com/profile.php?id=100054577781493,,,,
Amin Yousafzai ,https://www.facebook.com/amin.yousafzai.315,"Lives in Swabi, From Swabi",,University of Peshawar,
Izhar Ahmad ,https://www.facebook.com/izhar.ahmad.367506,,,,"Mosaic artist, self employed as Freda Westerink Mosaic
7 Jan 2026 - Present
 
 · 8 months"
Shahid Jutt ,https://www.facebook.com/shahid.jutt.182813,Lives in Faisalabad,,digree college faisalabad,
Asif Ali ,https://www.facebook.com/asifali.216414,,,,
Ch Aslam Kullah ,https://www.facebook.com/chaslam.kullah,Male,,,
Hakeem Peer Abdul Rauf ,https://www.facebook.com/hakeem.peer.abdul.rauf,,,,
Rana Aslam Munj ,https://www.facebook.com/rana.aslam.munj,"Lives in Faisalabad, From Alberton, Gauteng",,Alberton High School,
میاں منیب اعجاز ,https://www.facebook.com/muneeb.ijaz.73,"Lives in Faisalabad, From Faisalabad, Single, Male",,,
Akbar Warraich ,https://www.facebook.com/awais.akbar.98031,,,,
Muhammad Ramzan ,https://www.facebook.com/muhammad.ramzan.418304,,,,
Khan Sab  (Monster),https://www.facebook.com/bakht.khan.946954,"Lives in Main Gulberg, Punjab, Pakistan, In a relationship, Female",,Punjab Group Of Colleges,
Malik Kashif Hameed Awan ,https://www.facebook.com/malik.kashif.hameed.awan,"Lives in Faisalabad, From Faisalabad",,,"Self Employed (Business)
CEO"
Muhammad Zahid ,https://www.facebook.com/muhammad.zahid.224832,"Lives in Lahore, Pakistan, From Lahore, Pakistan",,,
Muhammad Shareef ,https://www.facebook.com/muhammad.shareef.451503,"Lives in Lahore, Pakistan",,,
سردار صدی احمد ڈوگر ,https://www.facebook.com/profile.php?id=61550766754581,"Lives in Lahore, Pakistan, From Lahore, Pakistan, Single",,,Study
Rana Qasim ,https://www.facebook.com/ranaraheel.malasiyawaly,"Lives in Faisalabad, From Faisalabad",,,Faisalabad
Muhammad Ijaz Bandesha ,https://www.facebook.com/muhammad.i.bandesha,"Lives in Faisalabad, From Faisalabad, Male",,,"Suthra Punjab Agency Faisalabad
Former general Manager Operations"
Yousaf Waseer ,https://www.facebook.com/profile.php?id=100094462487608,,,,
Husnain Sheikh ,https://www.facebook.com/anokha.shakh,"Lives in Abu Dhabi, United Arab Emirates",,,
Ashiq Shad ,https://www.facebook.com/ashiq.shad.5,"Lives in Bahawalpur, From Bahawalpur",,,
Muhammad Shoaib ,https://www.facebook.com/profile.php?id=100030216667437,Male,,,
Amir Shahzad Mayo ,https://www.facebook.com/amir.shahzad.mayo.2025,"15 October 1993, Married, Male",,,Archroma Pakstan L
Imran Jutt Imran Jutt ,https://www.facebook.com/profile.php?id=100081270840408,,,,
Ghulam Abbas Jutt ,https://www.facebook.com/ghulamabbas.jutt.102,Male,,,
Nadeem Shahzad ,https://www.facebook.com/nadeem.shahzad.271683,,,,
Zani Itz Zani Itz ,https://www.facebook.com/zani.itz.zani.itz,"Lives in Lahore, Pakistan, From Lahore, Pakistan, 4 January 2004, Single, Male, Mayo",,IQRA Public High School,
Rana Waqar ,https://www.facebook.com/rana.waqar.336,"Lives in Faisalabad, From Faisalabad, Male",,,Facebook
Abass Abass ,https://www.facebook.com/abass.abass.478107,,,,
Rahat Shah ,https://www.facebook.com/rahat.shah.71271,"Lives in Swabi, From Maneri Bala, Khyber Pakhtunkhwa, Pakistan, Married
Since 11 August 2004",,,"Swabi
Medical Laboratory Technologist
Apr 2015-present
 
 · 11 years, 5 months"
Siddique Mohammed ,https://www.facebook.com/siddique.mohammed.9083,,,,
Amanat Ali ,https://www.facebook.com/amanat.ali.546044,,,Govt comprehensive Model High School Samanabad Faisalabad,"Board of Intermediate and Secondary Education, Faisalabad"
Ansar Shahzad ,https://www.facebook.com/ansar.shahzad.52459,"Lives in Chinot, Punjab, Pakistan, From Chiniot, Married",,Govt high school chak no 232,
Wajad Ali Jutt ,https://www.facebook.com/wajad.ali.jutt.2025,Lives in Jaranwala,,Government Degree College Jaranwala,
Ali Hamza ,https://www.facebook.com/profile.php?id=100089778853307,14 April 2000,,,
Ali Asad ,https://www.facebook.com/profile.php?id=100091256888231,,,,
Irfan Butt ,https://www.facebook.com/irfan.butt.66573,,,,
Shafeeq Jutt ,https://www.facebook.com/shafeeq.jutt.353250,11 October 2001,,,
Muhammad Shoaib ,https://www.facebook.com/shoaibs.leo,From Faisalabad,,,
Ali Akbar Chudhary ,https://www.facebook.com/profile.php?id=61555657405474,,,,
Aqeel Afzal ,https://www.facebook.com/aqeel.afzal.14,"Lives in Islamabad, Pakistan, From Islamabad, Pakistan, Married",,,"Express News
Senior Reporter"
Sharyar Jatt ,https://www.facebook.com/profile.php?id=100089275547154,,,,
Imran Farooq Dhany ,https://www.facebook.com/imran.farooq.dhany,"Lives in Dubai, United Arab Emirates, From Multan, Single",,FG Degree College Quetta,
Muhammad Arshad ,https://www.facebook.com/profile.php?id=100006215497237,"Lives in Riyadh, Saudi Arabia, Male, English language, Arabic, Urdu and Punjabi language",,,Riyadh - Kingdom Of Saudi Arabia
Mari Jind ,https://www.facebook.com/muhammad.alyas.543792,,,,
Muhammad Adrees ,https://www.facebook.com/muhammad.adrees.151093,Lives in Rahim Yar Khan,,,"Colourette Cosmetics
Assistant Manager"
Zain Ibn e Abbas ,https://www.facebook.com/profile.php?id=100030862894696,"Single, Male",,,
Narowal Times ,https://www.facebook.com/profile.php?id=61555303392723,,,,
Muhammad Akbar ,https://www.facebook.com/muhammad.akbar.3367174,,,,
Sh Hasnad ,https://www.facebook.com/sonuskeikh.sonu,"Lives in Faisalabad, From Faisalabad, Single, Male",,,Faisalabad
Sheikh Arslan ,https://www.facebook.com/sheikh.arslan.595864,,,,
Mian Bilal  (bally),https://www.facebook.com/bilalmian444,"Lives in Faisalabad, From Faisalabad, Male",,,
Muhammad Shahid ,https://www.facebook.com/goldhi.gold.37,"Lives in Faisalabad, From Faisalabad, Male",,,"Facebook
Faisalabad
2 Jan 2014 - Present
 
 · 12 years, 8 months"
Maaz Awan ,https://www.facebook.com/awanexpress,"Lives in Faisalabad, From Faisalabad",,,
Amir Ali ,https://www.facebook.com/amir.ali.297380,Male,,,
Adv Ghulam Ishaq Thaath ,https://www.facebook.com/adv.gikhan,"Lives in Faisalabad, 28 October",,,"District Bar Association Faisalabad
23 Nov 2023-present
 
 · 2 years, 10 months"
Obaid Jutt Jutt ,https://www.facebook.com/profile.php?id=100084315367440,,,,
Adv Muhammad Sohaib ,https://www.facebook.com/sohaib.choudary.3,"Lives in Sialkot, Punjab, From Sialkot, Punjab, Married",,,District Bar Association Sialkot
Ûsama Jutt ,https://www.facebook.com/usama.jutt.474430,,,,
Zargar Waqas ,https://www.facebook.com/zargar.waqas.2025,,,,
Ahmad Baig ,https://www.facebook.com/profile.php?id=61554598622496,,,,
Rao Hammad  (Madii),https://www.facebook.com/profile.php?id=100088094535391,"Lives in Khanpur, From Khanpur",,,Student
Saleem Ghuman ,https://www.facebook.com/profile.php?id=61551932560925,,,,
Rana Zulfiqar Ali Adv ,https://www.facebook.com/rana.zulfiqar.7330,"Lives in Faisalabad, From Faisalabad, Family
Rana Ahmad Zulfiqar Adv, , , Male",,,Advocates
Amir Amiramir ,https://www.facebook.com/amir.amiramir.974833,,,,
ملک اصغر علی ویرا ,https://www.facebook.com/veera333king,Male,,,
Aleeha Khan ,https://www.facebook.com/aleeha.khan.268007,"Lives in Islamabad, 21 July 2004, Married",,,"School social worker
27 Jan 2024 - Present
 
 · 2 years, 8 months"
Shoaib Malik ,https://www.facebook.com/shoaib.malik.505584,"From Khewa, Punjab, Pakistan, Family
ملک خرم کھوکھر, , , Male",,,Land surveyor
Ali Abbas ,https://www.facebook.com/ali.abbas.52206,"Lives in Chakwal, Pakistan, From Chakwal, Pakistan",,,
Yousaf Ali ,https://www.facebook.com/yousaf.ali.744054,,,,
Mogall Asaf ,https://www.facebook.com/mogall.asaf,,,,
Salman Z Khan ,https://www.facebook.com/profile.php?id=100013553058207,Male,,,
Irfan Riaz ,https://www.facebook.com/irfan.riaz.3363,"Lives in Multan, From Multan, Married",,,3-Star Group of Companies
Aasad Malik ,https://www.facebook.com/aasad.malik,"Lives in Rawalpindi, Pakistan, From Rawalpindi, Pakistan, Male",,Preston University,
Sarmadali Pmln ,https://www.facebook.com/profile.php?id=61555656249770,"Lives in Faisalabad, From Faisalabad, 3 January 2005",,,
Asif Ali ,https://www.facebook.com/asiffo,Male,,,
Muhammad Naveed ,https://www.facebook.com/muhammad.naveed.129555,Male,,,
Rana Ashiq Ali ,https://www.facebook.com/rana.ashiq.ali.202068,,,,
Zahid Mehmood ,https://www.facebook.com/zahid.mehmood.136096,"Lives in Ahmadpur East, From Lahore, Pakistan",,,
Tariq Ali Ali ,https://www.facebook.com/profile.php?id=100089009570466,,,,
Sohail Ashfaq ,https://www.facebook.com/sohail.ashfaq.9465,"From Rawalpindi, Pakistan",,,
SyedAsad AbbasNaqvi ,https://www.facebook.com/syedasad.abbasnaqvi.313,,,,
Billa Rajpoot ,https://www.facebook.com/billa.rajpoot.144367,,,,
Yasir Jadoon ,https://www.facebook.com/yasir.jadoon.5030,"Lives in Abbottabad, From Abbottabad, Married
Since August 2004, Male",,,"Abbottabad
Businessperson"
Fiza Kanwal ,https://www.facebook.com/fiza.kanwal.791259,"Lives in Faisalabad, From Faisalabad",,,
Laang Badsha Laang Badsha ,https://www.facebook.com/laangbadsha.laangbadsha.3,"Lives in Multan, From Bahawalpur",,Govt high school khair pur daha,
Heera Shah ,https://www.facebook.com/heera.shah.905816,"Lives in Faisalabad, Male",,Sandal College Faisalabad,
Amir Kahana ,https://www.facebook.com/amir.kahana.51861,,,,
Naeem Shah ,https://www.facebook.com/naeem.shah.7967747,"Lives in Faisalabad, From Faisalabad, Married
Since 20 December 2020, Male, English language and Urdu",,,"Facebook
Jun 2015 - Present
 
 · 11 years, 3 months"
Feroz Huda ,https://www.facebook.com/feroz.huda,"Lives in Lahore, Pakistan, From Karachi, Pakistan, Male",,,Facebook
Rana Mujahid ,https://www.facebook.com/rana.mujahid.764826,1 January 1990,,,
Saab G ,https://www.facebook.com/salubahi.bahi,"Lives in New York, New York, From New York, New York",,,
Muhammad Hamza ,https://www.facebook.com/hamzaa.hamza.75491,"Lives in Jahania, Punjab, Pakistan, Male",,,
Muhammad Arif ,https://www.facebook.com/muhammad.arif.542384,"Lives in Lahore, Pakistan, From Lahore, Pakistan, Single",,,"Self-employed
29 May 2021 - Present
 
 · 5 years, 3 months"
Arslan Pasha Hafeez ,https://www.facebook.com/Pashaz126,"Lives in Multan, From Kot-Adu, Punjab, Pakistan, 8 March 2005",,,"BS accounting and finance
Student
Oct 2025 - Present
 
 · 10 months"
Malik Sami Ullah Sundillah ,https://www.facebook.com/malik.sami.372,"Lives in Karachi, Pakistan, From Khairpur Sadat, Punjab, Pakistan, 1 January 1983",,,
Ghulam Mohiodin ,https://www.facebook.com/ghulam.mohiodin.921,,,,
Rana Nadeem ,https://www.facebook.com/profile.php?id=100024264161939,"Lives in Allu Multan, Punjab, Pakistan, From Allu Multan, Punjab, Pakistan",,,
M Maroof ,https://www.facebook.com/profile.php?id=100094188503589,,,,
Ghulam Khan ,https://www.facebook.com/chghullam.khan,"12 August 2002, Male",,,
Abid Ali ,https://www.facebook.com/mabid.tabsum,Lives in Hasilpur,,,
Malik Muhammad Jamil Wadhan ,https://www.facebook.com/malik.muhammad.jamil.wadhan,"Lives in Faisalabad, From Faisalabad, Married",,,"WAPDA
Line Supritedent"
Naseer Ahmad ,https://www.facebook.com/naseer.ahmad.48718,,,,
Gohar Ali Javaid ,https://www.facebook.com/gohar.ali.javaid.2025,,,,
Rai Bhai Kha ,https://www.facebook.com/rai.bhai.kha.2025,,,,
Hamid Ali Saahib ,https://www.facebook.com/hamid.ali.saahib,"Lives in Hyderabad, Sindh, Male",,,"Anoop Tower
Site Incharge
Aug 2018 - Present
 
 · 8 years"
Qadeem Klasra ,https://www.facebook.com/qadeem.klasra.2025,"Lives in Layyah, Punjab, Pakistan, From Jaisal, Punjab, Pakistan, 12 October 1980",,Government Post Graduate College Kot sultan Layyah,
Suhana Malik ,https://www.facebook.com/profile.php?id=61555362222344,,,Sufi Saints Music - Sain Saaqi,
Ismael Rajpoot ,https://www.facebook.com/ismael.rajpoot,,,,
Waseem Abbas ,https://www.facebook.com/waseem.abbas.306424,,,,
Rana Farooq ,https://www.facebook.com/rana.farooq.237743,"Lives in Islamabad, Pakistan, From Islamabad, Khyber Pakhtunkhwa, Pakistan",,Miss-G,
Rana Nomi ,https://www.facebook.com/profile.php?id=100074801836735,,,,
Babar Ali ,https://www.facebook.com/babar.ali.763071,,,,
M Hamza ,https://www.facebook.com/m.hamza.421033,,,,
Rizwan Aziz ,https://www.facebook.com/profile.php?id=100008491632866,"Lives in Faisalabad, From Faisalabad, Male",,,Faisalabad
Raheem Shah ,https://www.facebook.com/abdulraheem.ansari.75,"Lives in Faisalabad, From Faisalabad, Single",,,
Amjad Shah ,https://www.facebook.com/amjad.shah.191116,,,,
Ihsan Ghafoor Awan Adv ,https://www.facebook.com/ihsan.ghafoor.7,"Lives in Faisalabad, From Khurrianwala, Punjab, Pakistan, Single",,"Layalpur Law College Faisalabad.
5 September 2015 - 25 January 2018",
Usman Farooq ,https://www.facebook.com/profile.php?id=100024684156522,Male,,,
Ch Mahmood ,https://www.facebook.com/ch.mahmood.71619,Male,,,
Mohammad Ali Rana ,https://www.facebook.com/mohammadali.rana.125,,,,
Zahid Gujjar ,https://www.facebook.com/profile.php?id=100057888133184,"Lives in Faisalabad, Single",,Punjab Group Of Colleges,
Shoukat Joiya ,https://www.facebook.com/shoukat.joiya.2025,"Lives in Nankana Sahib, 2 May 1987",,,
Rana M. Yousaf ,https://www.facebook.com/rana.m.yousaf.58,"Lives in Zafarwal, From Zafarwal, Married",,,"Self-employed
Owner"
Muhammad Ramzan ,https://www.facebook.com/muhammad.ramzan.762165,"Lives in Dijkot, Punjab, Pakistan",,,
M Abdullah ,https://www.facebook.com/profile.php?id=61553119907825,,,,
Amir Nazir ,https://www.facebook.com/profile.php?id=100049411930703,,,,
Jafar Ali ,https://www.facebook.com/jafar.ali.424190,,,,
Aslam Chishti ,https://www.facebook.com/aslam.chishti.996594,,,,
Riaz Shah ,https://www.facebook.com/riaz.shah.951862,"Lives in Rawalpindi, Pakistan, From Rawalpindi, Pakistan, Married",,,
Muskan Bebe ,https://www.facebook.com/profile.php?id=100093567903092,"Lives in Peshawar, Pakistan, From Swat, Pakistan",,,Swatch
M Asif Javed ,https://www.facebook.com/m.asif.javed.108748,"Lives in Multan, From Dunyapur, Punjab, Pakistan, Family
1 family member",,,Asif Dogar Advocate & Property Advisor
Mohammed Shahid Mohammed Shahid ,https://www.facebook.com/mohammed.shahid.mohammed.shahid.263829,,,,
Noman Ali ,https://www.facebook.com/profile.php?id=100088672030260,,,,
Muhammad Yousaf Yousaf ,https://www.facebook.com/muhammadyousaf.shanrana,Male,,,
Mahar Shahbaz Kaka ,https://www.facebook.com/maharshahbaz.kaka,Lives in Faisalabad,,,
Gholshan Khan Khan ,https://www.facebook.com/profile.php?id=100059688013771,,,,
Maskeen Tanoli ,https://www.facebook.com/maskeen.tanoli.646797,"Lives in Karachi, Pakistan, From Karachi, Pakistan, Single",,,Zaman textile spinning department site area cotri
Jawed Parekh ,https://www.facebook.com/jawed.parekh.1,Male,,,
Abdul Rehman ,https://www.facebook.com/profile.php?id=100078102633024,,,,"Karachi, Pakistan
6 Feb 2022-present
 
 · 4 years, 7 months"
Rana Sufyan ,https://www.facebook.com/rana.sufyan.15414,,,,
Muhammad Atif Saifi ,https://www.facebook.com/muhammad.atif.saifi.2025,,,,
Waheed Ahmed ,https://www.facebook.com/waheed.ahmed.988701,Male,,,
Qasim Ghuman  (Qasim Ali),https://www.facebook.com/qasim.ghumman.184,,,,
Razwin Jutt ,https://www.facebook.com/razwin.jutt.9,"Lives in Faisalabad, Male",,,Al-Riyadh SA
Adeel Rehmani  (Earn Money Online),https://www.facebook.com/adeel.rehmani.874558,"Lives in Faisalabad, From Faisalabad, 23 February 2005",,,
Sarfraz Jee ,https://www.facebook.com/Haidrhaider1100,"Lives in Faisalabad, 3 February 1985, Male",,,"lasani marriage hall
Asst Manager"
Haseb Khansb ,https://www.facebook.com/profile.php?id=61553164660827,,,,
Haroon Iftikhar ,https://www.facebook.com/haroon.iftikhar.16,"Lives in Lahore, Pakistan, From Faisalabad, Male",,,
Rana Kamran ,https://www.facebook.com/profile.php?id=100011917725427,,,,
Faria Noor ,https://www.facebook.com/profile.php?id=100012344417690,"Lives in Lahore, Pakistan, From Lahore, Pakistan",,,"Teachings
19 Sep 2020 - Present
 
 · 6 years"
Huss Nain ,https://www.facebook.com/huss.nain.842172,,,,
Shajid Sb ,https://www.facebook.com/shajid.sb.130228,,,,
M Sagheer Rajpoot ,https://www.facebook.com/m.sagheer.rajpoot,"Lives in Lahore, Pakistan, In a relationship",,,
Fateh Shair ,https://www.facebook.com/fateh.shair.7737,,,,
Asifnaeem Asifnaeem ,https://www.facebook.com/asifnaeem.asifnaeem.255086,,,,
M Ramzan ,https://www.facebook.com/profile.php?id=100041944113518,,,,
Ismail Shabbir Qurashi ,https://www.facebook.com/ismail.qurashi.1,"Lives in Bahawalnagar, From Dunga Bunga, Married
Since 21 May 2022",,pilot caddet high school,
Rana Wakeel  (Rana wakeel),https://www.facebook.com/ranawakee.ranawakeel,"Lives in Lahore, Pakistan",,,
Abdul Razzaq Rahmani  (Overseas Rahmani Welfare Organisation),https://www.facebook.com/abd.erazzaq.39,,,,
Wahab Ali ,https://www.facebook.com/wahab.ali.715366,,,,
Sajjad Saroya ,https://www.facebook.com/profile.php?id=100088379676110,,,,
Akram Awan ,https://www.facebook.com/akram.awan.96609,"Lives in Toronto, Ontario, From Lahore, Pakistan, Male",,,
Hamid Raza ,https://www.facebook.com/profile.php?id=61555050100179,,,,
Jabbar Jane Jabbar Jane ,https://www.facebook.com/jabbarjane.jabbarjane,Male,,,
Asad Munir ,https://www.facebook.com/asad.munir.588401,"Lives in Islamabad, Pakistan, From Islamabad, Pakistan",,,
M Javeed Myou ,https://www.facebook.com/profile.php?id=100086151601503,,,,
Mohammed Razzaq Gondal ,https://www.facebook.com/mohammed.razzaq.gondal,"Lives in Dubai, United Arab Emirates",,,"Dubai, United Arab Emirates
20 Sep 2020 - Present
 
 · 6 years"
Hassan Ali ,https://www.facebook.com/profile.php?id=100093786803690,,,,
Shafait Husain ,https://www.facebook.com/profile.php?id=61554555857661,,,,
Rana Amir Sohal ,https://www.facebook.com/profile.php?id=61551869705488,,,,
عمر علی ,https://www.facebook.com/profile.php?id=61555414679043,,,,
Azhar Gill ,https://www.facebook.com/azhar.gill.75641,,,,
Musharif Khan ,https://www.facebook.com/musharif.khan.684126,,,,
Sultan Mahmood Golden ,https://www.facebook.com/sultan.manhood.581,,,,
Riaz Ahmad Waseer ,https://www.facebook.com/profile.php?id=61554898367315,,,,
Yusuf IS ,https://www.facebook.com/yusuf975,,,,
Mumtaz Mumtaz ,https://www.facebook.com/mumtaz.mumtaz.908459,"Lives in Muzaffarabad, From Muzaffarabad",,,"Online warker
Warrk
21 Jun 2024 - Present
 
 · 2 years, 3 months"
MalekNaeem MalekNaeem ,https://www.facebook.com/maleknaeemmaleknaeem,,,,
Yasir Barlas ,https://www.facebook.com/yasir.barlas.75,,,,
Solar Energy ,https://www.facebook.com/profile.php?id=61555348147211,"Lives in Faisalabad, 6 July 1963",,,"Shah Faisalabad, Punjab, Pakistan
10 Jan 2024 - Present
 
 · 2 years, 8 months"
Asad Ch Asad Ch ,https://www.facebook.com/profile.php?id=61554350471768,14 October 1994,,,
Khalid Mehmood Raja ,https://www.facebook.com/khalid.mehmood.raja.2025,,,,
Muneer Gujar ,https://www.facebook.com/muneer.gujar,"Lives in Faisalabad, From Lahore, Pakistan",,,Facebook
Hafiz Muhammad Tahir ,https://www.facebook.com/hafiz.muhammad.tahir.340821,,,,
Muhammad Ibrahim ,https://www.facebook.com/muhammad.bootamujahid.90,Male,,,"Fesco Wapda
24 Dec 2019 - Present
 
 · 6 years, 9 months"
نون لیگی بٹ ,https://www.facebook.com/nwnlygyb,"Lives in Gujranwala, Pakistan",,,
Shahid Musafir ,https://www.facebook.com/profile.php?id=61555132470647,"Lives in Sharqpur, Punjab, Pakistan, From Lahore, Pakistan, Married",,,Pant House
احمد یوسف  (Jhon bHai),https://www.facebook.com/ahmd.ywsf.93005,"Lives in Lahore, Pakistan, From Haveli, Punjab, Pakistan, 9 September 1998",,,"Studying
Mechanical Engineering Technologist
Dec 2018 - Present
 
 · 7 years, 8 months"
Bilal Yousaf ,https://www.facebook.com/bilal.rapper,"Lives in Lahore, Pakistan, From Lahore, Pakistan, 16 January",,sent anthony,
Chohdry Idrees ,https://www.facebook.com/chohdry.idrees,Male,,,
Malik Arshid Khokhar ,https://www.facebook.com/malikarshidkhokhar.khokhar,Male,,,
Muhammad Ali ,https://www.facebook.com/profile.php?id=100051315739200,,,,
شیخ محمد کلیم ,https://www.facebook.com/shykh.mhmd.klym,,,,"‎شیخ محمد کلیم‎
Tajir numainda"
Jedie Malik ,https://www.facebook.com/jedie.malik,"Lives in Faisalabad, 18 April 1984",,,
Rana Bilal ,https://www.facebook.com/profile.php?id=100051576399578,"Lives in Faisalabad, From Faisalabad",,,Steam Boiler
Rana Asif ,https://www.facebook.com/rana.asif.717649,Lives in Faisalabad,,,
Raja Abbas ,https://www.facebook.com/raja.abbas.816665,6 August 1973,,,
Ranabasat Ranabasat ,https://www.facebook.com/profile.php?id=61552256559415,24 August 2005,,,
Ali Raza ,https://www.facebook.com/ali.raza.400384,,,,
Abdul Qadeer Baber ,https://www.facebook.com/abdul.qadeerbaber.1,"Lives in Alipur, Pakistan",,,"Student
16 Nov 2020 - Present
 
 · 5 years, 10 months"
Shahzad Ahsan ,https://www.facebook.com/profile.php?id=61555545366470,,,,
راومحمدجاویداقبال کھیڑاآلہ راومحمدجاویداقبال کھیڑاآلہ  (راؤجاویداقبال کھیڑاآلہ),https://www.facebook.com/rao.javeed.1023,Male,,,
Boss Raja ,https://www.facebook.com/ali.dogar.20478,"Lives in Lahore, Pakistan",,,
Umair S Live ,https://www.facebook.com/profile.php?id=61551784905075,"Single, Family
1 family member",,Dar-e-Arqam Schools Pakistan,
Abrar Hussain ,https://www.facebook.com/abrar.hussain.716921,"Lives in Islamabad, Pakistan",,,
Muhammad Awais ,https://www.facebook.com/profile.php?id=100090206565569,"Lives in Jaranwala, From Jaranwala",,,"Haji sharif tyre house lari adda jaranwala
18 Dec 2023-present
 
 · 2 years, 9 months"
Malik Muhammad Jalal ,https://www.facebook.com/profile.php?id=100090068986477,"Lives in Multan, From Lodhran, Married",,,"High Court Multan
Advocate High Court
10 May 2015-present
 
 · 11 years, 4 months"
Muhammad Rahim ,https://www.facebook.com/profile.php?id=61555679197862,,,,
NaeemAkram NaeemAkram ,https://www.facebook.com/naeemakram.naeemakram.7165,,,,
Wajahat Ali ,https://www.facebook.com/wajahat.ali.189241,Male,,,
Faisal Khokhar ,https://www.facebook.com/profile.php?id=61553824990441,28 November 2000,,,
Adeel Gujjar ,https://www.facebook.com/adeel.gujjar.60577,"Lives in Faisalabad, From Faisalabad, Single",,,
Sardar Ramzan Gujjar  (Advocate),https://www.facebook.com/sardar.ramzan.gujjar.390386,"Lives in Kamalia, Married",,,"Lawyer
23 Jan 2024-present
 
 · 2 years, 8 months"
S M Yaseen Dogar ,https://www.facebook.com/s.m.yaseen.dogar.2025,,,,
Al Mughees ,https://www.facebook.com/profile.php?id=100086663732437,"Lives in Bahawalpur, From Bahawalpur, Single",,,"Mughees Collection
Owner and CEO
29 Sep 2023-present
 
 · 2 years, 11 months"
Munna Bhai ,https://www.facebook.com/profile.php?id=61550231772509,,,,
Rana Baber Baber ,https://www.facebook.com/profile.php?id=100080091192553,,,,
M Yaseen ,https://www.facebook.com/m.yaseen.381138,,,,
Shahbaz Ali ,https://www.facebook.com/profile.php?id=100066171440965,Lives in Faisalabad,,,
قیصر ملک ,https://www.facebook.com/qysr.mlk.370324,"From Abbottabad, 11 February 1989, English, Arabic, Urdu and Hindko languages",,,
Malik Farhan ,https://www.facebook.com/profile.php?id=100082538060783,,,,
Malik Zubair Zubair ,https://www.facebook.com/profile.php?id=100071412030121,,,,
Waqass Waqass Ahmad ,https://www.facebook.com/waqass.waqassahmad,,,Hera public high school nankana sahib,Facebook
Malik Talha  (Youthwing),https://www.facebook.com/profile.php?id=100049935801351,"Lives in Faisalabad, From Faisalabad, Single",,,"Facebook
PMLN SOCIAL WORKER
Nov 2021 - Present
 
 · 4 years, 9 months"
ASif Ali ,https://www.facebook.com/asif.ali.365621,"Lives in Kasur, From Kasur, Male",,,"Kasur
10 Oct 2020 - Present
 
 · 5 years, 11 months"
CH Sajjad Ahmed Langrial ,https://www.facebook.com/ch.sajjad.ahmed.langrial,23 July 1992,,,
Ahsan Ali Rind ,https://www.facebook.com/profile.php?id=61555364129332,"Lives in Setharja, Sindh, Pakistan, From Setharja, Sindh, Pakistan, Married
Since 18 December 2018",,,"PharmEvo Private Limited
Mso
On 1 Feb 2007
 
 · 19 years, 7 months"
Ahmad Warrich ,https://www.facebook.com/ahmad.warrich.467450,,,,
Advocate-Abdul Musawer Memon ,https://www.facebook.com/abdulmusawer.memon,"Lives in Karachi, Pakistan, From Karachi, Pakistan, Single",,SM LAW College,
Chaudry Suleman Maan Adv  (Jutt),https://www.facebook.com/salman.shakir.507,"Lives in Faisalabad, From Raiwind, 20 February 2000",,,"Owner at Al-Rafique Garments
1 Mar 2018 - Present
 
 · 8 years, 6 months"
Umer Jutt ,https://www.facebook.com/profile.php?id=61553421587995,"Lives in Faisalabad, From Faisalabad",,UET Lahore via NFC Institute of Engineering & Fertilizer Research FSD,
Wajed Ali ,https://www.facebook.com/wajedali.wajedali.9849,"Lives in Sahiwal, Punjab, Pakistan",,,"Harappa
25 May 2024 - Present
 
 · 2 years, 4 months"
Tahir Gujjar ,https://www.facebook.com/profile.php?id=100058628679847,,,,
Salman Mughal ,https://www.facebook.com/profile.php?id=61551759726092,,,,
Nasir King ,https://www.facebook.com/nasir.king.905044,,,,
Mukhtar Ahmad ,https://www.facebook.com/mukthar.ahmad.395,"Lives in Faisalabad, From Faisalabad, Married",,GC University Faisalabad,
Apna Plot ,https://www.facebook.com/profile.php?id=100092191835462,,,,
Rana Ranshafique ,https://www.facebook.com/profile.php?id=100091758532223,,,,
Rana Dilshad ,https://www.facebook.com/profile.php?id=100042024912287,,,,
See more,https://www.facebook.com/anjynyyr.rana.sdyq.shwkt,"Lives in Islamabad, Pakistan, From Rawalpindi, Pakistan, 19 May 1985",,,R.G.G Trades
Sajjad Chaudhary ,https://www.facebook.com/sajjad.chaudhary.961887,"1962, Male",,,
Aamir Mitho ,https://www.facebook.com/aamir.mitho.2025,Lives in Faisalabad,,Gcuf New Campus,
Mazhar Ali Ali ,https://www.facebook.com/profile.php?id=61555502645790,"Lives in Jhang Sadar, Punjab, Pakistan",,,"Driver
13 Apr 2024-present
 
 · 2 years, 5 months"
Aqeel Bahe Mohsin Ali ,https://www.facebook.com/aqeelbahe.mohsinali,,,,
Ch Zaki Randhawa ,https://www.facebook.com/zaky.zh,"Lives in Faisalabad, From Faisalabad",,KAY Beyond,
Zeeshan Awan ,https://www.facebook.com/profile.php?id=61554814724820,,,,
Mian Ali Amjad ,https://www.facebook.com/ali.amjad.3994,"Lives in Faisalabad, From Faisalabad, Male",,Punjab Group Of Colleges,
Khalid Mhamood ,https://www.facebook.com/khalid.mhamood.716,"Lives in Éibar, From Éibar, Male",,,Spain
Arshad Arshad ,https://www.facebook.com/profile.php?id=100077636769183,,,,
Hassan Malik ,https://www.facebook.com/hassan.malik.759836,,,,
Malik Furqan ,https://www.facebook.com/malik.furqan.585559,"Lives in Faisalabad, From Faisalabad",,,"The Medical Outfits & Beyond
Studying
20 Jun 2010 - Present
 
 · 16 years, 3 months"
Mian Sifat Elahi Sheikh  (Sheeshay Waley),https://www.facebook.com/sheikh.sifat.elahi,"Lives in Kasur, From Kasur, Married to
Samina Sifat Elahi
Since 29 November 1985",,,"Elahi Glass & Aluminium Center
CEO & Founder"
Sajid Gujjar ,https://www.facebook.com/profile.php?id=61550601704077,,,,
Siasi Log Siasi Log ,https://www.facebook.com/siasilog.siasilog.5,Male,,,
Deewna Gee ,https://www.facebook.com/profile.php?id=100082625764242,22 September 2000,,,
Rajab Sharif ,https://www.facebook.com/rajab.sharif.2025,,,,"Lahore High Court
18 Dec 2021-present
 
 · 4 years, 9 months"
Malik Sarwar ,https://www.facebook.com/profile.php?id=61552586385550,21 June 1970,,,
Rahat Khan Pmln ,https://www.facebook.com/rahat.khan.pmln,"Lives in Mardan, From Mardan",,,
Rana Asghar ,https://www.facebook.com/profile.php?id=100086133744767,,,,
Shahrukh Ansari ,https://www.facebook.com/shahrukh.ansari.14473,"Lives in Karachi, Pakistan, From Karachi, Pakistan, Married
Since 16 September 2022",,"University of Karachi
School year 2015","Imtiaz
Senior Manager Support Operations
8 Oct 2024-present
 
 · 2 years, 8 months"
Mirza Ali ,https://www.facebook.com/profile.php?id=61555415775010,,,,
Malik Saleem ,https://www.facebook.com/malik.saleem.415271,"Lives in Faisalabad, From Chiniot",,,
Hafiz Falik Shair ,https://www.facebook.com/profile.php?id=61553890420626,,,,
Md Amir ,https://www.facebook.com/md.amir.962310,,,,
Jamel Qurashi ,https://www.facebook.com/profile.php?id=100093382600485,Lives in Jampur,,,
Hashim Hashim ,https://www.facebook.com/profile.php?id=100089865295333,Lives in Faisalabad,,,
Manza Mansa ,https://www.facebook.com/profile.php?id=61553834307359,20 November 2000,,,
Muhammad Naeem ,https://www.facebook.com/muhammad.naeem.44658,Lives in Sadiqabad,,,Motorcycle Mechanic
Adv Sultan Choohan ,https://www.facebook.com/advsultanchoohan,Male,,,"Bhiria Road
24 Feb 2024-present
 
 · 2 years, 7 months"
Shanzay Fatima ,https://www.facebook.com/profile.php?id=100090052630349,"Lives in London, United Kingdom",,,
Gafoor Jutt ,https://www.facebook.com/gafoor.jutt.583,,,,
Fatima Fatima ,https://www.facebook.com/profile.php?id=100090327162643,,,,
M Adrees ,https://www.facebook.com/profile.php?id=100078163335274,,,,
محمد افضال لیاقت ,https://www.facebook.com/profile.php?id=61555742372116,,,,
Saddam Ansari ,https://www.facebook.com/profile.php?id=100093801354012,,,,
Farhan Ali ,https://www.facebook.com/profile.php?id=100092693251918,"Lives in Faisalabad, From Faisalabad, 5 April 1994, Single",,,Lahor Fashion
Hussan Iqbal ,https://www.facebook.com/hussan.iqbal.9678,,,,
Malik Rizwan ,https://www.facebook.com/profile.php?id=100072803713151,"Lives in Faisalabad, From Faisalabad",,,Faisalabad
Rafaqat Rafaqat ,https://www.facebook.com/profile.php?id=100044257249481,,,,
Noman Khalid ,https://www.facebook.com/profile.php?id=100072757667980,,,,
Kaif Jutt ,https://www.facebook.com/profile.php?id=100087855251520,Lives in Faisalabad,,,
Akbar Ali ,https://www.facebook.com/profile.php?id=61555762164187,,,,
Gull Zar Khan ,https://www.facebook.com/profile.php?id=61555385469409,"Lives in Peshawar, Pakistan",,,
Ch Usama Maan ,https://www.facebook.com/profile.php?id=100009444973553,"16 October 1997, Male",,,
Soba Nahraa ,https://www.facebook.com/soba.nahraa,,,,
Raja Nadeem Safdar ,https://www.facebook.com/profile.php?id=61554263620736,"Lives in Faisalabad, From Faisalabad",,,
Rooh Ullah ,https://www.facebook.com/profile.php?id=100009027713363,"Lives in Peshawar, Pakistan",,Islami Bank Bangladesh PLC,
Atar Hussain ,https://www.facebook.com/profile.php?id=61555697756667,,,,
Hassantahir Ansari ,https://www.facebook.com/hassantahir.ansari,16 April 2004,,,
Phalia Ka Leader ,https://www.facebook.com/profile.php?id=61554507429166,"Lives in Mandi Bahauddin, From Phalia, Punjab, Pakistan, 10 January 2000",,"Govt PYS Degree College Phalia
31 December 2015-present","PML(N)
16 Dec 2000-present
 
 · 25 years, 9 months"
Nadeem Sarwar ,https://www.facebook.com/nadeem.sarwar.959792,"Lives in Sambrial, From Sialkot, Punjab",,,Self-employed
Faryad Ali ,https://www.facebook.com/profile.php?id=100073088284810,"Lives in London, United Kingdom, 12 September 1981",,,
چوھدری چوھدری صاب  (چودری صاحب),https://www.facebook.com/faheem.faheem.482725,"Lives in Islamabad, Pakistan, From Muzaffarabad, 15 August",,"‎گورنمنٹ جناح پائیلٹ ہائی سکول مظفرآباد‎
School year 2026","‎ماسٹر شیف‎
شیف
On 24 Sep 2026"
Tarjman Pnjab Npcih ,https://www.facebook.com/profile.php?id=100085905712546,"Lives in Faisalabad, From Faisalabad, 25 September 1990",,Capital Degree College,Private Practice
Sajid Ali ,https://www.facebook.com/profile.php?id=100034894627147,,,,
Haji Fazal Muhammad Khan  (Kisan Dost Seed company),https://www.facebook.com/haji.fazal.muhammad.khan,"Lives in Hujra, Punjab, Pakistan, From Hujra, Punjab, Pakistan",,,
Sahibzada Amjad Ali ,https://www.facebook.com/sahibzada.amjadali,,,,
Adnan Fareed ,https://www.facebook.com/profile.php?id=100083187648616,"Lives in Faisalabad, From Faisalabad",,GC University Lahore,
Rauf Khan ,https://www.facebook.com/rauf.khan.75436,"Lives in Peshawar, Pakistan, From Peshawar, Pakistan, Male, Pashtoo",,,"Peshawar, Pakistan"
Rana Awias ,https://www.facebook.com/profile.php?id=100081523537152,,,,
Mansoor Amjad ,https://www.facebook.com/mansoor.amjad.473489,,,,
عارف اثری ,https://www.facebook.com/arfathry.2025,,,,
Talha Naeem ,https://www.facebook.com/profile.php?id=100057913191874,"From Lahore, Pakistan",,,
Sajawal Sh ,https://www.facebook.com/profile.php?id=61555365790474,,,,
Taimoor Shahzad ,https://www.facebook.com/taimoorshahzad1990,"Lives in Islamabad, Pakistan, From Tarlai Kalan, Punjab, Pakistan, 15 March 1990, Married
Since 29 October 2022, Male, Urdu, English language (United States), Punjabi and Pashtoo",,F.G Boys High School Tarlai Islamabad,"Sameer Enterprises
Individual CEO
9 Mar 2013-present
 
 · 13 years, 6 months"
Hammad Khokhar ,https://www.facebook.com/profile.php?id=61555925330875,,,,
Haji Muhammad Wahab ,https://www.facebook.com/haji.muhammad.wahab,23 November 2000,,,
Ahsaan Jutt ,https://www.facebook.com/profile.php?id=100090833071367,"Lives in Faisalabad, From Faisalabad, 4 May 2000",,Florida State University,
Akhtar Barian ,https://www.facebook.com/akhtar.akhtar.khan.681776,,,,
Rashid Khan ,https://www.facebook.com/profile.php?id=100048084592096,"Lives in Shah Faisalabad, Punjab, Pakistan, From Faisalabad",,Punjab Group Of Colleges,"ENGRENAGES
10 Apr 2020 - Present
 
 · 6 years, 5 months"
Safder Bhatti Safder Bhatti ,https://www.facebook.com/safderbhatti.safderbhatti.10,,,,
Msajid Sajid ,https://www.facebook.com/profile.php?id=61555307931692,,,,
Asif Awan ,https://www.facebook.com/profile.php?id=61553366677431,Lives in Faisalabad,,,
Naeem Iqbal ,https://www.facebook.com/profile.php?id=61555285084681,"Lives in Karachi, Pakistan",,,
Husnain Kalasra ,https://www.facebook.com/husnain.kalasra.3,,,,
Nadir Ali ,https://www.facebook.com/profile.php?id=100095419874962,"Lives in Plochingen, From Baku, Azerbaijan",,,
Nazar Hussain Shah ,https://www.facebook.com/profile.php?id=100093145339437,,,,
M Irshad ,https://www.facebook.com/m.irshad.655252,,,,
Ahsan Saeed Dogar ,https://www.facebook.com/profile.php?id=100072876034459,,,,
Abdullah Muzammil Abdullah Muzammil ,https://www.facebook.com/profile.php?id=61555791242719,,,,
Muhammad Haroon Aslam ,https://www.facebook.com/muhammad.haroon.585,"Lives in Shah Faisalabad, Punjab, Pakistan, From Faisalabad, Married, Male",,,"Urwah Collcetion
Owner
12 years, 11 months"
Haji Ghulam Murtaza Kallu ,https://www.facebook.com/haji.murtaza.7355,Male,,,
Babu Noor ,https://www.facebook.com/profile.php?id=100090773901551,,,,
Abbas Gujjar ,https://www.facebook.com/profile.php?id=100059669959632,Lives in Faisalabad,,govt high school faisalabad,
Hafiz Mubeen ,https://www.facebook.com/profile.php?id=61553317134099,,,,
Kabeer Kabeer ,https://www.facebook.com/profile.php?id=100041547919326,"Lives in Faisalabad, From Faisalabad",,Punjab Group Of Colleges,Facebook
Hamid Mahmood ,https://www.facebook.com/allahmadadlace,,,,
Asghar Malik ,https://www.facebook.com/asghar.malik.337264,"Lives in Karachi, Pakistan",,,
Shahbaz Malik ,https://www.facebook.com/profile.php?id=100089329069573,Lives in Faisalabad,,,
Saqib Ali ,https://www.facebook.com/saqib.ali.767163,"Lives in Lahore, Pakistan, From Lahore, Pakistan",,Saqib Ali,
Nasir Bhatti ,https://www.facebook.com/profile.php?id=100062766183611,Lives in Kharian,,"FG College Kharian Cantt Boys & Girls
On 26 January 2021","Self-employed
On 26 Jan 2021
 
 · 5 years, 8 months"
Imran Ali ,https://www.facebook.com/profile.php?id=100066559502488,,,,
Zahid Latif Ansari ,https://www.facebook.com/profile.php?id=100087090731619,"Lives in Faisalabad, From Faisalabad, Married",,,
Hamid Jamil Butt Ahc ,https://www.facebook.com/hamid.jamil.butt.ahc,"Lives in Lahore, Pakistan, From Lahore, Pakistan, Family
4 family members",,University of the Punjab,"The Law Times Associates
Owner
10 Aug 2010-present
 
 · 16 years, 1 month"
Muhammad Umer ,https://www.facebook.com/muhammad.umer.686592,25 November 2001,,,
Sajan Sajan Ali ,https://www.facebook.com/profile.php?id=100076221151038,12 December 2000,,,
Tariq Wahalla ,https://www.facebook.com/tariq.wahalla,,,,
Mahi Baloch Mahi ,https://www.facebook.com/profile.php?id=100078843863499,,,,
Bashirjatt Bashirjatt ,https://www.facebook.com/bashirjatt.bashirjatt.96,,,,
Adil Commando ,https://www.facebook.com/profile.php?id=100090589945130,"Lives in Islamabad, From Islamabad, Single",,,
Naeem Malik ,https://www.facebook.com/naeemmalik.malik.3386,,,,
Rana Asad Janjua Rajpoot ,https://www.facebook.com/profile.php?id=100086264755573,"Lives in Faisalabad, From Faisalabad, Single, Family
1 family member, Male",,At Madina Group Of Colleges,"Interloop Ltd
Healper"
Sher Khan Khan ,https://www.facebook.com/profile.php?id=61554899525813,,,,
Muhammad Yousaf ,https://www.facebook.com/profile.php?id=61553160426893,,,,
Asif Sunder Asifsunder ,https://www.facebook.com/asif.sunder.asifsunder.2025,,,,
Tariq Mughal ,https://www.facebook.com/tariq.mughal.94009,"Lives in Shah Faisalabad, Punjab, Pakistan, Male",,,"AL–FALAH ESTATE ADVISOR
9 Nov 2022-present
 
 · 3 years, 10 months"
Sheikh Ghous ,https://www.facebook.com/profile.php?id=100087845320218,"Lives in Faisalabad, From Faisalabad",,,"Faisalabad
Journalist crim reporter
20 Aug 2023-present
 
 · 3 years, 1 month"
M Javed Sindhu Faisalabad ,https://www.facebook.com/mqmjaved.faisalabad,"Lives in Riyadh, Saudi Arabia, 31 March 1998, Married",,Punjab College,
Ashan Abbasi ,https://www.facebook.com/ashan.abbasi.961,Male,,,
Malik Saeed ,https://www.facebook.com/profile.php?id=100014852256034,Male,,,
Ahtsham Kamboh ,https://www.facebook.com/ahtsham.kamboh.692409,,,,
Khurram Shahzad ,https://www.facebook.com/profile.php?id=100008338932002,"Lives in Faisalabad, From Faisalabad, Family
Arshad Arshad, , , Male",,Account Help 2602,
Fahad Ghouri Fahad Ghouri ,https://www.facebook.com/fahad.ghouri.fahad.ghouri.2025,Lives in Faisalabad,,,
Muzami Muzamil ,https://www.facebook.com/profile.php?id=61555542487036,,,,
Ijazawan Ijazawan ,https://www.facebook.com/profile.php?id=61555700186310,,,,
Muhammad Arshad Qasmi ,https://www.facebook.com/muhammadarshad.qasmi.7,"Lives in Faisalabad, From Faisalabad",,,
Husnain Rafi ,https://www.facebook.com/husnain.rafi.80648,,,,
Malik Sanullah ,https://www.facebook.com/malik.sanullah.2025,,,,
Hamza Mirza ,https://www.facebook.com/profile.php?id=61553833140782,,,,
M Habib ,https://www.facebook.com/profile.php?id=100065564259084,,,,
Awais Ali ,https://www.facebook.com/awais.ali.45393,"Lives in Faisalabad, From Lahore, Pakistan, Single",,,
Mohammad Farooq ,https://www.facebook.com/profile.php?id=100083015813532,,,,
Maheb Rahman ,https://www.facebook.com/maheb.rahman.5,Male,,,
Barkat Laghari ,https://www.facebook.com/barkat.laghari.358686,,,,
Hassan Murtaza Panwar  (Rai Hassan Murtaza Panwar),https://www.facebook.com/profile.php?id=61551941970340,Lives in Faisalabad,,,
Mian Shahid Naseer ,https://www.facebook.com/mian.shahidnaseer,,,,
Raja Shaban Raja Shaban ,https://www.facebook.com/raja.shaban.raja.shaban.224472,,,,
Zain Gill ,https://www.facebook.com/profile.php?id=61555393353050,,,,
Rana Haider ,https://www.facebook.com/rana.haider.538997,,,,
Ali Raza ,https://www.facebook.com/ali.raza.323021,"Lives in Faisalabad, Married
Since 4 March 2023, Male",,,"Personal Assistant P.A District And Session Courts Faisalabad
6 Feb 2020-present
 
 · 6 years, 7 months"
Raza Mohsan ,https://www.facebook.com/profile.php?id=100092141446650,"Lives in Lahore, Pakistan, From Islamabad, Pakistan",,,
Hanif Babar ,https://www.facebook.com/profile.php?id=61550573801931,"Lives in Faisalabad, From Faisalabad",,"GC University Faisalabad
School year 1993","Media House
Journalist
10 Mar 1993 - Present
 
 · 33 years, 6 months"
Khawar Wahla ,https://www.facebook.com/profile.php?id=61554709855956,13 December 1997,,,
Umair Bleem ,https://www.facebook.com/profile.php?id=100089838521554,"Lives in Faisalabad, From Faisalabad",,,
Hamid Ali ,https://www.facebook.com/profile.php?id=100028073509332,"Lives in Faisalabad, From Green Town, 24 November 1998, Male",,Punjab College,"Quality & prodection
26 May 2019 - Present
 
 · 7 years, 4 months"
Ali Hasnain ,https://www.facebook.com/profile.php?id=61554738162440,11 August 2000,,,
Abid Iqbal ,https://www.facebook.com/abid.iqbal.883908,"Lives in Faisalabad, From Faisalabad",,Allama Iqbal Open University,
Naeem Ansair ,https://www.facebook.com/naeem.ansair.241927,,,,
Rana Qamar ,https://www.facebook.com/rana.qamar.16495,,,,
Hassan Babo ,https://www.facebook.com/profile.php?id=61553825800509,28 November 1999,,"Hisar, Haryana",
Bhai Khan Khan ,https://www.facebook.com/profile.php?id=61554767995407,Lives in Faisalabad,,,
Chaudhary Safdar Rehman  (Jutt ),https://www.facebook.com/chaudharyfsd,"Lives in Faisalabad, From Faisalabad",,,
Mubashir Ahsan ,https://www.facebook.com/profile.php?id=61554674983365,"Lives in Multan, From Multan, Married",,,"Laeeque Rafiq Hospital
24 Dec 2023-present
 
 · 2 years, 9 months"
Mian Shahid Mian Shahid ,https://www.facebook.com/profile.php?id=61554306586526,"Lives in Shorkot Road, Punjab, Pakistan, 5 February 1988",,,
Saith Hussnain ,https://www.facebook.com/saith.hussnain.189275,"Lives in Dubai, United Arab Emirates, From Lahore, Pakistan",,,
Ammar Pasha Ammar Pasha  (Pasha),https://www.facebook.com/ammarpasha.ammarpasha.9,"Lives in Faisalabad, From Faisalabad",,,
Hafiz Numan ,https://www.facebook.com/profile.php?id=61550785540373,,,,
Sajid Kasuri ,https://www.facebook.com/muhammadsajid.kasuri.7,"Lives in Nawan Lahore, Punjab, Pakistan, From Lahore, Pakistan",,,
Dewan Amjad ,https://www.facebook.com/dewan.amjad.3,,,,
Numan Khokhar ,https://www.facebook.com/numan.khokhar.129,,,,
Abu Zair Gujjar ,https://www.facebook.com/abu.zair.gujjar,18 December 2000,,,
Aezid Mahmood Khan  (ایزد محمود خاں),https://www.facebook.com/aezid,,,,
Qaisar Naseem ,https://www.facebook.com/profile.php?id=100090261663601,"Lives in Faisalabad, From Faisalabad",,,
Shafique Rehman ,https://www.facebook.com/profile.php?id=100070658265878,"Lives in Faisalabad, 1 January 1971",,"The Islamia University of Bahawalpur Pakistan
School year 1996","Superior College Shahkot
Principal
Jul 2025 - Present
 
 · 1 year, 1 month"
Syed Nabeel Haider ,https://www.facebook.com/syednabeel.haider.31,"Lives in Faisalabad, From Faisalabad, Male",,,"BS(Hons)Applied Chemistry
First Divison"
Abaidullah Jatt ,https://www.facebook.com/profile.php?id=61551232771896,,,,
Babar Jutt ,https://www.facebook.com/babar.jutt.810729,,,,
Ch Nadeem Jutt ,https://www.facebook.com/profile.php?id=61553878826348,"Lives in Faisalabad, From Faisalabad, 31 October 1996",,,
Jaber Gujjar ,https://www.facebook.com/jaber.gujjar.900,,,,
Muhammad Zahid ,https://www.facebook.com/profile.php?id=100010348650835,"Lives in Faisalabad, Married, Male",,,
Md Jani ,https://www.facebook.com/profile.php?id=61554143981180,,,,
Shehzad Ali ,https://www.facebook.com/profile.php?id=100062366971736,,,,
Malik Asif ,https://www.facebook.com/profile.php?id=100090585696527,,,,
Ali Shah ,https://www.facebook.com/profile.php?id=61555523704142,,,,
Adv Rana Waqas Khan ,https://www.facebook.com/rana.waqas.161,Male,,,"District Courts, Faisalabad.
Advocate High Court"
Abid Ali ,https://www.facebook.com/profile.php?id=61555013218500,,,,
Ali Danish Ujjan ,https://www.facebook.com/alidanish.ujjan,"Lives in Karachi, Pakistan, From Khairpur",,"johar degree collage gulistan-e-johar
School year 2011","High Court of Sindh Karachi
Advocate"
Shahuddin Khan ,https://www.facebook.com/shahuddin.khan.904171,,,,
Rana Touseem Abbas Saharian ,https://www.facebook.com/ranatouseemabbas.ranatajamalabbas,Male,,,"Suno News HD
On 9 Jun 2023
 
 · 3 years, 3 months"
Rana Imran ,https://www.facebook.com/profile.php?id=61553999846321,18 May 1997,,,
Jamil Sheir ,https://www.facebook.com/jamil.sheir.failk.sheir,"Lives in Faisalabad, From Faisalabad",,,"Studying
8 Sep 2021-present
 
 · 5 years"
Raiz Muneer ,https://www.facebook.com/profile.php?id=61553646906061,,,,
Moon Sandhu ,https://www.facebook.com/profile.php?id=100070166825201,"Lives in Faisalabad, 1 February 1998",,"H.B.S
On 1 January 2021","Bariks Company
Owner and CEO
29 Jun 2021 - Present
 
 · 5 years, 3 months"
Noor Fatima ,https://www.facebook.com/profile.php?id=61554940813612,,,,
Asif Jutt ,https://www.facebook.com/profile.php?id=100086002122472,,,,
سردار سعید احمدخان ,https://www.facebook.com/srdar.s.yd.ahmdkhan,"Lives in Nagar, Pakistan",,,"‎فتح پور تھکیال نکیال سیٹی‎
30 Apr 2022-present
 
 · 4 years, 4 months"
Waleed Husain ,https://www.facebook.com/profile.php?id=61551897058770,"Lives in Faisalabad, From Faisalabad, 7 June, English language (United States), Urdu and Punjabi",,"Punjab Medical College University Faisalabad
School year 2022",
Ali Raza ,https://www.facebook.com/profile.php?id=61555317335432,,,,
Muhammad Rasheed ,https://www.facebook.com/profile.php?id=100081515774419,,,,
الحیات جیولرز ,https://www.facebook.com/alhyat.jywlrz,,,,
Khalil Gujjar ,https://www.facebook.com/khalil.gujjar.405406,Lives in Faisalabad,,,
RaNa HuSnain Husnain ,https://www.facebook.com/rana.husnain.husnain.926006,"Lives in Faisalabad, From Dubai, United Arab Emirates",,,"Pakistan Embassy UAE
12 Nov 2023-present
 
 · 2 years, 10 months"
نواز کا سپاہی ,https://www.facebook.com/profile.php?id=61551886605141,"Lives in Faisalabad, 3 May 1995, Married",,,
Ch Nouman Jutt Adv ,https://www.facebook.com/muhammad.nouman.796,"Lives in Rawalpindi, Pakistan, From Faisalabad",,,"Lahore High Court, Rawalpindi Bench Rawalpindi
Advocate
6 Jan 2021-present
 
 · 5 years, 8 months"
Rana Yasir ,https://www.facebook.com/profile.php?id=100084252948296,"Lives in Karbala', From Karbala'",,GC University Faisalabad,
AliRaza Gujjar ,https://www.facebook.com/profile.php?id=61555814814914,,,,
Yaseenbhatt Yaseenbhatt ,https://www.facebook.com/profile.php?id=100094309076485,,,,
Sajid Mehmod ,https://www.facebook.com/sajid.mehmod.695169,"Lives in Pakpattan, From Sahiwal, Punjab, Pakistan",,,
M Ashraf ,https://www.facebook.com/profile.php?id=61553371745772,10 August 2000,,,
Hassan Askari ,https://www.facebook.com/profile.php?id=61552692449781,,,,
CH Mushtaq Gujjar ,https://www.facebook.com/profile.php?id=100088440382808,14 August 1977,,,
Tamoor Tamoor ,https://www.facebook.com/profile.php?id=61555267198309,Lives in Faisalabad,,,
Jamshaid Abbas ,https://www.facebook.com/profile.php?id=61550194970475,,,,
Mian Irfan ,https://www.facebook.com/mian.irfan.360474,,,,
Shahbaz Qureshi ,https://www.facebook.com/shahbaz.qureshi.77715869,,,,
Sohailkamran Jutt ,https://www.facebook.com/profile.php?id=61555153781967,"Lives in Faisalabad, 10 August 1990",,Islamia High School and Junior College,"SAUDI ARAB
8 Jan 2024-present
 
 · 2 years, 8 months"
Muhammad Qasim ,https://www.facebook.com/muhammad.qasim.44310,"Single, Male",,,
Ameen Jutt ,https://www.facebook.com/profile.php?id=100090414106358,,,,
Sardar Raees Dogar ,https://www.facebook.com/profile.php?id=61552844314837,,,,
Muhammad Akmal Akmal ,https://www.facebook.com/muhammad.akmal.akmal.635625,"Lives in Faisalabad, From Faisalabad, Male",,Govt New Model High School GM Abad FSD,Self-employed
Shahbaz Ali Gulzar ,https://www.facebook.com/shahbazali.gulzar,"Lives in Faisalabad, From Faisalabad, Family
Jawad Gulzar, , , Male",,"Govt Mc high school samnabad faisalabad
June 2001 - June 2006","Zubair Distributors Medicines Traders
Executive Director"
Hafiz Sohail Rizvi ,https://www.facebook.com/profile.php?id=61555027970296,,,,
Abdullatif Bhtti ,https://www.facebook.com/profile.php?id=100086550057363,"Lives in Karachi, Pakistan",,,
Bilal Ahmad ,https://www.facebook.com/Bilalkhallpak,,,,
M. Shahzaib M. Shahzaib ,https://www.facebook.com/profile.php?id=61554976019184,,,,
Akash Asif ,https://www.facebook.com/profile.php?id=100094657457883,12 January 1997,,,
See FineMunde ,https://www.facebook.com/finemunde1114,Male,,,
Muhammad Ibrahim ,https://www.facebook.com/muhammad.ibrahim.154141,24 January 2003,,,
Asif Ali Rajoka ,https://www.facebook.com/asifali.rajoka.79,,,,
Fiaz Aulakh ,https://www.facebook.com/fiaz.aulakh.1,,,,
Naveed Bahi ,https://www.facebook.com/profile.php?id=61552218006037,"Lives in Lahore, Pakistan",,,
Hamza Jutt ,https://www.facebook.com/profile.php?id=61555229051668,5 May 1996,,,
Rauf Khichi ,https://www.facebook.com/rauf.khichi.3,,,,
Dawal Dabadi ,https://www.facebook.com/dawal.dabadi.1,From Gokak,,,
Faizali Fazi ,https://www.facebook.com/profile.php?id=61554993549195,,,,
Abdul Rehman Abbasi  (عبدالرحمان مانی),https://www.facebook.com/profile.php?id=61553581748945,,,,
Zeeshansaleem Saleem ,https://www.facebook.com/profile.php?id=100090519284050,,,,
Muhammad Arif ,https://www.facebook.com/profile.php?id=100088667405806,,,,
Dil Jaly ,https://www.facebook.com/profile.php?id=61554878519259,25 December 2000,,,
Lion Heart  (Atif Ali Chaudhry),https://www.facebook.com/atifalichaudhry,"Lives in Lahore, Pakistan, From Lahore, Pakistan, 8 August",,University of the Punjab,"Home4U Real Estate & Builders
Owner and CEO
15 Aug 2024-present
 
 · 2 years, 1 month"
ABrahman Rahman ,https://www.facebook.com/profile.php?id=100092454191905,,,,
Arslan Jutt ,https://www.facebook.com/profile.php?id=100074376111507,"Lives in Faisalabad, From Faisalabad",,,
Ammar Abbasi ,https://www.facebook.com/Ammar.abbasi333,"Lives in Islamabad, Pakistan, From Birot, Khyber Pakhtunkhwa, Pakistan, 7 September, Family
اقراء اخلاق عباسی۔, , , Male",,"Charisma Workforce Development
School year 2024",
Ali Raza ,https://www.facebook.com/profile.php?id=100093508926734,,,,
شاھد محمود ,https://www.facebook.com/profile.php?id=61554031355328,,,,
Awais Azeemi ,https://www.facebook.com/awais.azeemi.3,Lives in Faisalabad,,,
Afzal Butt ,https://www.facebook.com/afzal.butt.18294053,"Lives in Faisalabad, From Faisalabad, Male",,,
Muhammad Shahid ,https://www.facebook.com/profile.php?id=61551918672249,8 April 1983,,,
Azeem Azeem ,https://www.facebook.com/azeem.azeem.237053,,,,
Muhammad Rafique ,https://www.facebook.com/muhammad.rafique.606978,"Lives in Faisalabad, From Faisalabad, Married
Since 2000",,Govt M.C Higher Secondary School Allama Iqbal Road FSD,Facebook
Wasif Jutt Jutt ,https://www.facebook.com/profile.php?id=100091508833836,,,,
Hammad Ali ,https://www.facebook.com/profile.php?id=61555353333105,,,,
Haider Iqbal ,https://www.facebook.com/profile.php?id=100083565620772,,,,
Ch Rashid Iqbal Adv  (Rashid Jutt),https://www.facebook.com/profile.php?id=100089610396930,"Lives in Faisalabad, From Faisalabad",,Gcu Faisalabad,"Advocate High Court DBA Faisalabad
27 Feb 2024 - Present
 
 · 2 years, 7 months"
Zohaib Hero ,https://www.facebook.com/profile.php?id=100091476197259,,,,
Jawaid Aslam Arain ,https://www.facebook.com/jawaid.aslam,"Lives in Karachi, Pakistan, From Korangi, Sindh, Pakistan, Married
Since 11 October 2013",,,
Abbass Ali ,https://www.facebook.com/abbass.ali.218452,,,,
Arshad Rasool Akhund ,https://www.facebook.com/profile.php?id=61555213544894,"Lives in Matiari, Sindh, Pakistan, Single",,,"Matiari, Sindh, Pakistan"
HaKim Ali ,https://www.facebook.com/profile.php?id=100085900693454,,,,
Azimian MianAzi ,https://www.facebook.com/profile.php?id=100080460761481,,,,
Qasier Masood ,https://www.facebook.com/profile.php?id=61555371754021,"Lives in Islamabad, Pakistan, From Faisalabad",,,
Ghulam Serwer ,https://www.facebook.com/profile.php?id=61555633825965,,,,
Ahsan Rhandhawa ,https://www.facebook.com/profile.php?id=61555647006579,18 January 2000,,,
Fahad Gujjar ,https://www.facebook.com/fahad.gujjar.200970,,,,
Zidi Mirza ,https://www.facebook.com/zidi.mirza.796,,,,
Mazhar Bajwa ,https://www.facebook.com/profile.php?id=61553158425483,,,,
Nawazish Kiyani ,https://www.facebook.com/nawazish.kiyani.2025,"Lives in Islamabad, Pakistan",,,
Muhammad Ali ,https://www.facebook.com/aliuppal786,"Lives in Faisalabad, From Faisalabad, Male",,Govt comprehensive Model High School Samanabad Faisalabad,"Shifa International Hospitals Ltd.
Assistant Manager Business Development
18 May 2026 - Present
 
 · 4 months"
Mohammed Shahid ALi ,https://www.facebook.com/mohammed.shahid.ali.588223,Male,,,
Raja Junaid ,https://www.facebook.com/profile.php?id=61555421847097,,,,
Hamid Ali ,https://www.facebook.com/hamid.ali.705447,,,,
Raheel Sharif Lodhi  (Raheel Sharif lodhi),https://www.facebook.com/profile.php?id=100006648338446,,,,
Faraz Ali ,https://www.facebook.com/profile.php?id=61553747542428,16 December 2002,,,
Malik Adeel ,https://www.facebook.com/malik.adeel.987948,"Lives in Faisalabad, From Faisalabad",,,
Shani Ali ,https://www.facebook.com/shani.ali.906611,,,,
Syed Shahid Saleem Saleem ,https://www.facebook.com/syedshahidsaleem.saleem,Male,,,
Shake Nasir ,https://www.facebook.com/profile.php?id=61554250321028,,,,
Shair Ali ,https://www.facebook.com/shair.ali.200038,,,,
Shamroz Wahla ,https://www.facebook.com/shamroz.wahla.2025,,,"Govt Municipal Degree College, Abdullahpur, Faisalabad","Office mangmant
7 Jun 2022 - Present
 
 · 4 years, 3 months"
Ameen Unique ,https://www.facebook.com/profile.php?id=100074806758361,Lives in Faisalabad,,,
Arshad Ali ,https://www.facebook.com/arshad.ali.583807,,,,
Adv A Wasaya ,https://www.facebook.com/adv.a.wasaya,,,,
Maher Arslan ,https://www.facebook.com/profile.php?id=100090597860630,,,,
Shakeel Ahmed ,https://www.facebook.com/profile.php?id=61555624493499,,,,
Rana Sahor ,https://www.facebook.com/profile.php?id=100088946786496,,,,
Ansar Ali ,https://www.facebook.com/profile.php?id=100092957306315,,,,
M Qudartullah ,https://www.facebook.com/m.qudartullah.2025,,,,
Ajab Gull ,https://www.facebook.com/profile.php?id=100088399981362,,,,
Dilawar Khan ,https://www.facebook.com/dilawar.khan.495264,,,,
غموں کا شہزادہ ,https://www.facebook.com/Awaisbuzdar241,,,,
Malik Kashif Awan ,https://www.facebook.com/profile.php?id=61554000005371,Single,,,
Sajjad Iqbal ,https://www.facebook.com/sajjad.iqbal.5070,"Married, Male",,,
Mirza Shakeel Mirza Shakeel ,https://www.facebook.com/mirzarhman.mirzarhman,Male,,,
Hafiz Awais ,https://www.facebook.com/profile.php?id=100037643742548,"Lives in Faisalabad, From Faisalabad, 4 January 1999, Single",,,"Not Yet Working
1 Jan 2019 - Present
 
 · 7 years, 8 months"
Azhar Ali ,https://www.facebook.com/azhar.ali.waziri,,,,
Aqeel Butt ,https://www.facebook.com/aqeel.butt.503275,,,,
M Iqbal ,https://www.facebook.com/m.iqbal.594419,"Lives in Faisalabad, From Faisalabad, 22 July 1993",,muncipal digree college,
Md Khurshid ,https://www.facebook.com/md.khurshid.121466,,,,
Murtaza Ali ,https://www.facebook.com/profile.php?id=61553715793096,,,,
Mazhar Fareed ,https://www.facebook.com/profile.php?id=100073415235717,Lives in Faisalabad,,,
Hussaine Jutt Jutt ,https://www.facebook.com/profile.php?id=100074172758056,,,,
CH Imran ,https://www.facebook.com/profile.php?id=61551786602121,,,,
Usama Khan ,https://www.facebook.com/profile.php?id=100079141759858,"Lives in Lahore, Pakistan, From Lahore, Pakistan",,,
Fareed Ansar ,https://www.facebook.com/profile.php?id=100095285422305,"From London, United Kingdom",,,
Ali Jee ,https://www.facebook.com/profile.php?id=100088692801537,,,,
Sharif Sial ,https://www.facebook.com/sharif.sial.14,"From Lahore, Pakistan",,Punjab College Mian Channun,Gul Ahmed
Amjad Gujjer ,https://www.facebook.com/profile.php?id=61554351944000,"Lives in Gojra, Married",,Gcuf New Campus,
Mehar Ehsaan ,https://www.facebook.com/mehr.ehsaan.71,Male,,,
Imran Sher Ali Mpa ,https://www.facebook.com/profile.php?id=61553828805382,,,,
Ashraf Shad ,https://www.facebook.com/profile.php?id=100009257828222,Male,,,
Rana Ayoub ,https://www.facebook.com/profile.php?id=61550053464950,"Lives in Jaranwala, From Faisalabad, Married",,"Govt. High School, Jaranwala.",
صائمہ خٹک ,https://www.facebook.com/profile.php?id=61550962920720,"Lives in Islamabad, Pakistan, From Peshawar, Pakistan",,,
Pml N Mbdin ,https://www.facebook.com/profile.php?id=100094399178761,,,,
XhaNii RaNa ,https://www.facebook.com/xhanii.rana.324,"Lives in Dubai, United Arab Emirates",,,
Saber Ali ,https://www.facebook.com/profile.php?id=61555457482140,,,,
HA S S AN ,https://www.facebook.com/advocacy19,"Lives in Faisalabad, From Faisalabad, 1 January 2000",,"ABDUL SALAM COLLEGE FAISALABAD
School year 2020","District & Session Court Faisalabad
Corporate Lawyer
10 Nov 2022 - Present
 
 · 3 years, 10 months"
Amir Sab ,https://www.facebook.com/profile.php?id=100085354162683,11 September 1983,,,
Ijaz Aura Ijaz Aura ,https://www.facebook.com/profile.php?id=100094377799673,,,,
Prince Shakeel ,https://www.facebook.com/profile.php?id=100086605157651,20 June 1999,,,
Hameed Malik Hameed Malik ,https://www.facebook.com/profile.php?id=100073998285909,From Faisalabad,,,"Ayub Agricultural Research Institute,Faisalabad-Pakistan"
شیح اعظم ,https://www.facebook.com/profile.php?id=61555499340940,Lives in Faisalabad,,,
ملیحہ جبیں  (ببلی),https://www.facebook.com/profile.php?id=61554484543464,"Lives in Lahore, Pakistan, From Lahore, Pakistan, Engaged",,,
Ali Bahadar Blouch ,https://www.facebook.com/ali.bahadar.blouch.2025,,,,
Ayub Mujahid ,https://www.facebook.com/ayub.mujahid.14,"Lives in Faisalabad, Male",,,
Abdul Gaffar ,https://www.facebook.com/Nasir49022,6 November 1992,,,
Ramzan Malik ,https://www.facebook.com/profile.php?id=100080234836453,"Lives in Multan, From Multan",,,
Dawood Ansari ,https://www.facebook.com/profile.php?id=100056157502073,,,,
Abdul Gafoor ,https://www.facebook.com/profile.php?id=100087949421149,,,,
Muhammad Amin ,https://www.facebook.com/muhammad.amin.235759,Lives in Faisalabad,,,
Rana Ahmad Hussain ,https://www.facebook.com/rana.ahmadhussain.31,,,,
Hafizur Rehman ,https://www.facebook.com/profile.php?id=61553678497721,,,,
Hidar Ali ,https://www.facebook.com/hidar.ali.823800,,,,
Ali Ali ,https://www.facebook.com/profile.php?id=100080263333250,"Lives in Marseille, France",,,
Muhammad Shafaqat ,https://www.facebook.com/profile.php?id=100085347992275,,,,
Ali Jutt A J ,https://www.facebook.com/ali.jutt.a.j.58364,,,,
Dera Dehdar ,https://www.facebook.com/dera.gujran.dehdar,"Lives in Dehdar, Punjab, Pakistan",,,"Public sectarian NA64:pp31
خدمت خلق
4 Dec 2023 - Present
 
 · 2 years, 9 months"
Israfeel Khan ,https://www.facebook.com/israfeel.khan.91789,,,,
Akhtar Bilal ,https://www.facebook.com/akhtar.bilal.173924,,,,
Malik Shani ,https://www.facebook.com/profile.php?id=100069466822643,,,,
Mian Atiq Senior Politician ,https://www.facebook.com/profile.php?id=100087620097016,,,,
Mimran Zin Ansari ,https://www.facebook.com/profile.php?id=61554446592102,,,,
Shah Nawaz ,https://www.facebook.com/shah.nawaz.143748,Lives in Tandlianwala,,,
Bilal Ali ,https://www.facebook.com/profile.php?id=100010233817884,"Lives in Faisalabad, From Faisalabad, Male",,Allama iqbal open university Faisalabad,
Muhamad Rohan Jahangeer ,https://www.facebook.com/profile.php?id=61553551989175,,,,
Mian Amir ,https://www.facebook.com/profile.php?id=61554645983918,,,,
Saad Khan ,https://www.facebook.com/profile.php?id=61553637547622,,,,
Mirab Shah ,https://www.facebook.com/profile.php?id=100060976911819,"Lives in Faisalabad, From Faisalabad",,Punjab Group Of Colleges,
Reas Kohiwal ,https://www.facebook.com/reas.kohiwal,Male,,,
Zafar Iqbal Iqbal ,https://www.facebook.com/zafar.iqbal.iqbal.55877,,,,
Muhammad Jameel ,https://www.facebook.com/muhammad.jameel.596569,,,,
Saeed Butt Saeedbutt ,https://www.facebook.com/profile.php?id=61555197364414,,,,
Mian Zeeshan ,https://www.facebook.com/mian.zeeshan.314265,"Lives in Gojra, From Kacha Gojra, Punjab, Pakistan, Single",,Govt Graduate College Gojra,
Asif Nadeem Chaudhari ,https://www.facebook.com/jazib.a.niazi,"Lives in Faisalabad, From Jaranwala, Male",,"University of Agriculture Faisalabad, Pakistan",Faisalabad
M Asif Saleem ,https://www.facebook.com/masif.saleem.758,"Lives in Faisalabad, From London, United Kingdom",,,
Mian Ali ,https://www.facebook.com/profile.php?id=61555134614686,,,,
Mazar Seyal ,https://www.facebook.com/profile.php?id=61555070230360,,,,
Muhammamuhammad Zafoor ,https://www.facebook.com/muhammamuhammad.zafoor,,,,
Saleem Khan ,https://www.facebook.com/profile.php?id=100066822465214,,,,
Arshad Jutt ,https://www.facebook.com/profile.php?id=100091167656513,,,,
Aman Ullah Khan  (Aman khan),https://www.facebook.com/profile.php?id=61555393823282,"Lives in Lahore, Pakistan, From Lahore, Pakistan, Married",,,
Malik Javed Gulzar ,https://www.facebook.com/profile.php?id=61551794402258,,,,
Shehzad Khan ,https://www.facebook.com/shehzad.khan.170388,"Lives in Faisalabad, Married",,,
Asidallah Asidallah ,https://www.facebook.com/asidallah.asidallah.1,"Lives in Moro, Sindh, Male",,,
Ijaz Ali Ijaz Ali ,https://www.facebook.com/ijaz.ali.ijaz.ali.800894,,,,
Pakistanmuslim Leagen ,https://www.facebook.com/profile.php?id=100073077792415,"Lives in Khairpur Mirs, Sindh, Pakistan, From Khairpur Mirs, Sindh, Pakistan",,,"I Support PMLN
On 4 Dec 2021
 
 · 4 years, 9 months"
Md Kashif ,https://www.facebook.com/profile.php?id=100091588961310,"Lives in Karachi, Pakistan, Single",,,
Muneer Chano ,https://www.facebook.com/profile.php?id=61552356957941,,,,
M Aslam ,https://www.facebook.com/profile.php?id=100093502929022,,,,
Ali Hamza ,https://www.facebook.com/profile.php?id=100085627546792,"Lives in Okara, Pakistan, From Wan Radha Ram, Punjab, Pakistan",,,
Zahoor Ahmad ,https://www.facebook.com/zahoor.wig,,,,
Yasir G ,https://www.facebook.com/yasir.g.9849912,,,,
Jamil Khan ,https://www.facebook.com/profile.php?id=100092176017907,,,"Punjab, Pakistan",
Dild Ar ,https://www.facebook.com/profile.php?id=100088300366295,,,,
Jamshad Khan ,https://www.facebook.com/jamshad.khan.356820,,,,
Mohsin Raza Mohsin Raza ,https://www.facebook.com/mohsin.raza.mohsin.raza.164399,12 September 1989,,,
Asad Ali Asad Ali ,https://www.facebook.com/asad.ali.asad.ali.713943,30 January 1998,,,
Numan Naveed  (nomi),https://www.facebook.com/profile.php?id=61555848112697,,,,
Rana Shakeel ,https://www.facebook.com/profile.php?id=100057241033664,"From Faisalabad, 19 March 1984",,,
Soni Khan ,https://www.facebook.com/soni.khan.163298,,,,
Punjabi Jutt M Nawaz ,https://www.facebook.com/profile.php?id=100094323976869,"Lives in Lahore, Pakistan, From Faisalabad",,,
Muzamil Sultan Muzamil ,https://www.facebook.com/muzamil.sultan.muzamil.2025,,,,
Azhar Baloch  (Mar Balocha),https://www.facebook.com/nasir.bloch.940622,,,,
Nadeem Dhaku Nadeem Dhaku ,https://www.facebook.com/profile.php?id=61554860503850,31 October 1993,,,
Ahsan Nadeem ,https://www.facebook.com/profile.php?id=100094659347477,,,,
Sanaulah Ch ,https://www.facebook.com/profile.php?id=61551466166058,,,,
Ghulam Murtaza  (ghulam Murtaza),https://www.facebook.com/profile.php?id=100089812869290,"Lives in Jampur, From Jampur, Single, Urdu",,"United Group of colleges Jampur campus
School year 2025",
Malik Fiaz ,https://www.facebook.com/profile.php?id=100022667795051,Male,,,
Malik Imran ,https://www.facebook.com/malik.imran.953341,Lives in Sangla Hill,,,
Naseer Naseergujjar ,https://www.facebook.com/profile.php?id=61550280915442,,,,
Mian Farhan Ali ,https://www.facebook.com/madina.mart.3,,,,
Muhammad Imran ,https://www.facebook.com/muhammad.imran.751209,,,,
Anas Muteeb ,https://www.facebook.com/profile.php?id=100094003017222,,,,
Sameer Ahmad ,https://www.facebook.com/sameer.ahmad.368460,,,,
Asad Khan ,https://www.facebook.com/profile.php?id=61552620538279,3 November 2005,,,
Naseer Khan Bugti ,https://www.facebook.com/naseer.khan.bugti.521477,,,,
Ahmad Hassan ,https://www.facebook.com/profile.php?id=100090960495183,"Lives in Samundri, 11 December 1999",,,
Hashim Mian ,https://www.facebook.com/hashim.mian.594848,"7 August 1990, Male",,,
Saeed Anwar ,https://www.facebook.com/profile.php?id=61554854275785,"Lives in Lahore, Pakistan, From Toba Tek Singh, Pakistan",,John Nonny,"Mohamed Ewis
22 Dec 2023-present
 
 · 2 years, 9 months"
Rana Jawed ,https://www.facebook.com/profile.php?id=61553755316938,,,,
M Iqbal  (M Iqbal sofa poshish),https://www.facebook.com/m.iqbal.558232,,,,
Umar Warraich  (Umar Sarfraz),https://www.facebook.com/umar.warraich.443,"Lives in Faisalabad, From Samundri, 27 August",,Account Help 2602,"Crime Control Department, Punjab Police
Incharge CCD Iqbal town FSD
20 Apr 2025-present
 
 · 1 year, 5 months"
Ali Raza ,https://www.facebook.com/profile.php?id=61555300392317,,,,
Haseeb Rasheed ,https://www.facebook.com/profile.php?id=61555612490318,,,,
Arif Matto ,https://www.facebook.com/profile.php?id=100086464595445,"Lives in Muscat, Oman",,,
Muhammad Talha ,https://www.facebook.com/profile.php?id=61555325643146,,,,
Shahid Mahmood ,https://www.facebook.com/profile.php?id=100022903181095,"Lives in Multan, From Auckland, New Zealand",,,
Rana Zaveed ,https://www.facebook.com/profile.php?id=61552361834289,"Lives in Renala Khurd, From Renala Khurd",,gormint hai school,
Alla Wasaya ,https://www.facebook.com/profile.php?id=61553037193157,,,,
Usman Bashir ,https://www.facebook.com/profile.php?id=100080135450784,"Lives in Haveli, Punjab, Pakistan, From Haveli, Punjab, Pakistan, Single",,,
Rizwan Khan ,https://www.facebook.com/rizwan.khan.724353,,,,
Malik Siddique Malik ,https://www.facebook.com/malik.siddique.malik.879786,"Lives in Faisalabad, From Faisalabad",,Sindh university Jamshoro,Faisalabad
Baba Kala ,https://www.facebook.com/profile.php?id=100090395316196,,,,
Muihammad Aslam ,https://www.facebook.com/muihammad.aslam,Male,,,
Usman Badshah ,https://www.facebook.com/Usman.Badshah.00786,,,GC University Faisalabad,"Not Yet Working
4 Nov 2020 - Present
 
 · 5 years, 10 months"
Raja Azhar ,https://www.facebook.com/profile.php?id=100083038172525,"Lives in London, United Kingdom, From Rawalpindi, Pakistan",,,"Works at self employed business owner/ director
31 Oct 2022-present
 
 · 3 years, 10 months"
M Salman M Salman ,https://www.facebook.com/m.salman.m.salman.245124,,,,
Waheed Ahmad ,https://www.facebook.com/wahid.ahmeh.3,"From Faisalabad, Male",,,
Sheikh Abdul Rahman ,https://www.facebook.com/sheikh.abdul.rahman.18930,From Faisalabad,,,
Sajid Ali Sajid Ali ,https://www.facebook.com/profile.php?id=100094693308063,,,,
Zahid Raza ,https://www.facebook.com/zahid.raza.925969,"From Istanbul, Turkey",,,
M Rawzan ,https://www.facebook.com/profile.php?id=100081039316361,11 May 2001,,,
Shouqat Ali ,https://www.facebook.com/shouqat.ali.90475,,,,
Muneer Khan ,https://www.facebook.com/profile.php?id=61555587628729,,,,
Naeem Rana ,https://www.facebook.com/profile.php?id=100027538424584,"Lives in Faisalabad, Male",,,Facebook
Ghulam Shaber ,https://www.facebook.com/ghulam.shaber.3910,"Lives in Lahore, Pakistan, From Lahore, Pakistan",,Govt.Guru Nanak Higher Secondary School Nankana Sahib,
Abdul Majeed ,https://www.facebook.com/profile.php?id=100089156332884,Lives in Kasur,,,
Kashif Rana Kashif Rana ,https://www.facebook.com/kashifrana.kashifrana.5872,Lives in Faisalabad,,,
Naveed Jan ,https://www.facebook.com/profile.php?id=61551627234986,"Lives in Lahore, Pakistan, From Lahore, Pakistan",,AlBadar Schooling System,
Faizan Ahmad ,https://www.facebook.com/faizan.ahmad.71919,,,,
Muhammad Azhar Malik ,https://www.facebook.com/muhammadazhar.malik.739,,,,
Karak Pml-n ,https://www.facebook.com/mujahid.ktk.125760,,,,
Sheikh Chilli ,https://www.facebook.com/profile.php?id=100092534885588,,,,
Mian Anees Ali ,https://www.facebook.com/mian.anees.ali.2025,"Lives in Sheikhupura, From Sheikhupura",,"Farabi College Sheikhupura
In 2009",
Luqman Luqman ,https://www.facebook.com/profile.php?id=61552060931230,,,,
Ch Shahbaz Khan ,https://www.facebook.com/profile.php?id=100077169304107,,,,
Ahsaan Irfan ,https://www.facebook.com/ahsaan.irfan.2025,,,,
Moatte Joaye  (Alex Ruth),https://www.facebook.com/profile.php?id=100091872743345,,,,
Ali Jan ,https://www.facebook.com/profile.php?id=100046427021306,,,,
Noman Khan ,https://www.facebook.com/profile.php?id=61555347522877,,,,
Javed Shah ,https://www.facebook.com/profile.php?id=100093761417136,"Lives in Faisalabad, From Faisalabad, 18 May 1992",,,
Shan Khokhar ,https://www.facebook.com/shan.khokhar.613170,"Lives in Lahore, Pakistan",,,
Muhammad Adeel ,https://www.facebook.com/profile.php?id=100079580743471,,,,
Umar Farooq ,https://www.facebook.com/umar.farooq.651059,,,,
حسنین شفیق چیمہ ,https://www.facebook.com/profile.php?id=61555394965986,Lives in Faisalabad,,,
Dawn Pharmaceuticals Fsd ,https://www.facebook.com/dawn.pharmaceuticals.fsd,"Lives in Faisalabad, From Faisalabad",,,Dawn Pharmaceutical
Naveed Iqbal ,https://www.facebook.com/profile.php?id=100086147945801,,,,
Rana Sadaqat ,https://www.facebook.com/rana.sadaqat.450256,"Lives in Kacha Gojra, Punjab, Pakistan, From Whittlesey",,,
Muhammad Akhtar Ansari ,https://www.facebook.com/profile.php?id=100090295141068,"Lives in Rawalpindi, Pakistan, From Layyah, Punjab, Pakistan",,,
Tai Con ,https://www.facebook.com/baabu.mian.75,"Lives in Faisalabad, From Faisalabad",,,Self-employed
Malik Umair ,https://www.facebook.com/profile.php?id=61554207564509,"Lives in Muridke, Pakistan",,,
Saeed Khan Turk ,https://www.facebook.com/profile.php?id=61554103359511,,,,
Yasir Irfan ,https://www.facebook.com/profile.php?id=61552521299750,,,,
Amin Ansari ,https://www.facebook.com/amin.shah.33234,"Lives in Faisalabad, From Faisalabad",,,
Rana Sahil ,https://www.facebook.com/profile.php?id=100009705429794,,,,
Malik Abdullah ,https://www.facebook.com/profile.php?id=61551506452939,,,,
Muhammad Zakir ,https://www.facebook.com/profile.php?id=100089045924372,"Lives in Islamabad, Pakistan",,,
Saeed Ul Rehman ,https://www.facebook.com/saeed.ul.rehman.764401,"Lives in Faisalabad, From Faisalabad",,Punjab Group Of Colleges,Faisalabad
Mian Aqeel ,https://www.facebook.com/mian.aqeel.487517,,,,
Malik Qadeer ,https://www.facebook.com/profile.php?id=100090234706743,,,,
Siraj Ulhaq Khan ,https://www.facebook.com/sirajulhaq.khan.771,,,GIFT University,Facebook
M Imran M Imran ,https://www.facebook.com/profile.php?id=61552197954769,,,,
Muhammad Ramzan ,https://www.facebook.com/profile.php?id=100024027732788,"1 January 1994, Male",,,
Sabir Hussain ,https://www.facebook.com/profile.php?id=100084956168082,,,,
Qazi Ikram Bashir ,https://www.facebook.com/profile.php?id=100074272214936,"Lives in Lahore, Pakistan, From Chiniot, Married",,"University of the Punjab
School year 1979","Print & Electronic Media
Columnist
31 Dec 1967-present"
Ramzan Baloch ,https://www.facebook.com/profile.php?id=61551821158564,,,,
Nadeem Sanpal ,https://www.facebook.com/nadeem.sanpal.739966,,,,
Asim Hussain ,https://www.facebook.com/hafizasim.hussain,"Lives in Dubai, United Arab Emirates, From Faisalabad, 31 May",,,
Shafek Ahmad ,https://www.facebook.com/profile.php?id=61554680463415,,,,
Múĥámmáď Irfan ,https://www.facebook.com/muhammad.irfan.223823,Male,,,
Nasir Fareed ,https://www.facebook.com/profile.php?id=61555556551338,,,,
Amanullah Rathor Amanullah Rathor ,https://www.facebook.com/amanullah.rathor.amanullah.rathor,,,,
Hafiz Muhammad Ibrahim Abdullah  (Official ),https://www.facebook.com/HMIAOfficial1,"Lives in Faisalabad, From Faisalabad, 8 July 1998",,Seeraht Institute,"Markazi Ulema Council
Coordinator Youth affairs"
Ur Jutt Ur Jutt ,https://www.facebook.com/profile.php?id=61555229991882,,,,
Adeel Rana ,https://www.facebook.com/profile.php?id=61554813794953,,,,
Azhar Azhar ,https://www.facebook.com/profile.php?id=61552065350959,,,,
Rayast Ali ,https://www.facebook.com/rayast53,,,,
Ahmad Ali ,https://www.facebook.com/ahmad.ali.146265,Lives in Faisalabad,,,
Khan Mehboob ,https://www.facebook.com/profile.php?id=61550706554530,Lives in Jaranwala,,,
Shaid Dodi ,https://www.facebook.com/profile.php?id=61551479927274,,,,
Ch Shakeel Sandu ,https://www.facebook.com/chshakeel.sandu,Male,,,
Mohsin Raza ,https://www.facebook.com/profile.php?id=61550030816502,"Lives in Lahore, Pakistan",,Kips College Ferozpur Road,"BUSINESS CONSULTANT
3 Jul 2023 - Present
 
 · 3 years, 2 months"
Ameen Gujar ,https://www.facebook.com/ameen.gujar.852645,21 June 1998,,,
Babar Husain ,https://www.facebook.com/profile.php?id=100090032892720,,,,
Abas Awan ,https://www.facebook.com/profile.php?id=61550780343702,,,,
Naveed Lara ,https://www.facebook.com/profile.php?id=61550524712620,19 August 1997,,,
Raja Abdul Rahman Raja ,https://www.facebook.com/raja.abdul.rahman.raja.2025,,,,
Nadeemlara Iara ,https://www.facebook.com/profile.php?id=61552226382408,19 October 1998,,,
Mian Ramish Ali ,https://www.facebook.com/mian.ramish.ali.2025,"Lives in Faisalabad, From Faisalabad, Single",,Punjab Group Of Colleges,
Mubashir Ali ,https://www.facebook.com/profile.php?id=61554838465701,Single,,Dipalpur,Llpoyd
Haji Latif M Bakas ,https://www.facebook.com/haji.latif.m.bakas,,,,
Mashraf Mashraf ,https://www.facebook.com/profile.php?id=61554954789837,,,,
Mehdi Hasan Mahid ,https://www.facebook.com/profile.php?id=100095045504682,"Lives in Sylhet Division, From Marseille, France, Male",,,
Abid Hussain ,https://www.facebook.com/profile.php?id=100089819960927,"Lives in Kasur, From Kasur, Married",,Al-Hafiz Public School KASUR,
Qasim Sial ,https://www.facebook.com/profile.php?id=100080395532022,,,,
Sameer Baig ,https://www.facebook.com/sameer.baig.815969,"Lives in Lahore, Pakistan",,,
Sahoo Sahoo ,https://www.facebook.com/profile.php?id=100090555276658,,,,
Adeel Bhai ,https://www.facebook.com/adeel.bhai.654216,,,,
Muhammad Ayaz ,https://www.facebook.com/muhammad.ayaz.104203,"Lives in Bhakkar, From Bhakkar",,,
Ghulam Rasool ,https://www.facebook.com/profile.php?id=61554296552021,"Lives in Khanewal, From Khanewal, Married",,Zikria University Multan,
Zakar Kiani ,https://www.facebook.com/profile.php?id=61554454221318,,,,
Abdul Waheed ,https://www.facebook.com/abdul.waheed.549436,"Lives in Faisalabad, From Faisalabad, Male",,,Blue Bell Pretline
Abdul Rehman Cheema ,https://www.facebook.com/abdul.rehman.cheema.17299,"Lives in Faisalabad, Male",,,
Tanveer Kkr ,https://www.facebook.com/profile.php?id=100068648988550,"Lives in Lahore, Pakistan",,Panjab university lahore,"Facebook
2 Nd"
Mian Shahid ,https://www.facebook.com/profile.php?id=61555172994703,,,,
Muhammad Ashfaq Ansari ,https://www.facebook.com/ashfaq.ansari.50596013,Lives in Faisalabad,,,
Shahdaz Haider ,https://www.facebook.com/shahdaz.haider.2025,,,,
Malik Zahid Malik Zahid ,https://www.facebook.com/profile.php?id=100086068560867,,,,
Sayed Rasool Khan ,https://www.facebook.com/sayed.rasool.khan.2025,,,,"Riyadh, Saudi Arabia
19 Jan 2024 - Present
 
 · 2 years, 8 months"
Usman Shani ,https://www.facebook.com/usman.shani.647679,17 January 1990,,,
Muneeb Rajpoot ,https://www.facebook.com/profile.php?id=100095075946977,,,,
Ali Ali ,https://www.facebook.com/profile.php?id=61555338791469,Lives in Faisalabad,,Government P.B.Model High School Gujranwala,
M Faisal Malik ,https://www.facebook.com/MALIK55,"Lives in Shah Faisalabad, Punjab, Pakistan, From Shah Faisalabad, Punjab, Pakistan, 14 March 1988, Male",,,"My Own Business Institute
Managing Directors
15 Jan 2010 - Present
 
 · 16 years, 8 months"
Fiaz Supri ,https://www.facebook.com/fiaz.supri,Lives in Pakpattan,,,
Sheikh Tariq ,https://www.facebook.com/profile.php?id=61551145894216,,,,
Tanvee Ahmad Tanveer Ahamd ,https://www.facebook.com/profile.php?id=100094319747647,,,,
Ali Fruits ,https://www.facebook.com/ali.fruits.2025,,,,
Sohail Gondal ,https://www.facebook.com/sohail.gondal.3745,Male,,,
گمنام زندگی ,https://www.facebook.com/profile.php?id=100089301065453,Lives in Faisalabad,,,
Rashid John Rashid John ,https://www.facebook.com/profile.php?id=61555061290264,,,,
Rashid Bhatti ,https://www.facebook.com/profile.php?id=100030610783122,Male,,,
Ch Ishtiaq ,https://www.facebook.com/profile.php?id=100027717472716,Male,,,
Faizan Abbasi ,https://www.facebook.com/profile.php?id=61555610311216,"Lives in London, United Kingdom, From Islamabad, Pakistan, 22 March 1993, Married",,Punjab College,
M Afanan ,https://www.facebook.com/profile.php?id=61553818027642,,,A.fanani,
Muhammad Saleem ,https://www.facebook.com/profile.php?id=100056042770693,,,,
Sami Khan ,https://www.facebook.com/Samikhan1111111111111111,,,,
Sardar Shakil Gul ,https://www.facebook.com/shakilgul.shakilgul.7,"Lives in Rawalpindi, Pakistan",,,
Pola Peer ,https://www.facebook.com/poola.peer,Male,,,
Raju Shah ,https://www.facebook.com/profile.php?id=61555335273121,,,,
Mirza Muhammad Yaseen Baig ,https://www.facebook.com/MirzaMuhammadYaseenBaig,"Family
Imran Nazir Mughal, , , Male",,"GC University, Faisalabad, Pakistan
On 20 November 2015","Allama Iqbal Open University
Column writer
Jan 2017 - Present
 
 · 9 years, 7 months"
Jutt Brand ,https://www.facebook.com/profile.php?id=100094302454187,"Lives in Lahore, Pakistan",,Governor's School For Science And Mathematics,
Mian Hamza ,https://www.facebook.com/mian.hamza.142,"30 September 1993, Male",,,
Asgar Baloch Baloch ,https://www.facebook.com/profile.php?id=61553647301694,,,,
Kashif Malik  (Muhammad kashif jafar),https://www.facebook.com/kashif.kashif.5099,"Lives in Faisalabad, From Faisalabad, In a relationship",,Govt Islamia Collage Faisalabad,"Air conditioning
Technician"
Malik Niaz ,https://www.facebook.com/malik.niaz.625375,,,,
Erum Mayra ,https://www.facebook.com/profile.php?id=61552195473039,"Lives in Karachi, Pakistan",,,"Forever Living Products International
Brand Ambassador at Top MNC of America
21 Oct 2023-present
 
 · 2 years, 11 months"
Asifjutt Jutt ,https://www.facebook.com/profile.php?id=61555575785709,,,,
ملک رشید فورس ,https://www.facebook.com/profile.php?id=61551928798743,,,Govt degree college kot,"self employed
13 Mar 2024 - Present
 
 · 2 years, 6 months"
Ayat Ullah ,https://www.facebook.com/profile.php?id=61555903401839,16 January 2000,,,
Wajid Ali Samtia ,https://www.facebook.com/wajid.ali.samtia.2025,Lives in Faisalabad,,,
Bilal Khan ,https://www.facebook.com/profile.php?id=100074955726518,,,,
Shaukat Kakar ,https://www.facebook.com/shaukat.kakar.163770,,,,
Ahmadkhan Ahmadkhan ,https://www.facebook.com/profile.php?id=100087281051245,,,,
Waqas Sipra ,https://www.facebook.com/profile.php?id=61553287667205,,,,
Waseem Raja ,https://www.facebook.com/waseem.raja.56884,"Lives in London, United Kingdom, From Faisalabad",,,
Musa Khan Nwfp ,https://www.facebook.com/musakhan.nwfp,,,,
Musa Raza Taqvi  (Shah),https://www.facebook.com/syed.zada.1800721,"7 September 1994, Male",,Independent Medical College,Independent Medical College
Subhan Subhani ,https://www.facebook.com/profile.php?id=100091546699551,,,,
Sheraz Nadeem ,https://www.facebook.com/profile.php?id=61551488056610,"Lives in Islamabad, Pakistan",,,
Liapat Ali ,https://www.facebook.com/profile.php?id=61555348204182,"Lives in Lahore, Pakistan, From Lahore, Pakistan",,,
Javed Chuhan ,https://www.facebook.com/profile.php?id=100084474155252,"Lives in Khanewal, From Lahore, Pakistan",,Sunday All Stars (Variety show),
Shabbir Hussain Shabbir Hussain ,https://www.facebook.com/shabbir.hussain.shabbir.hussain.674880,,,,
Shani Qurashi ,https://www.facebook.com/profile.php?id=61552357799719,,,,
Rana Amir ,https://www.facebook.com/profile.php?id=100094734907613,"Lives in Qila Sheikhupura, Punjab, Pakistan, From Sheikhupura",,Govt.primary school Kaloke,
Khlil Ahmad ,https://www.facebook.com/khlil.ahmad.1804,,,,
رانا نجیب اللہ خاں ,https://www.facebook.com/najeeb.u.rana,"Lives in Lahore, Pakistan, From Faisalabad",,University of the Punjab,"Green Star Social Marketing Pakistan (Guarantee) Limited
Sales Parmotion Officer
22 Apr 2005 - Present
 
 · 21 years, 5 months"
Raza Mughil ,https://www.facebook.com/dasa1234d,"Lives in Faisalabad, Male",,Account Help 2602,Student
Amjad Farooq ,https://www.facebook.com/amjad.farooq.75641,"Lives in Faisalabad, From Faisalabad, Engaged",,University of the Punjab,"Faisalabad
Businessperson"
Fayyaz Ahmad ,https://www.facebook.com/fayyaz.ahmad.18062,"Lives in Faisalabad, From Faisalabad, Male, English language and Urdu",,,
Sårdår Mübãshïr Hûssåîñ ,https://www.facebook.com/sardar.mubashir.hussain.2025,"Lives in Balakot, From Paras, Khyber Pakhtunkhwa, Pakistan, Single",,Hazara University,"PML Ñ TÎGÉR
9 Dec 2023-present
 
 · 2 years, 9 months"
Haji Samar Abass ,https://www.facebook.com/samar.abass.395669,Male,,,
Bilal Jutt ,https://www.facebook.com/bilal.jutt.691217,,,,
Faiaz Gujjar ,https://www.facebook.com/faiaz.gujjar.2025,,,,
Mohammed Lukman ,https://www.facebook.com/mohammed.lukman.702118,"From Kulaura, Sylhet, Bangladesh, Single",,Kulaura Degree College,
Mian Ahsan Nasir ,https://www.facebook.com/mian.ahsan.nasir,"Lives in Faisalabad, From Faisalabad",,,
Muhammad Abdullah ,https://www.facebook.com/muhammad.abdullah.441390,,,,
Sardar Ahsen Farooq ,https://www.facebook.com/sardarahsen.farooq.9,"Lives in Rawalpindi, Pakistan, From Abbottabad, Married
Since 11 April 2021",,Abbottabad,Sad song
Mian Tahir Mian Tahir ,https://www.facebook.com/profile.php?id=61555410193192,"Lives in Hasilpur, From Bahawalpur",,,
Zain Mughal ,https://www.facebook.com/profile.php?id=100027404183037,Male,,,
Adv Muhammad Riaz Riaz ,https://www.facebook.com/adv.muhammad.riaz.riaz,,,,
Tariq Aziz ,https://www.facebook.com/subhan.tariq.543,"Lives in Faisalabad, From Faisalabad",,,
Haji Khokhar ,https://www.facebook.com/haji.khokhar.18,,,,
رائے توقیر حیات کھرل ,https://www.facebook.com/ray.twqyr.hyat.k.rl.2025,,,,
Nasir Javeed ,https://www.facebook.com/profile.php?id=61553531427428,,,,
Zaydan Khan ,https://www.facebook.com/profile.php?id=100080350702487,"Lives in London, United Kingdom, From Oxford",,The Kings Academy,
Anuj Saxena ,https://www.facebook.com/profile.php?id=100091973760457,,,,
Malik Asif Malik Asif ,https://www.facebook.com/malik.asif.malik.asif.723190,,,,
Faraz Ahmad  (Photographer),https://www.facebook.com/mianfaizi1255181,"Lives in Faisalabad, From Faisalabad, 9 April",,"Govt. Municipal Graduate College, Faisalabad","Blood Donators
Worker
18 Oct 2019 - Present
 
 · 6 years, 11 months"
Addas Addas Addas Addas ,https://www.facebook.com/profile.php?id=61553961427178,,,,
Ghulm Haider ,https://www.facebook.com/profile.php?id=61552423357484,24 February 1956,,,
Farman Ali ,https://www.facebook.com/profile.php?id=100092468498174,Lives in Faisalabad,,,
Rai Tariq Kharal ,https://www.facebook.com/profile.php?id=100095343078954,,,,
Nemat Khan ,https://www.facebook.com/profile.php?id=61552331139511,"Lives in Bahawalpur, From Bahawalpur",,The Islamia University of Bahawalpur Pakistan,
Muhammad Asif ,https://www.facebook.com/muhammad.asif.435885,,,,
Nasir Ch ,https://www.facebook.com/profile.php?id=61555722745312,,,,
Rana Shahzad Khan ,https://www.facebook.com/shahzad006,"1 January, Family
4 family members, , , , , Male",,,
Waqas Waqas ,https://www.facebook.com/profile.php?id=61554836227692,27 May 1996,,,
Fazal Abbas ,https://www.facebook.com/profile.php?id=100070382167139,,,,
Raja Muhammad Rafiq ,https://www.facebook.com/rajamuhammad.rafiq.16,"20 December 1958, Male",,,
Malik Adnan ,https://www.facebook.com/malik.adnan.229343,,,,
Iftkhar Rasool ,https://www.facebook.com/iftkhar.rasool.9,"Lives in Bahawalpur, From Bahawalpur, Married",,Govt SD High School Bahawalpur,"the working population
11 Oct 2023 - Present
 
 · 2 years, 11 months"
M Zaid ,https://www.facebook.com/m.zaid.494470,,,,
Wakeel Sahab ,https://www.facebook.com/profile.php?id=100088955265151,"Lives in Multan, From Multan, Single",,,
Bahram Khan Bahram ,https://www.facebook.com/profile.php?id=100088536297231,,,,
Umar Hayyat Umar HayyatAdvocate  (Adv Umar hayat),https://www.facebook.com/umar.hayyat.umar.hayyatadvocate,,,,
Muhammd Nasir Imran ,https://www.facebook.com/Imranashiq79,"Lives in Faisalabad, Married, Family
Farhan Ahmad Chaudary and Humman Ahmad, , , ",,Faisalabad,"Elite Store Faisalabad
CEO
5 Aug 2020 - Present
 
 · 6 years, 1 month"
Yousaf Waseer ,https://www.facebook.com/profile.php?id=61551403919660,"Lives in Faisalabad, Single",,Nilphamari government college,"self employed
23 Sep 2023 - Present
 
 · 3 years"
Lily Lily ,https://www.facebook.com/profile.php?id=100008861042178,"Lives in Mian Channun, From Mian Channu, Punjab, Pakistan, Male",,University of the Punjab,"Facebook
Product manager"
Sheed Ahmad Khan ,https://www.facebook.com/profile.php?id=100089953526042,,,,
M Umar Jee Umar ,https://www.facebook.com/profile.php?id=61555182772816,21 August 2000,,,
Javed Iqbal ,https://www.facebook.com/profile.php?id=61553777535708,,,,
Naveedail Naveedail ,https://www.facebook.com/profile.php?id=100080643291190,,,,
Tera Sarry ,https://www.facebook.com/sharry.sunam,"Lives in Sangrur, From Delhi, India, Married",,Sus College Sunam,
Haseeb Sheikh ,https://www.facebook.com/haseeb.sheikh.604681,"Lives in Faisalabad, From Faisalabad",,,Not Yet Working
Ayoub Saab Ali ,https://www.facebook.com/profile.php?id=61555345875301,,,,
Hafiz Basit ,https://www.facebook.com/hafiz.basit.306350,"Lives in Lahore, Pakistan, From Lahore, Pakistan, Single",,Punjab College Citi Housing Campus,Urdu Bazar Lahore
Qasim Gazali ,https://www.facebook.com/profile.php?id=100013175235812,Male,,,
Rana Rohail RanaRohail Rohail ,https://www.facebook.com/profile.php?id=100008247095564,"Lives in Multan, From Multan",,,
Abrar Ul Haq ,https://www.facebook.com/abrar.ul.haq.863194,,,"Amar Singh College, Srinagar",
حسنین مہدی ,https://www.facebook.com/hsnyn.m.dy.2025,"Lives in Karachi, Pakistan",,,
فیض کھوکھر ,https://www.facebook.com/profile.php?id=61550603105486,,,,
Sheikh Umair ,https://www.facebook.com/sheikh.umair.56679,"Lives in Faisalabad, Male",,,
Rizwan Kalyar ,https://www.facebook.com/rizwan.kalyar.54,"Lives in Chiniot, From Bhowana, 15 March 1997",,Islamia college Pansra,"Advocate at District Bar Association, Faisalabad.
20 Nov 2019 - Present
 
 · 6 years, 10 months"
Ch Shahbaz Randhawa ,https://www.facebook.com/shehbaz.randhawa.77,"Lives in Faisalabad, From Faisalabad, 16 March 1980, Male",,Govt Islamia College Faisalabad,
Shahid Riaz ,https://www.facebook.com/profile.php?id=100091570942384,"Lives in Bahawalpur, From Bahawalpur, Single",,,"Bahawalpur
May 2002 - Present
 
 · 24 years, 3 months"
M Faisal Faisal Abbas ,https://www.facebook.com/profile.php?id=61554026939491,,,,
Khalida Ali ,https://www.facebook.com/khalida.ali.10445,,,,
Arif Bahtti ,https://www.facebook.com/mahmmad.arif.5895,,,,
Ch Javed Gujjar ,https://www.facebook.com/ch.javed.gujjar.769476,"Lives in Lahore, Pakistan, From Lahore, Pakistan",,,
Irfan Irfan ,https://www.facebook.com/profile.php?id=61552371407306,,,,
Hafiz Syed Armaghan Adv ,https://www.facebook.com/syed.armaghan.shah.adv,,,,
Zahid Awan Zahid Awan ,https://www.facebook.com/profile.php?id=100089591887758,,,,
Ch Sajid Ali ,https://www.facebook.com/ch.sajidali.9279,Male,,,
Sarfraz Ahmad Randhawa ,https://www.facebook.com/sarfrazrundhawa,"Lives in Faisalabad, Male, English language, Urdu and Punjabi language",,,"Olive Outfits
Owner and CEO"
Ateeq Awan ,https://www.facebook.com/drateeq.awan,"Lives in Faisalabad, From Faisalabad, Male",,,
بھٹو پان شاپ ,https://www.facebook.com/bhutto.panshop,"Lives in Faisalabad, From Lahore, Pakistan",,,
Abid Ahmad Abid ,https://www.facebook.com/profile.php?id=100094113412153,1 January,,,
Waheed Husaain ,https://www.facebook.com/profile.php?id=61553594695089,,,,
Gulam Qamar ,https://www.facebook.com/gulam.qamar.5855,,,,
Zakir Khan ,https://www.facebook.com/profile.php?id=61551473437432,,,,
Ali Hassan ,https://www.facebook.com/profile.php?id=61555203603581,,,,
Ghalib Ammar ,https://www.facebook.com/nullghalib.ghalib,"Lives in Faisalabad, Male",,,
Chaudhry Qamar Usman ,https://www.facebook.com/qamar.usman.5243,"Lives in Islamabad, Pakistan, From Samundri, Married
Since 11 November 2023, Male",,,PML(N)
Alla Detta  (AD Jutt),https://www.facebook.com/profile.php?id=61554206776268,,,,
Mujahid Ansari ,https://www.facebook.com/profile.php?id=100071354956512,"Lives in Faisalabad, From Faisalabad, 7 January 2005",,,"Faisalabad
6 Jan 2025-present
 
 · 1 year, 8 months"
Mian Iqbal Sharif ,https://www.facebook.com/mian.iqbal.sharif.2025,"Lives in Faisalabad, From Shah Faisalabad, Punjab, Pakistan, Married",,,
Ishtiq Ahmad ,https://www.facebook.com/profile.php?id=100094276931332,,,,
قادری قادری پراپرٹی گروپ ,https://www.facebook.com/profile.php?id=61555691189548,"Lives in Lahore, Pakistan, From Gujrat",,,
Raza Dhuddi ,https://www.facebook.com/raza.dhuddi.1,,,,
Imtiaz Ahmad Kathia ,https://www.facebook.com/profile.php?id=61550593606932,,,,
Mustfa Bhai ,https://www.facebook.com/mustfa.bhai.1000,,,,
Ijaz Randhawa ,https://www.facebook.com/profile.php?id=61552334603627,1 January 1978,,,
Abid Butt ,https://www.facebook.com/abid.butt.418833,"Lives in Faisalabad, From Faisalabad",,,"Divisional Public School & College Faisalabad
28 Aug 2025 - Present
 
 · 1 year, 1 month"
Saqib Mughal ,https://www.facebook.com/profile.php?id=61555167951330,"Lives in Layyah, Punjab, Pakistan, From Layyah, Punjab, Pakistan",,,
Danish Chaudhary ,https://www.facebook.com/danish.chaudhary.64656,From Faisalabad,,,"Politician
28 Feb 2023 - Present
 
 · 3 years, 7 months"
Muhammad Akram ,https://www.facebook.com/profile.php?id=61555812296754,,,,
Syed Khursheed Shah Bahari ,https://www.facebook.com/profile.php?id=61553058272544,"Lives in Kasur, From Kasur",,,"Private Company
3 Nov 2023-present
 
 · 2 years, 10 months"
MAzad Mazad ,https://www.facebook.com/mazad.mazad.944,,,,
Shah Tamraiz ,https://www.facebook.com/shah.tamraiz.12974,,,,
Alish Mughal ,https://www.facebook.com/alish.mughal.7,"Lives in Rawalpindi, Pakistan, From Islamabad, Pakistan, Single",,,
Abdul Haddi ,https://www.facebook.com/abdul.haddi.208193,Male,,,
Dilawar Hussain ,https://www.facebook.com/dilawar.hussain.671249,"Lives in Mailsi, Punjab, Pakistan",,,
Shaniqbal Iqbal ,https://www.facebook.com/profile.php?id=61551889392079,,,,
Itz Queen ,https://www.facebook.com/itz.queen.630097,"Lives in Karachi, Pakistan, From Karachi, Pakistan",,,
Junaid Hameed Mughal ,https://www.facebook.com/junaid.h.mughal,Male,,,"Govt of panjab uc
23 Mar 2019 - Present
 
 · 7 years, 6 months"
Rana Wahab Lala ,https://www.facebook.com/profile.php?id=100093045573347,"Lives in Multan, From Hajipur, Punjab",,,
Ifra Imtiaz ,https://www.facebook.com/ifra.imtiaz.48361,,,,
Nayyer Sajjad ,https://www.facebook.com/profile.php?id=100059332080840,"Lives in Chakwal, Pakistan",,,
M Shah Zad Tabassum ,https://www.facebook.com/m.shah.zad.tabassum.2025,,,,
Asam Ali ,https://www.facebook.com/asam.ali.911606,,,,
Sohaib Zafar ,https://www.facebook.com/profile.php?id=61554374361506,,,,
Salman Khan ,https://www.facebook.com/salman.khan.117672,,,,
Rana Asrar Khan Adv ,https://www.facebook.com/rana.asrarkhanadv,"Lives in Faisalabad, From Faisalabad",,,"Advocate. DBA
20 Feb 2020 - Present
 
 · 6 years, 7 months"
Ghulam Hassan ,https://www.facebook.com/profile.php?id=100089452197074,,,,
Rana Anwar Khan ,https://www.facebook.com/profile.php?id=100072677205862,11 July 1997,,,
Sajjad Chaudhary ,https://www.facebook.com/sajjad.chaudhary.156819,"From Lahore, Pakistan",,Govt Islamia High School Misri Shah Lahore,
Bani Jutt ,https://www.facebook.com/bani.jutt.828470,,,Govt M.C Higher Secondary School Allama Iqbal Road FSD,
Arfan Gujjar ,https://www.facebook.com/profile.php?id=61555496890174,,,,
Rashid Iqbal Rashid ,https://www.facebook.com/profile.php?id=61554933539224,,,,
Qasim Ali ,https://www.facebook.com/profile.php?id=61554790970924,2 July 1995,,,
M Asif M Asif ,https://www.facebook.com/m.asif.m.asif.387730,"Lives in Lahore, Pakistan, From Dhermond, Punjab, Pakistan",,,
Imran Jahmat ,https://www.facebook.com/profile.php?id=100076884402747,"Lives in Jaranwala, From Jaranwala",,,fÄçêbøök vÍp ÃççoüÑt ▒▒▒▒▒▒▒▒■▨■▨▧▨■█■█■█■█■█■█ ■█■█■ Loading •●■■□■■■■█▒█▒█ 100% ORigNal ⓨⓨⓨ (1) kanpur
مہر وقاص لوہانچ ,https://www.facebook.com/profile.php?id=100088685871059,"Lives in Layyah, Punjab, Pakistan, From Layyah, Punjab, Pakistan, Single",,,
Mirza Muzmmal ,https://www.facebook.com/mirza.muzmmal.35,20 March 2002,,,
Rana Waseem Ashfaq  (Advocate HC),https://www.facebook.com/ahmad.r.rao.9,"Lives in New Gulgasht, Punjab, Pakistan, From Multan",,,
Zia Aslam Khan ,https://www.facebook.com/profile.php?id=1296171188,"Lives in Manchester, United Kingdom, From Faisalabad, Married
Since August 2007",,,
Pervaiz Bhatti ,https://www.facebook.com/pervaiz.bhatti.355,"Lives in Faisalabad, From Faisalabad, Family
Ramooz Haans, , ",,,"Ex Coordinator District Minority affair Faisalabad
Pmln
2017 - Present
 
 · 9 years, 8 months"
Qazi Akbar Ali ,https://www.facebook.com/qazi.akbarali.7,"Lives in Faisalabad, From Faisalabad, Male",,,Self-employed
Usman Sheikh ,https://www.facebook.com/uxman.xhk,Male,,,
Amir Iqbal ,https://www.facebook.com/amir.iqbal.227174,"Lives in Okara, Pakistan, From Okara, Pakistan, Married",,,Own business
حیقمت اللہ ,https://www.facebook.com/hyqmtall,,,,
Hasnain Ali ,https://www.facebook.com/profile.php?id=61552740182374,26 October 1998,,,
Adnan Ahmad Nasir ,https://www.facebook.com/adnanahmad.nasir,"Lives in Lahore, Pakistan, From Vehari",,,Former web developer at NesterSky
Hafiz Yaseen ,https://www.facebook.com/profile.php?id=61553783690353,"Lives in Lahore, Pakistan",,,
Nasir Mohammed ,https://www.facebook.com/profile.php?id=100088822096942,,,,
عمران ترین عمران ,https://www.facebook.com/profile.php?id=100082858162303,,,,
Ch Sarmad Dhillon ,https://www.facebook.com/sarmad.dhillon.1,"Lives in Faisalabad, Single",,Govt Post Graduated islamia college Faisalabad,property dealer
Ghufran Rehman ,https://www.facebook.com/ghufranrehman100,"Lives in Faisalabad, From Faisalabad, 5 September 2000",,Punjab Group Of Colleges,Not Yet Working
Abdul Toheed Rao ,https://www.facebook.com/abdultoheed.rao.1,"Lives in Bahawalnagar, From Bahawalnagar, Male",,Govt Degree College Bahawalnagar,"Quilim Marquee
1 Nov 2017 - Present
 
 · 8 years, 10 months"
Azhar Azhar ,https://www.facebook.com/profile.php?id=61551201899584,,,,
Niyazhussain Umrani ,https://www.facebook.com/profile.php?id=100093358072266,,,,
Akram Ch ,https://www.facebook.com/profile.php?id=100091314802572,,,,
Faiza Chaudary ,https://www.facebook.com/faiza.chaudary.2025,"Lives in Narowal, From Nidoke, Punjab, Pakistan, 26 April 2007",,Punjab University Lahore,"Narowal Education system
Managing Director
May 2022 - Present
 
 · 4 years, 3 months"
Usman Bhatti ,https://www.facebook.com/profile.php?id=100094421107120,,,,
عثمان اشرف ,https://www.facebook.com/profile.php?id=61555293303448,,,,
Muhammad Kashif  (Kashi),https://www.facebook.com/muhammad.kashif.12532,"Lives in Pelabohan Klang, Selangor, Malaysia, From Faisalabad, In an open relationship",,"University of the Punjab
School year 1996",
Adv Mehar Muhammad Sameer ,https://www.facebook.com/mehar.muahmmad.sameer,"Lives in Lahore, Pakistan, From Lahore, Pakistan, 1997",,"The Institute of Legal Studies
1 March 2019 - 22 October 2021","kausar.oils
Accountant
Mar 2024 - 30 Mar 2026
 
 · 2 years, 1 month"
Saleem Bwl ,https://www.facebook.com/saleem.bwl.50,,,,
Faisal Khan ,https://www.facebook.com/faisal.khan.381475,"Lives in Lahore, Pakistan",,,
Musa Ch ,https://www.facebook.com/musajutt.jutt.75,,,,
Arif Baghdadi ,https://www.facebook.com/arif.baghdadi.2025,"Lives in Faisalabad, Male",,,"Self-employed
Owner"
Md Hira Mia ,https://www.facebook.com/profile.php?id=100092011911640,,,,
Muhammad Irfan ,https://www.facebook.com/profile.php?id=61552625530189,,,,
Irshad Khan ,https://www.facebook.com/irshad.khan.628609,"Lives in Peshawar, Pakistan, From Bajauri Koruna, Khyber Pakhtunkhwa, Pakistan, Single",,,
Awaismalik Awaismalik ,https://www.facebook.com/profile.php?id=100078120744456,,,,
Raju Kuraku Raju ,https://www.facebook.com/profile.php?id=61550806121914,,,,
Sardar Waseem Akram ,https://www.facebook.com/sardar.waseem.akram.229481,"Lives in Jaranwala, From Jaranwala, Married
Since 23 July 2026",,,
PS-97 KARACHI EAST ,https://www.facebook.com/pmln.karachi.east,,,,
Muhammad Rashed ,https://www.facebook.com/muhammad.rashed.58726,,,,
Imran Baloch ,https://www.facebook.com/profile.php?id=100078816142590,,,,
Rima Yohana ,https://www.facebook.com/profile.php?id=100011201674890,"Lives in Cikampek, Jawa Barat, Indonesia, From Dawuan 1, Jawa Barat, Indonesia, Married to
Yoga Pratama
Since 26 December 2015",,,
MD Nahid Ahmed  (Love you oll),https://www.facebook.com/md.nahid.ahmed.750750,"Lives in Dhaka, India, 10 December 2003",,,"꧁
𝙅𝙋𝙏 𝙆𝙄𝙉𝙂
꧂
▃▅▆▓
𝙑𝙄𝙋
▓▆▅▃
▃▅▆▓
𝙅𝙋𝙏 𝙆𝙊 𝙆𝙄𝙉𝙂
▓▆▅▃
𝙁"
Khawer Hussain ,https://www.facebook.com/khawer.hussain.7568,"Lives in Faisalabad, 27 March 2003, Married",,,"Wise chairman UC178. 217.RB
GM. Of Abdullah viewing factory faislabaad
5 Oct 2020 - Present
 
 · 5 years, 11 months"
نعیم انصاری ,https://www.facebook.com/profile.php?id=100055632061696,,,,
Saani Ansari ,https://www.facebook.com/saani.ansari.2025,,,,
Muhammad Mubeen Ashfaq ,https://www.facebook.com/profile.php?id=100077642792223,,,,
Rana Qasim ,https://www.facebook.com/profile.php?id=100087636353793,"Lives in Kuala Lumpur, Malaysia, 15 May 1995, Single",,,"CS-Pro Window Film Kajang
Dec 2023 - Present
 
 · 2 years, 8 months"
Rehan Ahmed Farooqui ,https://www.facebook.com/rehanahmed.farooqui.16,"Lives in Karachi, Pakistan, From Karachi, Pakistan",,,
Sheelu Bharti ,https://www.facebook.com/sheelu.bharti.2025,,,,
Sajid Ali ,https://www.facebook.com/sajid.ali.542830,,,,
Jawad Zhaoor ,https://www.facebook.com/profile.php?id=61555127891854,,,,
Muslim Loin ,https://www.facebook.com/muslim.loin,,,,
Ali Hasan ,https://www.facebook.com/profile.php?id=100088694688144,,,,
Naeem Sial ,https://www.facebook.com/profile.php?id=100086685245193,,,,
Mohsan Jutt Jutt G ,https://www.facebook.com/mohsanjutt.juttg.5,16 December 2002,,BZU Bahauddin Zakariya University Multan,
Hafiz Ahmad ,https://www.facebook.com/profile.php?id=100094792686612,,,,
Arshad Kabho  (Haseeb Gill),https://www.facebook.com/azam.bukhari.75,"Lives in Bahwal, Punjab, Pakistan, From Lahore, Pakistan, Male",,,"PML(N)
25 Aug 2019 - Present
 
 · 7 years, 1 month"
Malik Jahangir ,https://www.facebook.com/profile.php?id=100085390325767,,,,
Zafar Ali ,https://www.facebook.com/profile.php?id=61555633261667,,,,
Mir Hamza ,https://www.facebook.com/mir.hamza.182904,"Lives in Lahore, Pakistan",,,
Abdul Majid ,https://www.facebook.com/profile.php?id=61553202183013,2 July 1994,,,
Malik Akbar ,https://www.facebook.com/profile.php?id=61555170173494,,,,
Mansoor Ahmad ,https://www.facebook.com/mansoor.ahmad.874739,"Lives in Chiniot, From Chiniot, Married",,,"Modern Furniture
5 Jul 2023 - Present
 
 · 3 years, 2 months"
เถ่าแก่ เสียง  (Øfîcál Ãlî),https://www.facebook.com/profile.php?id=100039684337020,"Lives in Layyah, Punjab, Pakistan, From Rawalpindi, Pakistan",,,Information Technology [ I.T ] ( Computer Science )
Hassan Raza ,https://www.facebook.com/profile.php?id=61550782397066,,,,
Zahoor Allam ,https://www.facebook.com/zahoor.allam.15305,,,,
Mghafoor Ghafoor ,https://www.facebook.com/profile.php?id=100080903374461,,,,
Cahaya Naumi ,https://www.facebook.com/profile.php?id=100071872006700,"Lives in Bandar Lampung, Married",,,
Muhammad Taleem ,https://www.facebook.com/profile.php?id=61552318853678,,,,
Kurram Butt Butt ,https://www.facebook.com/kurrambutt.butt,Male,,,
Lateef Lateef ,https://www.facebook.com/profile.php?id=61555137765359,,,,
Muhammad Saeed Ahmad ,https://www.facebook.com/saeedest,"Lives in Lahore, Pakistan, From Dunga Bunga, Male",,,"SignOn360 - pvt.Ltd
Director
Apr 2014 - Present
 
 · 12 years, 4 months"
Hji Arif M Arif ,https://www.facebook.com/profile.php?id=61553910314867,,,,
M NUman Shafique ,https://www.facebook.com/mnoaman.shafique,"Lives in Faisalabad, From Islamabad, Pakistan, 13 March",,,
Adro Hossain ,https://www.facebook.com/rasel.hossain.396659,"Lives in Dhaka, Bangladesh, Single, Male",,BGMEA University of Fashion & Technology - BUFT,
Fakhar Uddin ,https://www.facebook.com/profile.php?id=61554755296089,,,,
Raja Verma  (RP Verma),https://www.facebook.com/profile.php?id=61555306490561,"Lives in Rajapur, Uttar Pradesh, From Rajapur, Uttar Pradesh, 1 January 2006",,,
Hafeez Wattoo ,https://www.facebook.com/profile.php?id=100093088203656,,,,
Abull Razzaq ,https://www.facebook.com/profile.php?id=61554999658151,,,,
Zulfi Bhai ,https://www.facebook.com/profile.php?id=61551208721933,,,,
Mohsinabbasi Mohsinabbasi ,https://www.facebook.com/mohsinabbasi.mohsinabbasi.169,,,,PML(N)
Malik Amir ,https://www.facebook.com/malik.amir.662477,"Lives in Lahore, Pakistan, From Lahore, Pakistan",,,"Super Awami Transport Network
Manager
25 Jul 2022-present
 
 · 4 years, 2 months"
Ghani Rehman ,https://www.facebook.com/profile.php?id=61554798941234,,,,
Muhammad Ashiq ,https://www.facebook.com/muhammad.ashiq.429293,"Lives in Lahore, Pakistan",,,
Kashif Kashif ,https://www.facebook.com/kashif.kashif.652962,,,,
Ch Munir Ahmad ,https://www.facebook.com/ch.munir.ahmad.152726,"From Lahore, Pakistan",,,NOTHING MORE
Zoha Shah Zoha ,https://www.facebook.com/profile.php?id=61555762561886,Lives in Gujrat,,,
Abdul Saboor Nain ,https://www.facebook.com/abdulsaboor.nain,"Lives in Faisalabad, From Faisalabad, 9 February",,,"GNN
Reporter
9 Jan 2023 - Present
 
 · 3 years, 8 months"
Ali Wasli Pmln ,https://www.facebook.com/nazmehar.nazmehar,From Tandlianwala,,,
Muhammad Yousaf Mughal ,https://www.facebook.com/profile.php?id=61552087752313,"Lives in Kasur, From Kaw City, Oklahoma",,,"Packages kasur plant.
Shift in-charge at packages starch pack kasur plant
21 Jun 2023 - Present
 
 · 3 years, 3 months"
Wazir Ali Kala ,https://www.facebook.com/profile.php?id=100083089523770,,,,
Ahmad Subhan ,https://www.facebook.com/profile.php?id=61554804316899,,,,
Munawar Khan ,https://www.facebook.com/profile.php?id=100039544731718,,,,
Muhammad Afzal ,https://www.facebook.com/profile.php?id=61552648825181,,,,
Ubaid Ali ,https://www.facebook.com/ubaid.ali.931757,,,,
Nadeem Asif ,https://www.facebook.com/profile.php?id=100095182115756,,,,
Jahirul Islam ,https://www.facebook.com/md.jojirul,"Lives in Doha, From Doha, 15 October",,,"FACEBOOK VIP ACCOUNT█║▌│King of Love █│║▌║││█║▌│║█║▌ Searching New Gf�����
15 Jan 2024-present
 
 · 2 years, 8 months"
Maheswari Maheshwari  (Madhu),https://www.facebook.com/Maheswari150,Single,,,
Khalid Sheikh ,https://www.facebook.com/profile.php?id=100047815445856,"Lives in Lahore, Pakistan",,,
Muhammad Jamil ,https://www.facebook.com/profile.php?id=100052358761141,,,,
Shakar Rafiq ,https://www.facebook.com/shakar.rafiq.5,Male,,,
Nizam Kumar ,https://www.facebook.com/profile.php?id=61555557099597,,,,
Geo Phaphra ,https://www.facebook.com/profile.php?id=61555871691219,"Lives in Pind Dadan Khan, From Jhelum, Punjab",,,
پاکستان پیپلزپارٹی فورٹ عباس ,https://www.facebook.com/profile.php?id=61555354332879,"Lives in Fort Abbas, From Khichiwala, Punjab, Pakistan",,,"Pakistan Peoples Party - PPP
15 Jan 2024 - Present
 
 · 2 years, 8 months"
Zain Malik ,https://www.facebook.com/zain.malik.898027,"Lives in Sheikhpura, Single",,,"Jugnoo Gujjar Tarders
1 Mar 2024-present
 
 · 2 years, 6 months"
ملک امتیاز احمد آرائیں ,https://www.facebook.com/imtiaz.malik.10888,Male,,,MPhil
Abdul Rahman ,https://www.facebook.com/abdul.rahman.523961,,,,
Aslam Rehmani Bwp  (Rehmani),https://www.facebook.com/aslam.rehmani.bwp,"Lives in Bahawalpur, From Bahawalpur, Married",,,Bahawalpur
M Iqbal ,https://www.facebook.com/profile.php?id=61554853500112,,,,
Sharrif Sharrif ,https://www.facebook.com/profile.php?id=100086775116443,,,,
M Shakir ,https://www.facebook.com/profile.php?id=61551899559640,,,,
Ramdas Kumar ,https://www.facebook.com/ramdas.kumar.33821,"Lives in Begusarai, Single, Male",,,
Anwar Sultani ,https://www.facebook.com/profile.php?id=61555813797175,,,,
Maqsood Ali ,https://www.facebook.com/profile.php?id=61555262273196,,,,
Hafiz Waqar Hassan ,https://www.facebook.com/mian.waqar.98434,"Lives in Faisalabad, From Faisalabad",,ORIC - National Textile University Faisalabad,
Safi Khalifa ,https://www.facebook.com/safi.khalifa.183088,,,,
Junaid Sethi ,https://www.facebook.com/junaid.sethi.3,,,,
Sachin Kanojia ,https://www.facebook.com/sachin.radhe.353,,,,
M AD ,https://www.facebook.com/profile.php?id=100078779904086,,,,
Huk SA ,https://www.facebook.com/profile.php?id=61554764943502,"Lives in Jodhpur, From Jodhpur, Single",,,"School
5 Jul 2025-present
 
 · 1 year, 2 months"
Tamoor Saleem ,https://www.facebook.com/profile.php?id=61554107411529,"Lives in Lahore, Pakistan",,,
Mehran Khan ,https://www.facebook.com/profile.php?id=100089592649438,,,,
Rafiq Gujjar ,https://www.facebook.com/profile.php?id=61553440925464,"Lives in Lahore, Pakistan, From Lahore, Pakistan",,,
Ayan Khan ,https://www.facebook.com/ayan.khan.152242,"Lives in Kolkata, From Kolkata, Single",,,
Asad Gill Asad Gill ,https://www.facebook.com/asadgill.asadgill.775,"Lives in Toba Tek Singh, Pakistan, From Ludhiana, Punjab, India",,"Govt MD College TT Singh
School year 2014","Child Protection and Welfare Bureau
Field jobs
1 Jan 2018 - Present
 
 · 8 years, 8 months"
H K Verma Kirorriwal ,https://www.facebook.com/h.k.verma.kirorriwal,,,,"Mechanical engineering
Tile Installer
1 Feb 2015 - Present
 
 · 11 years, 7 months"
Drctor Baber ,https://www.facebook.com/profile.php?id=100069717161275,,,,
Shan Shan ,https://www.facebook.com/profile.php?id=100071096800415,,,,
Umar Umar ,https://www.facebook.com/profile.php?id=61555305573823,,,,
Md Siyam Hossain ,https://www.facebook.com/md.siyam.hossain.719186,"Lives in Dhaka, Bangladesh, From Marseille, France",,,
Fida Hussain ,https://www.facebook.com/profile.php?id=61553698654002,,,,
Sahkkil Ahmad ,https://www.facebook.com/profile.php?id=61554653470561,,,,
Faisal Awan Faisal Awan ,https://www.facebook.com/faisalawan.faisalawan.79,,,,
Adrees Ansari ,https://www.facebook.com/adrees.ansari.1485,Male,,,
Muhammad Saddiq ,https://www.facebook.com/profile.php?id=61554708374827,"Lives in Lahore, Pakistan, 10 June 1999",,,
Ihsan Ali Ali ,https://www.facebook.com/profile.php?id=61555198146959,,,,
Muhammad Javeed Rajpoot Dhuddi ,https://www.facebook.com/profile.php?id=61552420066251,,,,
Tahir Shafeeq ,https://www.facebook.com/profile.php?id=61553884640766,,,,
Muhammad Rfiq ,https://www.facebook.com/profile.php?id=61553811205628,,,,
Mdtoukur Jahan Panto ,https://www.facebook.com/mdtoukur.jahan.panto,,,,
Yasir Malik ,https://www.facebook.com/profile.php?id=100090668119753,,,,
Dhrumik Vachhani ,https://www.facebook.com/dhrumik.vachhani,"Lives in Ahmedabad, India, From Junagadh, Male",,"OM Engineering College ,Junagadh",
Wazeer Ali Wazeer ,https://www.facebook.com/wazeerali.wazeer.737,,,,
Muhammad Ramzan ,https://www.facebook.com/profile.php?id=100062002240412,,,Govt High School 509 G.B. Mamunkanjan,"Manama, Bahrain"
Raza Ali Javed Raj ,https://www.facebook.com/razaalijaved.raj,"Lives in Faisalabad, From Faisalabad, 19 February 1987",,,"The Faisalabad Chamber of Commerce & Industry
Media Coordinator
2004 - Present
 
 · 22 years, 8 months"
M Imran Kullah ,https://www.facebook.com/profile.php?id=61555593216700,,,,
Sayed Shahid Ali Sha ,https://www.facebook.com/sayed.shahid.ali.sha,"Lives in Kuala Lumpur, Malaysia, From Bunerwal, Khyber Pakhtunkhwa, Pakistan, Engaged",,,‎ستوديو مسلم - Muslim Studio‎
Adilbutti Azanjutt ,https://www.facebook.com/profile.php?id=100092865664126,"Lives in Jeddah, Saudi Arabia",,,
Muhammad Naveed Asghar Wattoo ,https://www.facebook.com/muhammad.naveed.asghar.wattoo,"Lives in Khushabad, Punjab, Pakistan, From Jauharabad",,,"University Of Lahore
26 Dec 2023-present
 
 · 2 years, 9 months"
Muhammad Yar Saqlain  (Naqshbandi mujjadedi),https://www.facebook.com/muhammad.yar.777,"Lives in Toba Tek Singh, Pakistan, From Toba Tek Singh, Pakistan, Married",,,GHS 761 G.B.
Jummah Khan ,https://www.facebook.com/profile.php?id=61550945130032,"Lives in Layyah, Punjab, Pakistan, From Layyah, Punjab, Pakistan",,,
Budy Akhtar ,https://www.facebook.com/budy.akhtar,"Lives in Sragen, Jawa Tengah, Indonesia, From Sragen, Jawa Tengah, Indonesia, Female",,,PT.DMDT 8
Qasim Ali Jutt ,https://www.facebook.com/qasim.ali.jutt.264877,"Lives in Shah Faisalabad, Punjab, Pakistan, From Faisalabad, Married",,,
Rana Umer ,https://www.facebook.com/rana.umer.710186,,,,
Muhammad Akram ,https://www.facebook.com/profile.php?id=61554946221504,,,,
Sufyan Rajpoot ,https://www.facebook.com/profile.php?id=61555617511531,,,,
Syed Nouman Shah Bukhari ,https://www.facebook.com/profile.php?id=61550675857593,"Lives in Haria, Punjab, Pakistan, From Haria, Punjab, Pakistan",,,"Medical assistant
26 Jan 2024 - Present
 
 · 2 years, 8 months"
Md Rezaul Islam Babu ,https://www.facebook.com/md.rezaul.islam.babu.755691,"Lives in Dinajpur, Rājshāhi, Bangladesh, From Dinajpur, Rājshāhi, Bangladesh, Married
Since 2013",,,"Business man
9 Mar 2005 - Present
 
 · 21 years, 6 months"
Sajid Dogar ,https://www.facebook.com/sajid.dogar.221767,,,,
MD Miskat Hosen Sikder ,https://www.facebook.com/md.miskat.hosen.sikder.2025,"Lives in Faridpur, Dhaka, Bangladesh, From Nao Bhanga, Dhaka, Bangladesh",,,"Bolok
King dom
4 Apr 2003-present
 
 · 23 years, 5 months"
میاں افتخار بشیر آراییں ,https://www.facebook.com/profile.php?id=100089887728372,Lives in Faisalabad,,,
Muhammad Shahid ,https://www.facebook.com/muhammad.shahid.854602,,,,
Jahanzaib Gilal ,https://www.facebook.com/profile.php?id=100082193921805,"Lives in Karachi, Pakistan, From Islamabad, Pakistan, Single",,,
Måjîd ÃnŠårį ,https://www.facebook.com/majid.ansari.51608,"Lives in Faisalabad, Single, Male",,Gomal University Faisalabad,
Miraj Ansari ,https://www.facebook.com/miraj.ansari.486732,"Married
Since 28 April 2021",,,
Irfan Shaikh ,https://www.facebook.com/irfan.shaikh.987587,"Lives in Faisalabad, From Faisalabad, 5 January 1996",,,
M LaLa CH ,https://www.facebook.com/allha.ditta.1232,,,,
Asim Ali Asim Butt ,https://www.facebook.com/profile.php?id=100077741901591,,,,
Irfan Saleem ,https://www.facebook.com/profile.php?id=61551131468063,,,,
Zeeshan Khan ,https://www.facebook.com/Xeeshan.khan4202202,"Lives in Peshawar, Pakistan, From Charsadda, Single",,,
Muhammad Afzal ,https://www.facebook.com/muhammad.afzal.73613,,,,
Malik Adnan ,https://www.facebook.com/malik.adnan.748302,,,,
Ch Arshad ,https://www.facebook.com/ch.arshad.625650,,,,
Khalid Mahmood ,https://www.facebook.com/khalid.mahmood.232540,,,,
Husnain Rao Hasnain ,https://www.facebook.com/profile.php?id=61555377817172,,,,
Atul Saxena  (Guru),https://www.facebook.com/profile.php?id=100090921324370,"Lives in Lucknow, Uttar Pradesh, Single",,,"<fg=ff00ff00>▄ █ ▄ █ ▄ ▄█▄ █▄ █ ▄ ▄ █ WèlCømë Mý Fáçëbøøk V.I.P Ãççöûñt █║▌│█│║▌║│© Offiçal Prøfile-2015
Online Publisher
22 Mar 2023 - Present
 
 · 3 years, 6 months"
Babu Chahat ,https://www.facebook.com/profile.php?id=100070535990848,"Lives in Lima, Peru, 2003, Single",,,
Malik Rab Nawz ,https://www.facebook.com/profile.php?id=61554859842519,,,,
Lokendra Singh ,https://www.facebook.com/lokendra.singh.47032,,,,
Forid Khan ,https://www.facebook.com/saforidk,"Lives in Bagnan, From Kolkata",,,"Facebook
9 Jan 2022 - Present
 
 · 4 years, 8 months"
Arshad Manga Arshad Manga ,https://www.facebook.com/arshadmanga.arshadmanga.7,,,,
Aide Ali ,https://www.facebook.com/profile.php?id=61551589251168,,,,
Mairy Awan ,https://www.facebook.com/mairy.awan.2025,"Lives in Surabaya, Indonesia, From Faisalabad, 8 August 2000",,,
Tayyab Nazir ,https://www.facebook.com/tayyab.nazir.206681,,,,
Waqas M Dogar ,https://www.facebook.com/waqas.dogar1,"Lives in Faisalabad, From Bandar Seri Begawan, Brunei, 1 November 1990",,,"The Nation
Reporter, Web Desk Editor and Blogger"
Rdx Royl ,https://www.facebook.com/rdx.royl.397228,,,,
Md Zakir Zakir ,https://www.facebook.com/mdzakir.zakir.33671,"Lives in Salalah, Oman, From Salalah, Oman, Male",,,"Salalah, Oman"
Javed Ali  (Javed Ali),https://www.facebook.com/javed.ali.214528,Male,,,
Rehan Ali Rehan ,https://www.facebook.com/profile.php?id=61555829008781,,,,
Daniel Guedjeo ,https://www.facebook.com/daniel.guedjeo.2025,"From Delhi, India",,,
Mujahid Jiskani ,https://www.facebook.com/profile.php?id=61553693098132,,,,
Taba U ,https://www.facebook.com/taba.u.490204,,,,
Raheem Malik ,https://www.facebook.com/raheem.malik.593398,,,,
Afan Rja ,https://www.facebook.com/profile.php?id=61550820370999,,,,
Mailk Sallem ,https://www.facebook.com/profile.php?id=100089375314354,"Lives in Lahore, Pakistan, From Lahore, Pakistan, Married",,Superior College Depalpur,
Gulam Hussin ,https://www.facebook.com/profile.php?id=61555540779401,,,,
Maqbool Maqbool ,https://www.facebook.com/profile.php?id=61551576042678,,,,
Afzal M Afzal ,https://www.facebook.com/profile.php?id=61555726284664,"Lives in Lahore, Pakistan, From Lahore, Pakistan",,,
Raja Usman Mehmood ,https://www.facebook.com/rajausmanmehmood.mehmood,,,,"CNN Politics
On 7 Sep 2023
 
 · 3 years"
Luqman Khan ,https://www.facebook.com/profile.php?id=100025488107791,,,,
Ameer Ali Jatoi ,https://www.facebook.com/ameer.ali.jatoi.513778,,,,
Muhammad Hanif ,https://www.facebook.com/muhammad.hanif.658158,"Lives in Lahore, Pakistan, From Lahore, Pakistan",,,
Qazi Mustaqeem ,https://www.facebook.com/profile.php?id=61554381465085,"Lives in Islamabad, Pakistan, From Lahore, Pakistan",,,
Muhammad Asim ,https://www.facebook.com/profile.php?id=100012233282468,"Lives in Bahawalpur, From Tulamba Town, Punjab, Pakistan, Male",,,
Mahbur Rohman ,https://www.facebook.com/mahbur.rohman.196018,"Lives in Dhaka, Bangladesh, From Satkhira, Khulna, Bangladesh",,,
Jamshed Khan ,https://www.facebook.com/profile.php?id=61554648067154,,,,
নীলিমা রহমান ,https://www.facebook.com/profile.php?id=61555429421612,"Lives in Dhaka, Bangladesh",,,
Aahil Mukhtiar  (Welfare of Lawyers Forum),https://www.facebook.com/profile.php?id=100089445560943,"Lives in Karachi, Pakistan, From Karachi, Pakistan",,,
Malik Razzaq ,https://www.facebook.com/rajo.bhai.321182,,,,
محمد مطيع الرحمن سعيد ,https://www.facebook.com/mhmd.mty.alrhmn.s.yd,"Lives in Chittagong, From Patuakhali, Single",,,
Qari Ghulam Murtza ,https://www.facebook.com/qari.ghulam.murtza.2025,,,,
Ajab Khan ,https://www.facebook.com/profile.php?id=100082978028245,,,,
Saleen Baloch ,https://www.facebook.com/profile.php?id=100078133152896,"From Quetta, Pakistan",,,
Saleem Raza ,https://www.facebook.com/profile.php?id=61553711180604,"Lives in Islamabad, Pakistan",,,Beznicee
Ayaiz Muhammad ,https://www.facebook.com/ayaiz.muhammad,,,,
Muhammad Sajjad ,https://www.facebook.com/profile.php?id=61555339027071,Lives in Multan,,,
Kashif KashifAli ,https://www.facebook.com/profile.php?id=61550811224582,,,,
M Amjad Joyia ,https://www.facebook.com/m.amjad.joyia.211636,,,,
Mdad Mdad Mdad Mdad ,https://www.facebook.com/profile.php?id=100075701384794,,,,
রং পেন্সিল  (A N Nafis),https://www.facebook.com/ram.pensila.380752,"Lives in Jessore, Khulna, Bangladesh, From Jessore, Khulna, Bangladesh, Single",,,"Free Motion
17 Apr 2023 - Present
 
 · 3 years, 5 months"
Soin Malik Soin Malik ,https://www.facebook.com/profile.php?id=100078824667685,,,,
Alhaj Khan Qwp ,https://www.facebook.com/profile.php?id=61555613398071,,,,
Zafar Iqbal ,https://www.facebook.com/zafar.iqbal.344706,"From Kotli, Male",,,
Arshd Mahmood ,https://www.facebook.com/profile.php?id=61553426639850,,,,
K H Rahad ,https://www.facebook.com/kh.rahad.31,,,,
Itz Møhãmmâd Øffícîæl ,https://www.facebook.com/itz.m.hammad.ffici.l,,,,
Abua Bakr Abua Bakr ,https://www.facebook.com/profile.php?id=61554376809067,"Lives in Peshawar, Pakistan",,,
Sajid Aslam ,https://www.facebook.com/sajid.aslam.14289,Lives in Faisalabad,,City Cadet School,
Suresh Deewan ,https://www.facebook.com/suresh.deewan.733629,"Lives in Kota, Rajasthan",,,
MD Kayum Prodhan ,https://www.facebook.com/md.kayum.prodhan.2025,"Lives in Rangpur Division, From Panchagarh, Rājshāhi, Bangladesh, Single",,,"Student
13 Dec 2023-present
 
 · 2 years, 9 months"
Syed Mamun  (Mals Mûlla),https://www.facebook.com/Syedmamun09a0,"Lives in Sylhet, From Sylhet, 13 February, Single, Family
Kamran Ali Maruf and Syed Abż, , , ",,,
Salar Abbasi ,https://www.facebook.com/profile.php?id=61554725805888,From Abbottabad,,,
Azad Azad ,https://www.facebook.com/azad.6420,,,,
Tabadar Hamaiu ,https://www.facebook.com/profile.php?id=100038479592665,,,,
Om Prkash ,https://www.facebook.com/om.prkash.662622,Lives in Srikakulam,,,
Moto Sindhi ,https://www.facebook.com/profile.php?id=61555678416158,"Lives in Jeddah, Saudi Arabia, Married",,,"Bin Dawood Supermarket
Pakar
2 Feb 2016-present
 
 · 10 years, 7 months"
Rana Anan ,https://www.facebook.com/rana.anan.241574,,,,
Bhlau Dalpat Singh ,https://www.facebook.com/bhlau.dalpat.singh,,,,
Faiz Ahmad ,https://www.facebook.com/profile.php?id=61553374091438,,,,
Ghulam Mustafa Khokhar ,https://www.facebook.com/profile.php?id=100091247296559,,,,
Rana Mubashar ,https://www.facebook.com/profile.php?id=100049698511615,"Lives in Gujranwala, Pakistan, From Gujranwala, Pakistan, 1 April 1996",,Gujraniwala,
MD Rifat Khandaker ,https://www.facebook.com/md.rifat.khandaker.174464,"Lives in Chunkutia, Dhaka, Bangladesh, From London, United Kingdom",,Shibram Alhaj Md. Hossain Srity School & college,
Bhai JI YT ,https://www.facebook.com/profile.php?id=100076916057741,"Lives in Bihar Sharif, From Patna, India, 26 August 2006",,,"Garib majdur
28 Jun 2024-present
 
 · 2 years, 3 months"
Waseem Abrar Blouch ,https://www.facebook.com/waseem.abrar.blouch,Male,,,Wafa Ki Talash
Ahir Ajay Yadav Ji ,https://www.facebook.com/ahir.ajay.yadav.ji.676656,Male,,,
Ajeet Kumar ,https://www.facebook.com/ajeet.kumar.792399,,,,
Zeeshan Khan ,https://www.facebook.com/profile.php?id=61550012687204,,,,
Rihan Sk ,https://www.facebook.com/profile.php?id=61553716003978,,,,
Afsar Ali ,https://www.facebook.com/profile.php?id=100049550057888,"Lives in Faisalabad, From Faisalabad",,,
Eshuv Kumar ,https://www.facebook.com/profile.php?id=100077073793881,,,,
Pyar Ek Moka He ,https://www.facebook.com/mdreza.mdreza.1004837,"Lives in Dalsingsarai, India, From Patna, India, Single",,S L J High School Madhwapur - Madhubani.,
Jîsåñ Īßlām ,https://www.facebook.com/jisan.i.lam,,,,
Muhammad Ramzan ,https://www.facebook.com/profile.php?id=61553410655974,,,,
Waqar Mughal ,https://www.facebook.com/profile.php?id=100081906276065,,,,
Malikwasim Malikwasim ,https://www.facebook.com/malikwasim.malikwasim.601117,,,,
Crypto Wali Sarkaar ,https://www.facebook.com/CryptoWaliSarkaar,,,,
Jaleel Akmad ,https://www.facebook.com/profile.php?id=61554825340618,,,,
Jeksiner Damanik ,https://www.facebook.com/jeksiner.damanik.56,"Lives in Batam, Riau, Indonesia, From Medan, Indonesia, 11 April 1971",,,
Zahid Khan ,https://www.facebook.com/profile.php?id=61555153880074,"Lives in Montreal, Quebec",,,
Asad Khan ,https://www.facebook.com/profile.php?id=61555076825293,,,,
Vrjesnkumar Vrjesnkumar ,https://www.facebook.com/vrijesh132,"From Delhi, India",,,
Muhmmad Chngeaz ,https://www.facebook.com/profile.php?id=61555487301066,,,,
Masoom Jaan ,https://www.facebook.com/profile.php?id=61554291886455,,,,
Munawar Ali Rajput ,https://www.facebook.com/profile.php?id=100090514383059,"Lives in Pak Sanghar, Sindh, Pakistan",,,
Usman Roomi ,https://www.facebook.com/usman.roomi.429367,"From Faisalabad, Single, Male",,Dar-e-Arqam College (Faisalabad),
Ubaid Khan ,https://www.facebook.com/profile.php?id=61555643975620,"Lives in Lahore, Pakistan",,,
Sn Saimon  (MR),https://www.facebook.com/sn.saimon.139835,"Lives in Munshiganj, Dhaka, Bangladesh, From Munshiganj, Dhaka, Bangladesh",,,
Pandi V ,https://www.facebook.com/profile.php?id=61550004299109,,,,
Ateeq Ur Rehman ,https://www.facebook.com/profile.php?id=100032737070363,Male,,,
P Uh Oh Fc ,https://www.facebook.com/profile.php?id=61555691998866,,,,
Abul Hasan Mahmudi ,https://www.facebook.com/abul.hasan.mahmudi.2025,"Lives in Comilla, From Sirajganj",,,"আয়েশা ছিদ্দিক্বা রা. মহিলা মাদরাসা কমপ্লেক্স
1 Jan 2016 - Present
 
 · 10 years, 8 months"
Arif Danu ,https://www.facebook.com/profile.php?id=61550780858442,"Lives in Sragen, Jawa Tengah, Indonesia",,,
Umar Faruk ,https://www.facebook.com/umar.faruk.679913,,,,
Marisa Bungan ,https://www.facebook.com/marisa.bungan.2024,,,,
Md Eamin ,https://www.facebook.com/md.eamin.799410,"Lives in Jamalpur Sadar Upazila, From Mymensingh",,"Jamalpur Govt Technical School & College
School year 2025",
Jayprakash Jayprakash ,https://www.facebook.com/jayprakash23145i,Lives in Revine Lago,,,How do I win dark mode
Anjali Arora ,https://www.facebook.com/anjali.arora.513838,"Lives in Delhi, India, From Delhi, India, Single",,,
Ratan Kumar ,https://www.facebook.com/ratan.kumar.229838,"Lives in Delhi, India",,,
Ashfak Alam ,https://www.facebook.com/ashfak.alam.485826,,,,
Siddharth Gupta ,https://www.facebook.com/WarriorBabu307,Lives in Gorakhpur,,,
Fayyaz Mughal ,https://www.facebook.com/profile.php?id=61555550067089,,,,
Bilal Bilal ,https://www.facebook.com/profile.php?id=61554795470052,,,,
Shahalom Khan ,https://www.facebook.com/shahalom.khan.549668,Male,,,
Shohidul Shaikh ,https://www.facebook.com/shohidul.shaikh.94,"Lives in Ulhasnagar, From Mumbai, Maharashtra, Single",,,
Rajab Abbasi ,https://www.facebook.com/rajab.abbasi.5895,,,,
Chandas Chandas ,https://www.facebook.com/chandas.chandas.733,Male,,,
Hawk's Edge ,https://www.facebook.com/abdul.qaweem.9,"Lives in Gujranwala, Pakistan, From Gujranwala, Pakistan",,,"Gujranwala, Pakistan
Business"
ناصر ڈار فالوورز ,https://www.facebook.com/nasr.ar.302457,"Lives in Gilgit, Pakistan",,GC University Faisalabad,
Abid Khan ,https://www.facebook.com/profile.php?id=61555059493926,"Lives in Swat, Pakistan",,,"Swat, Pakistan
9 Jan 2024-present
 
 · 2 years, 8 months"
সাগর দাস ,https://www.facebook.com/sagar.routh.1238,Single,,,
Md Munna ,https://www.facebook.com/md.munna.468042,,,,"Løadinğ ..… ▂▃ ▄ ▅ ▆ ▇ █ ✖ I♥ G@ss£riNe ✖ I♥ ѕuммεʀ •✖I♥Pɑʀту>>✖I♥ ɢɪʀℓѕ✖I♥ Aℓℓ муFʀɪeиďs✖X'Sortir ✖X'Dormir✖X'Rire✖X'Manger→'lOvE'← →♫ ℳʋʂɨգʊҿ♫'13'14College
1 Jul 2023 - Present
 
 · 3 years, 2 months"
SK Tuhin ,https://www.facebook.com/profile.php?id=61551934464202,"Lives in Bangkok, Thailand",,,
Zakir Zeeshan Haider ,https://www.facebook.com/profile.php?id=61553677416003,,,,
জুবায়ের  (বোকা মানুষ),https://www.facebook.com/jobair.officials,"Lives in Khulna, From Khulna, Married
Since 16 January 2026",,,"বাপের হটেলে খাই আর মার হটেলে ঘুমাই।মাজে মাজে পরা লেখা করি
16 Jun 2020-present
 
 · 6 years, 3 months"
M Amir Chaudhry ,https://www.facebook.com/profile.php?id=61552344839644,"Lives in Muzaffarabad, From Islamabad",,,Software Developer
Muhammad Basheer Gojar ,https://www.facebook.com/profile.php?id=61555743364655,,,,"Riyadh, Saudi Arabia"
Kūshãwåhā Bãbūl ,https://www.facebook.com/profile.php?id=100086051517546,,,,
Adnan Boss ,https://www.facebook.com/adnan.boss.159288,,,,
Md Ridoy ,https://www.facebook.com/md.ridoy.685723,,,,
Gujjar Sarkar ,https://www.facebook.com/gujjar.sarkar.775823,"Lives in Faisalabad, From Faisalabad, 17 July 2001",,,
Sumit Kumar ,https://www.facebook.com/profile.php?id=100092488494555,2 January 2004,,,
Muhammad Yaseen ,https://www.facebook.com/profile.php?id=61554205776340,,,,
Mushtaq Mushtaq Ahmad ,https://www.facebook.com/profile.php?id=61550531400517,,,,
Md Rahim ,https://www.facebook.com/profile.php?id=100081532608341,,,,
Pahiyangala Lokuhamuduruwo ,https://www.facebook.com/profile.php?id=100073392274778,"Lives in Bulatsinhala, Sri Lanka",,,
Adv Malik Shaban Raees ,https://www.facebook.com/malik.shaban.18294,"Lives in Lahore, Pakistan, From Kasur, Married
Since 31 January 2026",,,"Studying
Topper
Aug 2020 - Present
 
 · 6 years, 1 month"
Mummhad Imran ,https://www.facebook.com/mummhad.imran.473815,,,,
Saj IB AH Med  (سَجِيب ٱلإِسْلَام),https://www.facebook.com/sajibsikdergmile.comst,"Lives in Barisal, From Barisal, 10 January 2007",,,
Hassan Khan ,https://www.facebook.com/profile.php?id=61555455102724,"Lives in Multan, 12 December 2006, Single",,,"Software Developer
28 Jun 2023 - Present
 
 · 3 years, 3 months"
Sajal Sardar ,https://www.facebook.com/sajal.sardar.370,Male,,,
Tasleem Khan ,https://www.facebook.com/profile.php?id=61552677556606,,,,
Sabir Khan ,https://www.facebook.com/profile.php?id=61554904166407,"From Peshawar, Pakistan",,,
Zamin Jatoie ,https://www.facebook.com/profile.php?id=61554432365142,,,,
Furqan Abas Furqan ,https://www.facebook.com/profile.php?id=61552820076954,,,,
Shaikh Riaz ,https://www.facebook.com/shaikh.riaz.398440,"Lives in Faisalabad, From Faisalabad, Married",,,‎حوصلہ انگیز لمحے‎
Adv Manzoor Hussain Shah ,https://www.facebook.com/profile.php?id=100090116256328,"Lives in Hyderabad, Sindh, From Sujawal, Sindh, Pakistan, Married
Since 7 February 2023",,,"High Court - Hyderabad,Sindh
Advocate
7 Feb 2023 - Present
 
 · 3 years, 7 months"
Bipul Biswas  (Bipul Biswas),https://www.facebook.com/bipul.biswas.574911,"Lives in Khulna, From Bagerhat, 4 February 2002",,,"Studying
5 years, 7 months"
Ali Khan Ali Khan ,https://www.facebook.com/profile.php?id=61555402051020,,,,
Gogon Robi Dos ,https://www.facebook.com/gagan.das.810048,,,,
Rishi Chhetri ,https://www.facebook.com/samsher.budha.7,"Lives in Takamatsu, Kagawa, From Kailali, Nepal, Single",,Kailali Multiple Campus Dhangadhi,
Sourav Gharami ,https://www.facebook.com/sourav.gharami.2024,,,,
Kumar Rakesh ,https://www.facebook.com/kumar.rakesh.757667,,,,
Syaim Wazeer ,https://www.facebook.com/profile.php?id=61556000123281,,,,
Raja Naseer ,https://www.facebook.com/raja.naseer.484116,"From Manama, Bahrain",,,
Amerbux Dfy Khaskheli ,https://www.facebook.com/profile.php?id=61553621000354,,,,
Avinash Raj ,https://www.facebook.com/avinash.raj.7009,,,,
Rabi Rabi ,https://www.facebook.com/rabi.rabi.755869,,,,
MD Wahedul Islam ,https://www.facebook.com/md.wahedul.islam.991050,,,,
Abhinandan Singh ,https://www.facebook.com/abhinandan.kushwaha.31149,"Lives in Delhi, India, From Motihari, Single",,,"Army Lover
7 Oct 2020 - Present
 
 · 5 years, 11 months"
Robbul Uddin Ki ,https://www.facebook.com/raju.r.j.m.2025,,,P.U.S.H. Academy,"Rajmustre
22 Apr 2021-present
 
 · 5 years, 5 months"
Naveed Sattar ,https://www.facebook.com/profile.php?id=61553230640599,"Lives in Sadikabad, Punjab, Pakistan",,Al.Haadi School System Chak 138-P,
Malak Din ,https://www.facebook.com/profile.php?id=100087164126534,,,,
Mshoib Shoib ,https://www.facebook.com/profile.php?id=61553382281524,,,,
Arif Abbasi  (Mubashir Abbasi),https://www.facebook.com/profile.php?id=100068484279838,,,,
Nazim Ali ,https://www.facebook.com/profile.php?id=61555332796253,,,,
Amant Ali Gill ,https://www.facebook.com/profile.php?id=61552718573047,,,,
Sardar Khan ,https://www.facebook.com/namalom.insan.37,Male,,,
Noorul Alam ,https://www.facebook.com/noorul.alam.389681,"Lives in Al Ain, From Chittagong",,,
Rai Zain Ul Abedin ,https://www.facebook.com/profile.php?id=61555461518057,25 March 2007,,,
Muhklis Rawu  (Yanto),https://www.facebook.com/muhklis.rawu,"Lives in Jakarta, Indonesia, From Majenang, Central Java, Indonesia, Married
Since 20 September 2015",,,"Bekerja di
Yanto yakin dan to'at"
عارف حسین ,https://www.facebook.com/arfhsyn.744049,Male,,,
Murtaj Ansari ,https://www.facebook.com/murtaj.ansari.50364,"Lives in Bausi, Bihār, India, From Dahua",,,Student
মোঃ ইকবাল খান ,https://www.facebook.com/md.ekbal.khan.482520,"Lives in Dhaka, Bangladesh, From London, United Kingdom, Male",,,"ব্যবসা
1 Jul 2024-present
 
 · 2 years, 2 months"
More,https://www.facebook.com/sikendra.yadav.674099,,,,
Eceh Pece ,https://www.facebook.com/profile.php?id=61555705918616,,,,"Sopi Anggun Cahaya
13 Jan 2024-present
 
 · 2 years, 8 months"
Ali Hyder Gopnag Boloch ,https://www.facebook.com/profile.php?id=61555915282058,,,Mariusz Wlazły,Klondike Adventures
Badmash Ahiran ,https://www.facebook.com/profile.php?id=61555373116911,,,,
Khalil Ahmad ,https://www.facebook.com/profile.php?id=100089782394784,,,,
Cokermen Gaming ,https://www.facebook.com/aliluruyeh.uyeh,"Lives in Pontianak, Indonesia, From Pontianak, Indonesia",,,Islam Itu Indah
ناظم ناظم ,https://www.facebook.com/profile.php?id=100035212127377,Male,,,
M Asad ,https://www.facebook.com/profile.php?id=61554006100102,,,,
Salman Bhtti Salman ,https://www.facebook.com/salman.bhtti.salman.2025,"Lives in Faisalabad, From Faisalabad, 25 May 1998",,,"Freelancer
Diseñador Gráfico (Graphic Designer)
28 Oct 2022 - Present
 
 · 3 years, 11 months"
Akash Akash ,https://www.facebook.com/akash.akash.946659,,,,
Falik Shair Falik Shair ,https://www.facebook.com/falikshair.falikshair.1420,,,,
Raju Gupta ,https://www.facebook.com/raju.gupta.347845,"Lives in Ballia, Single",,"kuwar singh inter college, ballia
30 June 2017-present",
Wajad Abbasi ,https://www.facebook.com/profile.php?id=61555042080666,From Muzaffarabad,,,
Md Shahadat Hossain ,https://www.facebook.com/md.shahadat.hossain.351088,,,,
Md Julhas Islam ,https://www.facebook.com/profile.php?id=100093109747546,"Lives in Taranto, Italy, From Dhaka, Bangladesh, Single",,,
Shubham Jatav ,https://www.facebook.com/profile.php?id=61551021846779,,,,
Jawad Bhati ,https://www.facebook.com/profile.php?id=100087460449671,,,,
Sajid Hussain ,https://www.facebook.com/ayaan.sajid.965,"Lives in Swabi, From Faisalabad, Male",,,
Angel Virel ,https://www.facebook.com/angel.virel,,,,
Abdul Khalek ,https://www.facebook.com/abdul.khalek.194978,"Lives in Khulna, From Shyamnagar, Khulna, Bangladesh, Male",,,
Aslam Khan  (محمد اسلم نشترکریمی),https://www.facebook.com/profile.php?id=61555120618197,,,,
MD Sabbir ,https://www.facebook.com/md.sabbir.501714,,,,
Md Jaber ,https://www.facebook.com/profile.php?id=100090251834934,,,,
Ali Ikram ,https://www.facebook.com/profile.php?id=61555237444923,,,,
Shala Pmln ,https://www.facebook.com/profile.php?id=100089702317139,,,,
Md Siraj Khan ,https://www.facebook.com/md.siraj.khan.513591,,,,
Moun Kumar ,https://www.facebook.com/moun.kumar.993622,,,,
Manpreet Singh ,https://www.facebook.com/profile.php?id=100016372448806,"Lives in Rajpura, From Rajpura",,,"Self-employed
2004 - Present
 
 · 22 years, 8 months"
Nitas Bhangwar ,https://www.facebook.com/profile.php?id=61555330756244,,,,
Fian Ga'tau Di-lims  (turyanto),https://www.facebook.com/fian.gaakanpernahpercaya,"Lives in Majenang, Central Java, Indonesia, From Depok, 17 November 1992",,,
Manoj Debnath  (Mampi Debnath),https://www.facebook.com/manoj.debnath.165988,,,,
Md Somrt ,https://www.facebook.com/md.somrt.123373,,,,
Ahmmad Khan ,https://www.facebook.com/profile.php?id=61555115216092,,,,
Umar Sk ,https://www.facebook.com/profile.php?id=61553661204847,,,,"Shankarpur, Bihār, India
27 Dec 2023-present
 
 · 2 years, 9 months"
Md Shaha Poran ,https://www.facebook.com/poran.shaporan.94,"Lives in Kuala Lumpur, Married
Since 1 July 2026",,,
Md Tuhin ,https://www.facebook.com/md.tuhin.597394,,,,
Bilawal Jaat ,https://www.facebook.com/profile.php?id=61555718363293,"Lives in Karachi, Pakistan",,,
Md Sumon Hosen ,https://www.facebook.com/md.sumon.hosen.760572,"Lives in Palasbari, Dhaka, Bangladesh, From Dammam, Saudi Arabia",,GGC,
Yasir Butt ,https://www.facebook.com/profile.php?id=100023857847532,Male,,,
Mar Arman Hossan ,https://www.facebook.com/mar.arman.hossan,"From Narayanganj, Single",,,"ツবিসমিল্লাহির রাহমানির রাহিম༆আসসালামু আলাইকুম আমার প্রফাইলে আপনাকে স্বাগতম࿐
31 Dec 2022-present
 
 · 3 years, 8 months"
Hon Ngor Peter ,https://www.facebook.com/profile.php?id=100089238549170,"Lives in New York, New York, From Spain, 2004",,,
Riaj Uddin ,https://www.facebook.com/riaj.uddin.884490,"Lives in Dubai, United Arab Emirates",,,
Rana Farrukh Javed ,https://www.facebook.com/profile.php?id=61555414335293,,,,
How Mich ,https://www.facebook.com/profile.php?id=61555289116051,,,,
Stephen Townsend ,https://www.facebook.com/profile.php?id=100076597330349,"Lives in Canada, Kansas, From Sanaa, Yemen, Single",,,"Intensive Care Unit Nurse (ICU Nurse)
14 Feb 2024 - Present
 
 · 2 years, 7 months"
Chandan Kumar Rai ,https://www.facebook.com/chandan.kumar.rai.331895,"Lives in Samana, India",,,"solvent.plant.op
12 Dec 2021 - Present
 
 · 4 years, 9 months"
Dilki Baate ,https://www.facebook.com/profile.php?id=100073429631841,"Lives in Jaipur, Rajasthan, From Jaipur, 21 March",,,
موضع بیربند بخاری گروپ ,https://www.facebook.com/profile.php?id=61554618782360,,,,
Suman Kumar Mandal ,https://www.facebook.com/suman.kumarmandal.336,Single,,,
Chahpong Wangpan ,https://www.facebook.com/chahpong.wangpan,,,,
Muhammed Shafiq ,https://www.facebook.com/profile.php?id=61555563547477,,,,
Bait Ullah ,https://www.facebook.com/bait.ullah.409619,,,,
Ram Kumar Rdx ,https://www.facebook.com/ram.kumar.rdx.410013,,,,
Pramod Tiwari PT ,https://www.facebook.com/profile.php?id=100029513932904,"Lives in Bemetara, Chhattīsgarh, India, 11 April 1999, Male",,,
Pankaj Paswan ,https://www.facebook.com/pankaj.paswan.873935,,,,
Rakesh Kumar ,https://www.facebook.com/rakesh.kumar.649265,,,,
Ashok Kumar Tusmar ,https://www.facebook.com/profile.php?id=61554959198774,,,,
Roy Domingo Alanan ,https://www.facebook.com/roy.domingo.alanan.2025,,,,
Aamir Khan  (Blogger),https://www.facebook.com/profile.php?id=100011169964818,Male,,,
پاڪستان پيپلز پارڻي ٻانڌي  (ڏاھري برادري),https://www.facebook.com/profile.php?id=61555415396152,"From Karachi, Pakistan",,,
Jhantusabar Jhantusabar ,https://www.facebook.com/jhantusabar.jhantusabar.2025,"Lives in Puncha, West Bengal, India, From Kolkata",,,
Rana Ali Khan ,https://www.facebook.com/Rajput121472,,,,
Rohit Chaudhary ,https://www.facebook.com/profile.php?id=61552650316159,,,,
Dc Sadik ,https://www.facebook.com/atshvetma,11 September 2002,,,
Naeem Naeem Akbar ,https://www.facebook.com/profile.php?id=61555494624430,"From Hyderabad, Sindh",,GHSS Mengho fakir Sharp,
Rana Allahyar Chohan ,https://www.facebook.com/ranaallahyar.chohan,"Lives in Faisalabad, From Faridabad",,,"Property advisor faisalabad
23 Jul 2022-present
 
 · 4 years, 2 months"
Muhammad Hammad ,https://www.facebook.com/profile.php?id=100028185072809,Male,,,Facebook
Amit Kashyap ,https://www.facebook.com/amit.kashyap.107021,,,,
Md Rojib ,https://www.facebook.com/md.rojib.364229,,,,
Muhammad Asif ,https://www.facebook.com/profile.php?id=100077739033322,,,,
Suraj Kumar Kumar ,https://www.facebook.com/suraj.kumar.kumar.536316,,,,
Kartik Kumar ,https://www.facebook.com/shital.kumar.114916,"Lives in Lucknow, Uttar Pradesh, From Lucknow, Uttar Pradesh",,,
Pirzada Hazal Hussain ,https://www.facebook.com/profile.php?id=100079044260966,"From Islamabad, Pakistan",,,Politician
Yasir Abbas ,https://www.facebook.com/profile.php?id=100079528317616,,,,
Mamahnya Nila ,https://www.facebook.com/profile.php?id=100095204167487,"Lives in Perdana, Jawa Barat, Indonesia, From Banten, Jawa Barat, Indonesia, Married
Since 5 July 2019",,,
Pawan Singh ,https://www.facebook.com/pawan.singh.739532,Female,,,
Jamshied Jamshied ,https://www.facebook.com/profile.php?id=61555292304805,,,,
Mamun Khan ,https://www.facebook.com/mamun.khan.24976,"Lives in Dhaka, Bangladesh",,,"ওমান
9:00
4 Mar 2023-present
 
 · 3 years, 6 months"
Palmer Juliet ,https://www.facebook.com/profile.php?id=61553378044542,Single,,"Loyola High School, Montreal",
Suraj Kumar Suraj ,https://www.facebook.com/profile.php?id=61552133556512,In an open relationship,,,
Ramzan Baloch ,https://www.facebook.com/profile.php?id=61554735691072,,,,
Luciano Art ,https://www.facebook.com/profile.php?id=100085876664031,"Lives in Luanda, Angola, From London, United Kingdom, 17 August 2007",,,"Sensato
Gerente
11 Aug 2006 - Present
 
 · 20 years, 1 month"
Rasol Bux Màllah ,https://www.facebook.com/rasolbux.mallah.79,"From Hyderabad, Sindh, Single",,,
Zaheer Jutt Sab ,https://www.facebook.com/profile.php?id=100077105770747,"Lives in Chishtian Mandi, Punjab, Pakistan, Engaged",,,"‎ج Tnx,جان باز🍃❥━━━❥💥🌿🍃NICE🍃vip🌾 Janbaz Khan🍃#LOVELY🌾🌿📿🌺📿🌿àa ➤❀๑▬▬๑♥۩nice۩♥๑Abubkr Sahr▬▬๑❀➤🌺💜💢𝐋𝐎𝐕𝐄𝐋𝐘 ➖𝐂𝐔𝐓𝐄💢💜🌺VVv‎
12 Jan 2022 - Present
 
 · 4 years, 8 months"
Muhammad Shahzad Muhammad Shahzad ,https://www.facebook.com/profile.php?id=100081557232426,,,,
Mukhtar Alam ,https://www.facebook.com/mukhtar.alam.658226,,,,
Hussain Ahmed ,https://www.facebook.com/hussain.ahmed.243193,,,,
Budhl Dadino ,https://www.facebook.com/profile.php?id=61555749592050,,,,
Rahmadan Spdi  (Madan),https://www.facebook.com/rahmadan.spdi,"Lives in Martapura, From Barabai, Kalimantan Selatan, Indonesia",,,
Mirza G  (Mirza Talib siddique),https://www.facebook.com/profile.php?id=61555338073847,,,,
Arsd Mazari ,https://www.facebook.com/profile.php?id=61555524339172,,,,
Jibril  (Urack Unckay),https://www.facebook.com/geger.padeh,Male,,,
Haji Arshad Haji Arshad ,https://www.facebook.com/haji.arshad.haji.arshad.249605,"From Phalia, Punjab, Pakistan, Married",,,
Ahsan Hashmi ,https://www.facebook.com/ahsan.hashmi.10420,"From Karachi, Pakistan",,,Facebook
Mantaz Miya ,https://www.facebook.com/mantaz.miya.2025,"Lives in Gauhati, From Barpeta",,,
MumtazKhan Mumtaz Saldera ,https://www.facebook.com/mumtazkhan.mumtazsaldera,"Lives in Lahore Lines, Sindh, Pakistan, From Burewala",,,
Vijay Gujjar ,https://www.facebook.com/profile.php?id=61552482151442,,,,
Vikash Thakur ,https://www.facebook.com/vikash.thakur.43820,,,,
Bilalbaryar Bilalbaryar ,https://www.facebook.com/profile.php?id=100092973675674,,,,
Asghar Ali ,https://www.facebook.com/profile.php?id=100027778655257,,,,
Abdul Manan ,https://www.facebook.com/profile.php?id=61552537075527,,,,
Ahsan Riaz Ahsan Riaz ,https://www.facebook.com/ahsanriaz.ahsanriaz.794,,,,
Umar Umar ,https://www.facebook.com/profile.php?id=100048329194340,Lives in Multan,,,
Ayush Yadav ,https://www.facebook.com/profile.php?id=61550520449110,,,,
Adil Kashmeri ,https://www.facebook.com/profile.php?id=61553417285034,,,,
Tkislam Miftahul Jannah  (Tk islam jepon),https://www.facebook.com/profile.php?id=100090100532507,"Lives in Jepon, Jawa Tengah, Indonesia, From Blora, Jawa Tengah, Indonesia, Bahasa Jawa",,,
Rasheed Ansari ,https://www.facebook.com/profile.php?id=100074022555943,,,,
Rafiullah Azatullah ,https://www.facebook.com/profile.php?id=61554033801948,,,,
Toheed Ahmad ,https://www.facebook.com/profile.php?id=61554246988514,2 February 1997,,,
সাইমন বাবু ,https://www.facebook.com/sa.imana.babu.2025,"Lives in Dhaka, Bangladesh, Married",,"Kulgaon City Corporation College, Ctg",
Til Prasad ,https://www.facebook.com/tilak9342,"Lives in Bangalore, India",,,
Wazeer Malik Awan ,https://www.facebook.com/profile.php?id=61554617492107,"Lives in Ahmadpur East, From Ahmadpur East",,,"Business Owner
Super Store Owner
10 Feb 1980-present
 
 · 46 years, 7 months"
Zeeshan Ahmad ,https://www.facebook.com/profile.php?id=100094369003696,13 April 1991,,,
Tariq Gujjar ,https://www.facebook.com/profile.php?id=61553728834252,21 September 2007,,,
Aslam Rao ,https://www.facebook.com/profile.php?id=100069719859638,"Lives in Sydney, Australia",,,
Hero Hera ,https://www.facebook.com/profile.php?id=61555883840950,,,,
Lila Das ,https://www.facebook.com/lila.das.915873,,,,
Md Bilal ,https://www.facebook.com/md.bilal.191639,,,,
Jannat Islam ,https://www.facebook.com/jannat.islam.85011,"Lives in Panpara, Dhaka, Bangladesh, From Panpara, Dhaka, Bangladesh",,,"Part-Time Working mummy
25 Nov 2023 - Present
 
 · 2 years, 10 months"
Biksah Sardar ,https://www.facebook.com/biksah.sardar.11466,Lives in India,,,
Khan G ,https://www.facebook.com/profile.php?id=61555157603427,,,,
Mamtaz Bhnghr ,https://www.facebook.com/profile.php?id=61553842276257,,,,
Kuldeep Meena ,https://www.facebook.com/profile.php?id=100075375813174,,,,
Aqeel Naqash ,https://www.facebook.com/aqeelnaqash.aqeelnaqash,"Lives in Faisalabad, From Lahore, Pakistan",,,"Express News
Camerman
28 Dec 2017 - Present
 
 · 8 years, 9 months"
Ismail Khan ,https://www.facebook.com/profile.php?id=100093290228446,"Lives in Quetta, Pakistan, From Swat, Pakistan, Single",,,
Mohan Vasuniya ,https://www.facebook.com/profile.php?id=61554685877118,"Lives in Indore, India",,,
Harais Khan Khan ,https://www.facebook.com/haraiskhan.khan.9,,,,
Sonu Jamre ,https://www.facebook.com/sonu.jamre.132696,,,,
Alok Bag ,https://www.facebook.com/alok.bag.9279,"Lives in Uluberia, Male",,,
Sheddy Sheddy ,https://www.facebook.com/profile.php?id=100076186699674,,,,
Deepak Kumar ,https://www.facebook.com/profile.php?id=100092215898367,,,,
EhAb Nazar Abdllah  (مًسِـــــتٌـر خِـــــــيِّأّلَ),https://www.facebook.com/profile.php?id=100071203757507,"From Al-Ubayyid, In a relationship",,,Self-employed
R Meena P Meena ,https://www.facebook.com/r.meena.p.meena.2025,,,,
Zahid Hussain ,https://www.facebook.com/profile.php?id=61554349202426,,,,
Sk Paswan Sk Paswan ,https://www.facebook.com/sk.paswan.sk.paswan.98909,,,,
Shahed Hossain ,https://www.facebook.com/0.shahed.hossain.0,"Lives in Jessore, Khulna, Bangladesh, From Jessore, Khulna, Bangladesh",,,"Student
5 Jun 2022 - Present
 
 · 4 years, 3 months"
Maswood Bhai ,https://www.facebook.com/mas.alon.booy,,,,
Gulam Shabir Mastoi ,https://www.facebook.com/profile.php?id=100093841221057,,,,
Azmat Khan Buner ,https://www.facebook.com/azmat.khan.buner.657936,,,,
Dif Ray ,https://www.facebook.com/profile.php?id=61553667714773,"Lives in Kolkata, From Garia, Gao, Mali",,,"░▒▓█►─═ ATTITUDE KING ═─◄█▓▒░
15 Feb 2024-present
 
 · 2 years, 7 months"
Arun Kumar Verma ,https://www.facebook.com/akv.sport,From Ballia,,,Himself
Shabir Khaskheli ,https://www.facebook.com/profile.php?id=61555449549828,10 March 1989,,,
Qasam Ali ,https://www.facebook.com/profile.php?id=61553408841074,,,,
Anil Kumar Vlog  (Ak),https://www.facebook.com/profile.php?id=100074849333298,,,,
Md Mustafa ,https://www.facebook.com/md.mustafa.492267,"Lives in Madhubani, India, From Madhubani, India, Family
1 family member",,,
Sapna Kumari ,https://www.facebook.com/profile.php?id=61552907309710,,,,
Muhammad Khashif ,https://www.facebook.com/profile.php?id=61555042267156,2 January 2002,,,
Cr Zindagi Hy ,https://www.facebook.com/profile.php?id=61551649929063,,,,
Birendra Yadav ,https://www.facebook.com/profile.php?id=61550302475610,"Lives in Ara, India, From Rajgarh, Himachal Pradesh, Married",,,"Campus Shoes
22 Aug 2023 - Present
 
 · 3 years, 1 month"
Ratnesh Kumar Ratnesh Kumar ,https://www.facebook.com/profile.php?id=100070681240335,"Lives in Delhi, India, From Delhi, India",,,"University of Delhi
24 Aug 2021-present
 
 · 5 years, 1 month"
Zahidali Mallah ,https://www.facebook.com/profile.php?id=61555473190565,,,,
Ravi Pandit Ravi Pandit ,https://www.facebook.com/ravi.pandit.ravi.pandit.533711,,,,
Mehboob Ali Aradin ,https://www.facebook.com/profile.php?id=61553787151362,"From Karachi, Pakistan",,,
Sufyan Jutt ,https://www.facebook.com/profile.php?id=61555473123466,,,,
Sekhar Maurya ,https://www.facebook.com/sekhar.maurya.661044,,,,
Raja Rehman ,https://www.facebook.com/profile.php?id=100094146405985,,,,
Ghulam Shabeer ,https://www.facebook.com/ghulam.shabeer.106,"Lives in Faisalabad, From Faisalabad",,,Facebook
Shakil Akhtar Shakil Awan ,https://www.facebook.com/profile.php?id=100083552005047,,,,
Samoon Perayo ,https://www.facebook.com/samoon.perayo.1,,,,
Sk Shohag ,https://www.facebook.com/sk.shohag.954166,"Lives in Riyadh, Saudi Arabia, From Majma', Ar Riyad, Saudi Arabia, Single",,,
Lalet Raj Lalet Raj ,https://www.facebook.com/laletraj.laletraj.3,Male,,,
MD Kawsar Hawladhar  (কাওসার),https://www.facebook.com/md.kawsar.hawladhar.11,Male,,,
Joimoti Das ,https://www.facebook.com/profile.php?id=100072590327896,"From Barpeta Road, India, Married",,,
Md Kholil ,https://www.facebook.com/md.kholil.619630,,,,
Bartolomeus Solon Matalangi ,https://www.facebook.com/gracio.sius,"From Pasangkayu, Sulawesi Selatan, Indonesia, Married
Since 8 March 2011 · Jesus My Lord, Male",,,"Astra Agro Lestari
Karyawan"
Vishal Kumar ,https://www.facebook.com/vishal.kumar.591796,,,,
Asgher Khan ,https://www.facebook.com/asgher.khan.928515,,,,
Ganganna Sahukar ,https://www.facebook.com/profile.php?id=61550085220074,,,,
Rajib Rajib ,https://www.facebook.com/rajib.rajib.926896,,,,
RJ Rabbi ,https://www.facebook.com/rj.rabbi.62506,"5 January 2007, In a relationship, Male",,,
Indal Kumar ,https://www.facebook.com/indal.kumar.695529,,,,
Rohit Vlogs  (Fitness boys),https://www.facebook.com/rohit.kumar.500744,,,,
Shreef Ullah ,https://www.facebook.com/profile.php?id=61555516958178,,,,
Rupali Basumatary ,https://www.facebook.com/profile.php?id=61553976860360,,,,
Babar Ali ,https://www.facebook.com/profile.php?id=100095359058908,,,,
Mubashir Jani  (chota chand),https://www.facebook.com/profile.php?id=61555860140586,,,,
Sivasaukar G ,https://www.facebook.com/sivasaukar.g,,,,
Julia Ramadhini ,https://www.facebook.com/julia.ramadhini,"Lives in Duri, Riau, Indonesia, From Duri, Riau, Indonesia, Bahasa Indonesia",,,
Pappu Kumar ,https://www.facebook.com/pappu.kumar.400142,,,,
Rajz Sk  (Riyaz Sk),https://www.facebook.com/profile.php?id=100057428951277,Lives in Gangarampur,,,
Najiy Driss ,https://www.facebook.com/najiy.driss,"Lives in Igarapé-Miri, From Casablanca, Morocco, Male",,"Lycée Moulay Driss 1er
School year 2025",
Pompa Mandal ,https://www.facebook.com/pompa.mandal.914246,,,,
Raheel Jatoi ,https://www.facebook.com/raheel.jatoi.869341,,,,
Sk Nasir ,https://www.facebook.com/profile.php?id=61554871605528,,,,
Hajirul Khan ,https://www.facebook.com/hajirulkhan.hajirulkhan.5,,,,
Ghanshyam Mishra ,https://www.facebook.com/profile.php?id=61554662503637,"Lives in Bahraich, 12 October 2006, Single",,,"Gangapurwa bhagwanpur
NO
15 Jan 2024 - Present
 
 · 2 years, 8 months"
S K Raj Chuhan ,https://www.facebook.com/s.k.raj.chuhan.2025,"Lives in Motihari, From Delhi, India, Single",,,HD Hyundai Construction Equipment India Pvt. Ltd.
Mahabub Mollick ,https://www.facebook.com/mahabub.mollick.940483,,,,
Maria Maria ,https://www.facebook.com/profile.php?id=61555918974341,"Lives in Linton Hall, Virginia, From Usa, Single",,,
Dashrath Yadav ,https://www.facebook.com/dashrath.yadav.230386,,,,
Asrar Awan ,https://www.facebook.com/profile.php?id=61555703457345,"Lives in Abbottabad, From Islamabad, Pakistan",,,
MD Bacchu ,https://www.facebook.com/md.bacchu.395711,,,,
Hooria Gorya ,https://www.facebook.com/profile.php?id=61555879465422,,,,
Amar Farooq Iqbal ,https://www.facebook.com/profile.php?id=100095159080396,,,,
Abid Alimari ,https://www.facebook.com/profile.php?id=61554711290553,,,,
Muhammad Siddique ,https://www.facebook.com/profile.php?id=61555154394046,,,,
Rana Faryad ,https://www.facebook.com/rana.faryad.31508,Male,,,
Golam Robbani Jewel ,https://www.facebook.com/profile.php?id=61555845594606,"Lives in Bogura, From Rajshahi, Single",,,"Bogura Gold & Hallmark Jewellry/Lab
17 Jan 2024-present
 
 · 2 years, 8 months"
Imran Nawaz ,https://www.facebook.com/profile.php?id=61555764206261,,,,
Hanif Miaze ,https://www.facebook.com/hanif.miaze.2025,,,,
Manzoor Khan ,https://www.facebook.com/profile.php?id=61553588188737,,,,
Kashif Jaan Tumrani ,https://www.facebook.com/profile.php?id=61554409605537,,,,
Lilian Wanjala ,https://www.facebook.com/lilian.wanjala.908,"Lives in Katsushika, From Katsushika, It's complicated",,,"Nakuru
Manager
2 Oct 2020 - Present
 
 · 5 years, 11 months"
Rovin Maher ,https://www.facebook.com/rovin.maher,"Lives in Jaipur, Rajasthan",,Sri Chaitanya Pratap Nagar Jaipur,
ᎯᏰᎠᎯᏞᏞᎯᎻ ᏚᎯᏁ ,https://www.facebook.com/cpo087wkqg,"Lives in Damietta, From Dubai, United Arab Emirates",,,
Subhash Mehta Suman Kumar ,https://www.facebook.com/subhash.mehta.suman.kumar,"Lives in Chhapra, From New York, New York",,,
Raja Jatav ,https://www.facebook.com/raja.jatav.956368,,,,
Vishal Gupta ,https://www.facebook.com/vishal.gupta.31482,"Lives in Varanasi, India, From Varanasi, India, Divorced",,Jai Tulasi Vidya Vihar,
Yahya Bhatti ,https://www.facebook.com/yahya.bhatti.19126,,,,
Bahrul Seikh  (Miraj sk),https://www.facebook.com/bahrul.seikh,,,,
Azhar Ali ,https://www.facebook.com/profile.php?id=61551840612341,"Lives in Lahore, Pakistan, From Lahore, Pakistan",,,
Jaybendra Singh ,https://www.facebook.com/jaybendra.singh.2025,,,,
Shoaib Shah ,https://www.facebook.com/profile.php?id=61555627985996,,,,
দুষ্টু ছেলে মিষ্টি হাসি  (I'm the only one),https://www.facebook.com/dustu.chele.misti.hasi.198781,,,,
Samrath Samrath ,https://www.facebook.com/samrath.samrath.576082,,,,
Imran Apl ,https://www.facebook.com/profile.php?id=100094462793655,"Lives in Okara, Pakistan",,,
Bilal Ahmed ,https://www.facebook.com/profile.php?id=61555969431976,,,,
Mithunraja Bihari Bhai ,https://www.facebook.com/Mithunkumar1230,,,,
M S D Gobinda ,https://www.facebook.com/gobinda.jana.357511,,,,
Alan Deloy Iglesia ,https://www.facebook.com/lancer.iglesia,Lives in Muntinlupa City,,,PGA Insurance
FV Arafat At ,https://www.facebook.com/fv.arafat.at,"Lives in Narayanganj, From Narayanganj, 7 January 2007",,,
Firoz Khan ,https://www.facebook.com/firozkhan203,Male,,,
Snjaykumar Mandal ,https://www.facebook.com/snjaykumar.mandal,Male,,,
Lateef G ,https://www.facebook.com/lateef.g.160988,"Lives in Karachi, Pakistan",,,
শফিক শেখ ,https://www.facebook.com/profile.php?id=61555491053554,,,,
Tøxïç Smãrtêr ,https://www.facebook.com/profile.php?id=100084060164487,"Lives in Gaza City, From Gaza City",,Kiurani boys high school,
Indrajit Debnath ,https://www.facebook.com/indrajit.debnath.37201901,,,,
Md Kabir Khan ,https://www.facebook.com/md.kabir.khan.560556,"Lives in Taiz, Yemen",,Shambhupur High school,
বিজয় কুমার ,https://www.facebook.com/bijoy.kumar.639126,"Lives in Naogaon, Dhaka, Bangladesh, From Rajshahi, Single",,মহাদেবপুর কৃষি এন্ড কারিগরি কলেজ,
Umang Diwana ,https://www.facebook.com/umang.diwana,,,,
Thakur Thakur ,https://www.facebook.com/thakur.thakur.241174,,,,
Yam Bahadaur Dhami ( D /C ) ,https://www.facebook.com/ArjunDhami0,"Lives in Kailali, Nepal, From Kathmandu, Nepal, Married",,,
Dilip Gar ,https://www.facebook.com/dilip.gar.2025,,,,
Dhiraj Negi Dhiraj Negi ,https://www.facebook.com/dhirajnegi.dhirajnegi.5,"Lives in Delhi, India, From Delhi, India",,,
Shankar Lala ,https://www.facebook.com/profile.php?id=61555327406963,,,,
Thootha Miah ,https://www.facebook.com/thootha.miah,Male,,,
Pravee Praveen ,https://www.facebook.com/profile.php?id=61555405868514,,,,
MD Jahed Hossain ,https://www.facebook.com/md.jahed.hossain.849420,,,,
Ramlal Ram ,https://www.facebook.com/profile.php?id=100073345556781,,,,
Malik Nadir ,https://www.facebook.com/profile.php?id=100080402094167,,,,
Shahida Khatun ,https://www.facebook.com/shahida.khatun.914979,,,,
Gajanan Kubade ,https://www.facebook.com/gajanan.kubade.967,Lives in Umarkhed,,,
Talib Talib ,https://www.facebook.com/profile.php?id=61555074520079,,,,
Indrajit Kumar ,https://www.facebook.com/indrajit.kumar.248397,,,,
Zenal Malio ,https://www.facebook.com/profile.php?id=100086067056058,,,,
Md Manju Biswas Biswas ,https://www.facebook.com/mdmanjubiswas.biswas,Male,,,
Rakesh Kumar Sahu ,https://www.facebook.com/rakesh.kumar.sahu.717742,"Lives in Belsand, 1 January 1998, Male",,JLNM college nawahi sursand sitamarhi,
Ajo Ajo ,https://www.facebook.com/profile.php?id=100067755111432,,,,
Birensardar Sardar ,https://www.facebook.com/birensardar.sardar.90,,,,
Ikhlaq Khankhan ,https://www.facebook.com/profile.php?id=100095038185261,,,,
Moslem Mondal ,https://www.facebook.com/moslem.mondal.2025,"Lives in Kolkata, From Kolkata",,Berachampa,
Jaiver Ali ,https://www.facebook.com/jaiver.ali,1982,,,
Amjadali Amjadali ,https://www.facebook.com/profile.php?id=61551687893915,"Lives in Lahore, Pakistan, From Sheikhupura",,,Al Mulla Exchanges
Gul Zada ,https://www.facebook.com/profile.php?id=61553030066762,"Lives in Riyadh, Saudi Arabia, From Khas Dir, Pakistan, Married",,,
Muhammad Akram ,https://www.facebook.com/profile.php?id=100088297435784,"Lives in Lahore, Pakistan, From Tandlianwala",,,
Fahima Jannt ,https://www.facebook.com/profile.php?id=100092234543696,"Lives in Chittagong, Single, Female",,,
Argan Bhatti ,https://www.facebook.com/profile.php?id=61554517180005,,,,
Rohit Kumar Rohit Kumar ,https://www.facebook.com/profile.php?id=61555314783668,,,,
Akash Akash  (Akash Akash),https://www.facebook.com/profile.php?id=61554260633022,,,,
Thandapani ,https://www.facebook.com/profile.php?id=100089986166042,,,,
پرامن صادق آباد  ,https://www.facebook.com/pramansadiqabad,"Lives in Rahim Yar Khan, From Sadiqabad",,,
Sanjay Dutt ,https://www.facebook.com/sanjay.dutt.703001,,,,
Rakib Anser ,https://www.facebook.com/rakib.anser.2024,"Lives in Chittagong, From Patuakhali, 15 January 1988",,,"Govt.job
8 Jan 2024-present
 
 · 2 years, 8 months"
Muhammad Zahid ,https://www.facebook.com/profile.php?id=61553900127641,,,,
Aditya Bhai ,https://www.facebook.com/aditya.bhai.65410,,,,
रामरंग यादव ,https://www.facebook.com/ramaranga.yadava,"Lives in Lucknow, Uttar Pradesh, From Barabanki",,,
Alibddin Sk ,https://www.facebook.com/alibddin.sk.2025,,,,
Ramel Cagas ,https://www.facebook.com/ramel.cagas.2025,"Lives in Davao City, From Cebu City",,,
Motalep Molla ,https://www.facebook.com/profile.php?id=100090396881341,,,,
Arun Kushwaha ,https://www.facebook.com/arun.kushwaha.994258,,,,
Guddu Yadav ,https://www.facebook.com/guddu.ahiran.jii,,,,
Che Yu Young ,https://www.facebook.com/profile.php?id=61553915774823,"From Macao, China",,,Work Macau China
شاهید الله تنها ,https://www.facebook.com/profile.php?id=61555823098530,,,,
Alamgir Hossian Molla ,https://www.facebook.com/alamgir.hossian.molla,"Lives in Dhaka, Bangladesh, Married",,,"Riyadh, Saudi Arabia
22 Jan 2023-present
 
 · 3 years, 8 months"
Khokon Sk ,https://www.facebook.com/khokon.sk.923601,,,,
Jubed Haque ,https://www.facebook.com/jubed.haque.106848,"Lives in Tinsukia, From Makum-Junction, Assam, India, Male",,"Makum College, Makum",
Buddh Sen ,https://www.facebook.com/profile.php?id=100093185694547,,,,
Lakhman Sah ,https://www.facebook.com/lakhman.sah.426900,,,,
Lakkhon Ray ,https://www.facebook.com/lakkhon.ray.931845,,,,
Khanza Khenzo ,https://www.facebook.com/profile.php?id=61555744400355,"From Banyumas, Jawa Tengah, Indonesia, Engaged",,,
Basudev Daimary ,https://www.facebook.com/profile.php?id=100049556981714,"Lives in Hudukhata, Assam, India, From Hudukhata, Assam, India, Married",,,
Rama Kanta Baishya ,https://www.facebook.com/ramakanta.baishya.79,Lives in Nalbari,,,
Bharat Kumar ,https://www.facebook.com/bharat.kumar.932840,,,,
Sadiya Islam ,https://www.facebook.com/profile.php?id=61554830346976,"Lives in Dhaka, Bangladesh, From Dhaka, Bangladesh",,,
Radhe Radhe  (রাধে রাধে),https://www.facebook.com/radhe.radhe.222922,,,,
Roshan Ali Malik ,https://www.facebook.com/profile.php?id=100089354897387,,,,
Malik Arif ,https://www.facebook.com/profile.php?id=61555858880534,,,,
عبدالعزیز حسنی ,https://www.facebook.com/profile.php?id=100082576420438,,,,
Malik Waqas ,https://www.facebook.com/profile.php?id=61555604304654,,,,
Ravi Sharma Sharma ,https://www.facebook.com/profile.php?id=61555993790323,,,,
Ifeanyi Stanley ,https://www.facebook.com/profile.php?id=61555566606491,,,,
Tutu Sk ,https://www.facebook.com/tutu.sk.564,Single,,,"Kolkata hdd line
22 Mar 2023 - Present
 
 · 3 years, 6 months"
Shayan Bhagad ,https://www.facebook.com/profile.php?id=61555402303718,,,,
Najar Khan ,https://www.facebook.com/profile.php?id=100094585277734,,,,
Asif Khan ,https://www.facebook.com/profile.php?id=61555515393214,"From New York, New York",,,
Suresh Kumar ,https://www.facebook.com/profile.php?id=61554162899145,,,,
Vivo Yalgar ,https://www.facebook.com/profile.php?id=61550761836939,,,,
वीरेंद्र सिंह राजपूत  (Super hero gaming),https://www.facebook.com/90151vire,"Lives in Shimla, From Delhi, India, 1 January 2005",,,
Muhammad Hfeez ,https://www.facebook.com/profile.php?id=61555399430936,,,,
Deepak Paswan ,https://www.facebook.com/profile.php?id=61550642280905,,,,
Sagar Verma ,https://www.facebook.com/profile.php?id=61555262644840,,,,
Chando Kolhi ,https://www.facebook.com/profile.php?id=61554890817388,,,,
Jayesh Bagmare ,https://www.facebook.com/profile.php?id=100092981986948,,,,
অভিমানী ছেলে ,https://www.facebook.com/profile.php?id=61555333737027,,,,
Muhammad Tahir ,https://www.facebook.com/profile.php?id=61555560873989,,,,
ChauhanFitness Club  (Pawan Chauhan),https://www.facebook.com/profile.php?id=61555731086174,"Lives in Greater Noida, From Delhi, India, 11 August 1995, Single, Male",,"University of delhi, Vishwavidyalaya",
MD Meaning Make ,https://www.facebook.com/profile.php?id=100087193423958,,,,
Sahkil Sahkil ,https://www.facebook.com/profile.php?id=61555629683730,,,,
Shaik Farooq ,https://www.facebook.com/shaik.farooq.31521301,,,,
Md Al Amin Islam ,https://www.facebook.com/md.al.amin.islam.795840,"Lives in Dhaka, Bangladesh, Single",,,
Masood Hasan ,https://www.facebook.com/profile.php?id=61555765975800,,,,
Aadil Khan ,https://www.facebook.com/profile.php?id=61554197182935,,,,
Jane Jane ,https://www.facebook.com/profile.php?id=61555649938286,,,,
Sagor Islam ,https://www.facebook.com/shishir.veja.shokal.287220,Single,,,
Bintibhukkal Bintibhukkal ,https://www.facebook.com/ravi.bhokal.5,,,,
Salsa Agnia ,https://www.facebook.com/profile.php?id=100077171820403,,,,
Fiaj Khan Fiaj ,https://www.facebook.com/profile.php?id=100095064307463,,,,
Kayanat Khatun ,https://www.facebook.com/profile.php?id=61553233150000,,,,
Wasib Gull Marwat ,https://www.facebook.com/wasib.gull.marwat,,,,
Samina Khtoon ,https://www.facebook.com/profile.php?id=61553372387140,,,,
Kishan Kumar ,https://www.facebook.com/profile.php?id=61550527720421,"Lives in Gorakhpur, Single",,,Student
Md Manik Ahamed ,https://www.facebook.com/md.manik.ahamed.169507,"Lives in Dhaka, Bangladesh, From Marseille, France",,,
Sabir Sabir Khan ,https://www.facebook.com/profile.php?id=61555310117866,Lives in Bikaner,,,
Adv Suleman Khan ,https://www.facebook.com/manni.khan.5036,"Lives in Faisalabad, Single",,,"University of Agricultural Faisalabad
16 Dec 2019-present
 
 · 6 years, 9 months"
Malak Ameer ,https://www.facebook.com/malak.ameer.961,"Lives in Karachi, Pakistan",,,"Facebook
16 Jun 2019 - Present
 
 · 7 years, 3 months"
Qadeer Ahmed ,https://www.facebook.com/qadeer.ahmed.98837,,,,
Tahir Hussain ,https://www.facebook.com/Romanhussain21,"23 November 2005, Male",,GCT Faisalabad ( Govt. College of Technology Samanabad Fsd.),
Rana Ghulam Mustafa ,https://www.facebook.com/ranaghulammustafa.rana,"Lives in Faisalabad, From Faisalabad",,,
شیخ محمد حماد  (Maad),https://www.facebook.com/hammad068,"Lives in Islamabad, Pakistan, From Islamabad, Pakistan, 22 August 1999",,,"Practicing lawyer District Bar Association, Faisalabad, Pakistan
29 Jan 2022 - Present
 
 · 4 years, 8 months"
Rana Bilal Tahir ,https://www.facebook.com/profile.php?id=100084246823149,"Lives in Faisalabad, From Faisalabad",,,
Asad Tiwana ,https://www.facebook.com/asad.tiwana.79,"Lives in Shah Faisalabad, Punjab, Pakistan",,GC University Faisalabad,
Baber Sandhu ,https://www.facebook.com/babar.sindhu.370,"Married, Male",,,"Punjab Police (Pakistan)
Crime Control Department"
Maher Ejaz ,https://www.facebook.com/mhrijaz.hussain,"Lives in Chiniot, From Chiniot, Male",,,"The Citizen Grammar School And Academy
Owner and CEO
30 Dec 2024 - Present
 
 · 1 year, 8 months"
Ch Nasir ,https://www.facebook.com/ch.nasir.562329,Male,,,
Umar Rehman ,https://www.facebook.com/umar.rehman.31,"Lives in Shah Faisalabad, Punjab, Pakistan, From Faisalabad, 17 November 1988",,"University of Agriculture
School year 2009",
رانا سجاول ,https://www.facebook.com/profile.php?id=100007611348438,,,,
Waleed Waheed ,https://www.facebook.com/waleed.waheed.564,"Lives in Faisalabad, From Faisalabad",,,
Mudssar M Rafiq ,https://www.facebook.com/profile.php?id=100071898682764,From Faisalabad,,,Jaranwala
Shahbazz Afzall ,https://www.facebook.com/SheikhHajiMuhammadShahbazAfzal,"Lives in Faisalabad, Male",,,"Medical Technology
On 23 Apr 2022
 
 · 4 years, 5 months"
Mian Zaigham ,https://www.facebook.com/xute.mian.3,Lives in Faisalabad,,,
سمیع اللّٰہ ,https://www.facebook.com/waleedwaleedsamsami,31 December,,,
Ghulam Mustafa Gujjar ,https://www.facebook.com/profile.php?id=100007096536192,"Lives in Faisalabad, From Delhi, India",,,
Tayyab Tayyab ,https://www.facebook.com/tayyab.tayyab.834403,,,,
Raja Saen  (راجہ سائٻں),https://www.facebook.com/raja.waqasali.33,"Lives in Islamabad, Pakistan, From Islamabad, Pakistan, Married",,,
Ahmed Raza ,https://www.facebook.com/Ahmedintimater,"Lives in Faisalabad, From Faisalabad, Married",,,"Trust for Voluntarian Org.
Aug 1998 - Present
 
 · 28 years"
Ch M Mohsin Kamboh ,https://www.facebook.com/chm.mohsinkamboh.3,Male,,,
Hafiz Umair ,https://www.facebook.com/umair.masoom.9,Lives in Faisalabad,,,"Quran Teaching Online
23 Dec 2022-present
 
 · 3 years, 9 months"
Tehman Ali ,https://www.facebook.com/tehman.ali.50490,,,,
زاکر حسین زاکر حسین ,https://www.facebook.com/zakr.hsyn.zakr.hsyn.203418,,,,
Ali Hamza ,https://www.facebook.com/profile.php?id=100083058222641,"Lives in Lahore, Pakistan, Single",,Punjab Group Of Colleges,
Rana Sajjad Ahmed ,https://www.facebook.com/rana.sajjad.ahmed.712886,"Lives in Jaranwala, From Faisalabad, Family
2 family members, Male",,,"Sialkot Advocates
Lawyer"
Sheikh Ahmad Sheikh Ahmad ,https://www.facebook.com/sheikh.ahmad.sheikh.ahmad.49182,18 January 1995,,,
Bao Naseer Ahmad Rahmani ,https://www.facebook.com/bao.naseer.ahmad.rahmani,"Lives in Khobar, Saudi Arabia, Male",,,"Future professional work shop car servis electrical A.C air conditioning
16 Mar 2024-present
 
 · 2 years, 6 months"
M Abdullah ,https://www.facebook.com/profile.php?id=100088529716995,5 September,,,
چوھدری شوکت حیات چدھڑ ,https://www.facebook.com/billa.jee.10236115,"Lives in Faisalabad, From Tandlianwala, 15 February 1994, Male",,,
Khan Kaleem ,https://www.facebook.com/khan.kaleem.18773,"Lives in Vehoa Town, Punjab, Pakistan",,"""Govt. high school vehoa",
Rana Saeed Akhter ,https://www.facebook.com/rana.saeed.92372,"Lives in Lahore, Pakistan, From Faisalabad",,,
Abubakar Khan Khan ,https://www.facebook.com/abubakar.khan.khan.711513,,,,
Farooq Randhwa ,https://www.facebook.com/farooq.randhwa.1,"Lives in Mehrabpur, Sindh, Pakistan",,,"PML(N)
5 Oct 2019-present
 
 · 6 years, 11 months"
Malik Adrees ,https://www.facebook.com/malik.adrees.401793,"Lives in Faisalabad, From Faisalabad, 5 March 2002",,,
Adv Malik Ashraf ,https://www.facebook.com/malikashraf.malikashraf.1232,,,,
Muhammad Usman ,https://www.facebook.com/muhammad.usman.178038,Male,,,
Abu Haider Shamim ,https://www.facebook.com/abuhaider.shamim.9,Male,,,
Mian Zaid  (Zaidii),https://www.facebook.com/mian.zaid.3538,"Lives in Faisalabad, From Faisalabad, 12 July 1999",,,"GC University Faisalabad
Class Representative
25 May 2021 - Present
 
 · 5 years, 4 months"
Mehar Ali Gurdasspuriya  (پاکستان نظریاتی پارٹی),https://www.facebook.com/meharali.gurdasspuriya,"Lives in Faisalabad, From Jaranwala",,,
Khawaja Imran Naik ,https://www.facebook.com/khawaja.imran.naik,,,,
Muhammad Ibrahim ,https://www.facebook.com/muhammad.ibrahim.736460,,,,
Malik Noman ,https://www.facebook.com/malik.noman.542796,,,,
Rana Rizwan ,https://www.facebook.com/rana.rizwan.548174,"Lives in Sheikhupura, From Sialkot, Punjab",,,"NH&MP training college
Master Trainer to police officers
20 Oct 2016 - Present
 
 · 9 years, 11 months"
Atif Manj RajPoot ,https://www.facebook.com/atif.manj.rajpoot,Male,,,
Mujeeb Bhatti ,https://www.facebook.com/muhammad.mujeeb.e.mustafa,"Lives in Multan, From Multan",,The Islamia University of Bahawalpur Pakistan,Multan
رانااحسان یوسف علی خاں  (BaBlu),https://www.facebook.com/rana.ahsan.940436,"Lives in Shahr Sultan, Punjab, Pakistan, From Shahr Sultan, Punjab, Pakistan, 10 February 1994",,,"My Own Business Institute
Managing Director"
Hasnain Ali ,https://www.facebook.com/hasnain.ali.222662,,,,
Amir Sajid Malik  (ببرشیرر),https://www.facebook.com/amir.sajid.malik,"Lives in Gujranwala, Pakistan, From Gujranwala, Pakistan, Male",,,"Facebook
Software engineer"
Younis Fareed ,https://www.facebook.com/younis.fareed.441821,From Faisalabad,,,
Mudasar Abdullah ,https://www.facebook.com/mudasar.abdullah.676435,,,,
Ch Awais Maqsood Sidhu ,https://www.facebook.com/chawaismaqsood.sidhu,"Lives in Pattoki, From Bhopalwala, Punjab, Pakistan",,,"M.C Cattle & Dairy Farm Bhopay Wal Chak 23
13 Sep 2022-present
 
 · 4 years"
Sajid Hussain ,https://www.facebook.com/sajid.hussain.544378,"From Faisalabad, Male",,,"Gohar Textile Mill khuriyanwala Faisalabad
20 Apr 2023-present
 
 · 3 years, 5 months"
Muhammad Faisal ,https://www.facebook.com/muhammad.faisal.59550,,,,
Muzammal Hussain ,https://www.facebook.com/profile.php?id=100038772434104,"Lives in Faisalabad, From Sheikhupura",,Panjab College,
Raja Mst ,https://www.facebook.com/raja.mst.39,"Lives in Riyadh, Saudi Arabia, From Faisalabad",,,
Rana Arslan Shami ,https://www.facebook.com/ranaarslan.ranaarslan.12327,Male,,Govt Islamia College Faisalabad,
DrMalik Malik ,https://www.facebook.com/drmalik.malik.5,"Lives in Chittagong, From Islamabad, Pakistan, Family
Malik Abdul, , ",,,"Rawalpindi, Pakistan"
Faraz Khan ,https://www.facebook.com/faraz.khan.253888,,,,
Tayyab Malik ,https://www.facebook.com/tayyanmalik786,"Lives in Faisalabad, Male",,,
Saqib Naveed Anjum Mughal ,https://www.facebook.com/thqbmglazdkhshmyr,"From Muzaffarabad, 1 March 1992, Married",,,
Rana Husnain  (Honey),https://www.facebook.com/husnain.sajid.115,Lives in Faisalabad,,,
Aisa Yousaf ,https://www.facebook.com/aisa.yousaf,"Lives in Okara, Pakistan, From Okara, Pakistan",,,
Mian Shabir Ch ,https://www.facebook.com/mian.shabir.ch.2025,Male,,,
Malik Hasnin Malik Tahir ,https://www.facebook.com/malikhasnin.maliktahir,,,,
Ali Ali ,https://www.facebook.com/profile.php?id=100074135025959,26 October 1980,,,
Rao Naeem Raza ,https://www.facebook.com/raonaeem.raza.79,"Lives in Pakpattan, From Pakpattan, Male",,Govt High School Pakpattan Sharif,
Shan Gujjar ,https://www.facebook.com/profile.php?id=61555389392556,,,,
Aqeel Jan ,https://www.facebook.com/aqeel.jan.338211,28 August 2000,,,
Malik Iqbal Waseer ,https://www.facebook.com/iqbal.waseer.988,,,,
Muhammad Akhtar Bou G ,https://www.facebook.com/muhammadakhtar.boug,Male,,,
Ali Shahwez Malik ,https://www.facebook.com/profile.php?id=100074379310867,9 May 2000,,,
Zohaib Kambo ,https://www.facebook.com/profile.php?id=100091560445208,,,,
Ali Abid  (یااللہ تیرا شکر ہے),https://www.facebook.com/ali.abid.510179,"Lives in Rahim Yar Khan, From Lahore, Pakistan",,,M.D At My own Business.
Hasn Alli Hasn Alli ,https://www.facebook.com/profile.php?id=100081466767674,,,,
Shabbir Hussain ,https://www.facebook.com/profile.php?id=100026706360976,,,,
Muhammad Danish ,https://www.facebook.com/muhammad.danish.765611,,,,
M Faheem Shakir ,https://www.facebook.com/profile.php?id=100089595357430,,,,
Abdul Aman ,https://www.facebook.com/profile.php?id=61554383293009,,,,
Kaleem Khan ,https://www.facebook.com/kaleem.khan.485760,"Lives in Dera Ghazi Khan, From Dera Ghazi Khan, Male",,,
نبی احمد سراء ,https://www.facebook.com/nbyahmdsra,,,,
Muhammad Riaz ,https://www.facebook.com/muhammadriaz.mriaz.3,"Lives in Pakpattan, From Rakh Pakpattan, Punjab, Pakistan, 1992",,,
Jajijaji Aliali ,https://www.facebook.com/profile.php?id=61555207851925,"Lives in Faisalabad, From Quezon City, Philippines, 21 August 1986",,,
Hafeez Gujjar ,https://www.facebook.com/hafeez.gujjar.12139,"Lives in Lahore, Pakistan, From Lahore, Pakistan",,,Social Worker
Ahmad Mustafa ,https://www.facebook.com/profile.php?id=61551475113350,,,,
Mumtaz Satti ,https://www.facebook.com/mumtaz.satti.677123,,,,
Zawarqaisar Abbasjaffri ,https://www.facebook.com/profile.php?id=61552673122979,"Lives in Faisalabad, From Faisalabad, 31 December 1997",,,
Muhammad Yaseen ,https://www.facebook.com/profile.php?id=100076631917377,,,,
Asif Butt ,https://www.facebook.com/asif.butt.1257,,,,
Waseem Shahzad ,https://www.facebook.com/profile.php?id=100044012002159,,,,
Asmat Ullha ,https://www.facebook.com/asmat.ullha.35110,,,,
Yesir Jutt ,https://www.facebook.com/profile.php?id=61553737662030,,,,
طلحہ کموکا ,https://www.facebook.com/talha.kamoka.77,"Lives in Faisalabad, From Faisalabad, 28 April 2005",,,"Studying
19 May 2023 - Present
 
 · 3 years, 4 months"
Sami Ali ,https://www.facebook.com/profile.php?id=61555416522708,,,,
Ali Zaman ,https://www.facebook.com/ali.zaman.528609,"Lives in Dammam, Saudi Arabia, From Karachi, Pakistan",,,
Danish Ali ,https://www.facebook.com/ali.sonehri,"Lives in Choa Saidan Shah, 26 February 1993, Male",,,
Abid Hussain ,https://www.facebook.com/profile.php?id=100023325781555,Male,,,
Hafiz Muhammad Saddam ,https://www.facebook.com/hafizmuhammad.saddam,,,,
Waheed Dhillon ,https://www.facebook.com/waheeddhilon.waheeddhilon,,,,
Irshad Ahmad ,https://www.facebook.com/irshad.ahmad.447483,"Lives in Faisalabad, From Faisalabad, Family
Mirza Azeem Irshad, , ",,,"Metropolitan Corporation Faisalabad
Superintendent
4 Oct 2025-5 Oct 2025"
Ahmed Bhai ,https://www.facebook.com/profile.php?id=100088745145135,,,,
Asif Ali Jutt ,https://www.facebook.com/profile.php?id=61553895616116,,,,
Agha Bilal Ali ,https://www.facebook.com/agha.bilalali.75,Lives in Faisalabad,,,"Pakistan Peoples Party - PPP
1 Jul 2021-present
 
 · 5 years, 2 months"
Shabeer Dawood ,https://www.facebook.com/profile.php?id=100085945796978,,,,
Janhger Khan ,https://www.facebook.com/janhger.khan.719400,,,,
Bilal Raza Lucky  (Bilal Raza),https://www.facebook.com/bilal.razalucky,"Lives in Faisalabad, From Faisalabad, Single, Urdu",,gorment degree college,
Imtiaz Cmmando Commando ,https://www.facebook.com/profile.php?id=100082245807557,"Lives in Faisalabad, From Faisalabad",,,"Shakeel Jutt ""Late"" International Kabadi Player
On 20 Nov 2023
 
 · 2 years, 10 months"
Mian Khuram ,https://www.facebook.com/mian.khuram.528,"Lives in Faisalabad, From Faisalabad, Male",,,"Facebook
Software engineer"
Habib Mian ,https://www.facebook.com/habib.mian.14,,,,
Tayyab Raja ,https://www.facebook.com/profile.php?id=61555688279180,Male,,,
Shakoor Salfi ,https://www.facebook.com/profile.php?id=61551862060279,,,,
Shahzad Gujjar ,https://www.facebook.com/profile.php?id=100038125480516,"Lives in Islamabad, Pakistan",,,
Kala Kambho ,https://www.facebook.com/profile.php?id=61555374511633,,,,
Usman Usman ,https://www.facebook.com/profile.php?id=100072833394835,,,,
Numan Rajpoot ,https://www.facebook.com/profile.php?id=100071318535805,"Lives in Faisalabad, From Faisalabad",,,"Khanqah Shareef Ghakkhar
1 Nov 2024 - Present
 
 · 1 year, 10 months"
Ahmad Amir ,https://www.facebook.com/profile.php?id=61552526883176,3 March 2005,,,
M Sajid Cheema ,https://www.facebook.com/msajid.cheema.7,,,,
ماسٹر ندیم ,https://www.facebook.com/profile.php?id=61551507511787,,,,
Moazzam Waseer ,https://www.facebook.com/moazzam.waseer.7,"Lives in Faisalabad, From Faisalabad, Married",,,Lawyer
Abdullah Naveed ,https://www.facebook.com/abdullah.naveed.773981,"Lives in Faisalabad, From Faisalabad, Male",,Govt. Municipal Degree College Faisalabad,
M Irshad M Irshad ,https://www.facebook.com/profile.php?id=100039982703677,,,,
Raza Ullah ,https://www.facebook.com/raza.ullah.211316,"From Karachi, Pakistan",,,"Mechanical Technician
11 Jul 2024 - Present
 
 · 2 years, 2 months"
Haider Ali ,https://www.facebook.com/haider.ali.291646,Lives in Faisalabad,,,
Chand Chand Ali ,https://www.facebook.com/chand.chandali.7967747,,,,
Shahbaz Ansari ,https://www.facebook.com/profile.php?id=100034613952312,"From Faisalabad, 8 October 1987, Male",,,
Muhammad Akmal ,https://www.facebook.com/Makaml99,,,,
Najam Ali Najam Ali ,https://www.facebook.com/najam.ali.najam.ali.353856,,,,
Abdul Hakim Khattak ,https://www.facebook.com/abdulhakim.khattak.5,"From Dammam, Saudi Arabia, Male",,,
Muhammad Riaz Riaz ,https://www.facebook.com/muhammad.riaz.riaz.681411,"Lives in Faisalabad, From Faisalabad",,,
Waseem Waseem ,https://www.facebook.com/profile.php?id=100038985901875,,,,
Waqas Bhai ,https://www.facebook.com/waqas.bhai.462245,Lives in Faisalabad,,,
Faisal Ch ,https://www.facebook.com/profile.php?id=61555503097135,,,,
Shshidpatwari Shahidpatwsri ,https://www.facebook.com/shshidpatwari.shahidpatwsri,Lives in Faisalabad,,Govt. High School Salarwala,
Mazher Ali ,https://www.facebook.com/profile.php?id=100072464599091,,,,
